validation_year,match_id,match_date,home_team_id,away_team_id,result,elo_diff,p_away,p_draw,p_home,predicted_class,max_p,p_true,nll,brier,abs_elo_diff,round,home_team,away_team,season_phase,home_season_appearance,away_season_appearance,home_first5,away_first5,any_team_first5,both_team_first5,home_status,away_status,promoted_involved,returning_involved,established_only,home_favorite,away_favorite,near_even
2020,22783,2020-02-21,team_0026,team_0030,0,-37.713203474455895,0.39819233365307738,0.24018201622949978,0.36162565011742287,0,0.39819233365307738,0.39819233365307738,0.92082014004094559,0.55063297901684538,37.713203474455895,1,湘南,浦和,opening,1,1,1,1,1,1,ESTABLISHED,ESTABLISHED,0,0,1,0,1,1
2020,22784,2020-02-22,team_0024,team_0018,1,66.177273237998634,0.30312118260578069,0.24053639505978264,0.45634242233443667,2,0.45634242233443667,0.24053639505978264,1.424883870075766,0.87691582499517895,66.177273237998634,1,仙台,名古屋,opening,1,1,1,1,1,1,ESTABLISHED,ESTABLISHED,0,0,1,1,0,0
2020,22785,2020-02-22,team_0009,team_0023,2,-17.687805487341393,0.37921472795457201,0.24115327116503318,0.37963200088039473,2,0.37963200088039473,0.37963200088039473,0.96855291421789191,0.5868151644229187,17.687805487341393,1,柏,札幌,opening,1,1,1,1,1,1,RETURNING,ESTABLISHED,1,1,0,1,0,1
2020,22786,2020-02-22,team_0010,team_0029,1,234.06390825879384,0.1772006263253304,0.21903941714610603,0.60375995652856351,2,0.60375995652856351,0.21903941714610603,1.5185035783928267,1.0058255790489559,234.06390825879384,1,川崎Ｆ,鳥栖,opening,1,1,1,1,1,1,ESTABLISHED,ESTABLISHED,0,0,1,1,0,0
2020,22787,2020-02-22,team_0002,team_0020,2,118.1858490758791,0.25979054584585187,0.23649335025731422,0.50371610389683397,2,0.50371610389683397,0.50371610389683397,0.68574245553486224,0.36971793795815244,118.1858490758791,1,Ｃ大阪,大分,opening,1,1,1,1,1,1,ESTABLISHED,ESTABLISHED,0,0,1,1,0,0
2020,22788,2020-02-23,team_0025,team_0003,0,-148.55746625060988,0.50510867930180736,0.22737491703846241,0.26751640365973028,0,0.50510867930180736,0.50510867930180736,0.68298166632215007,0.36818179842768478,148.55746625060988,1,清水,FC東京,opening,1,1,1,1,1,1,ESTABLISHED,ESTABLISHED,0,0,1,0,1,0
2020,22789,2020-02-23,team_0033,team_0005,0,97.097511407537013,0.27693967582007245,0.23845238725526732,0.48460793692466037,2,0.48460793692466037,0.27693967582007245,1.2839555733344574,0.81452062592129348,97.097511407537013,1,横浜FM,Ｇ大阪,opening,1,1,1,1,1,1,ESTABLISHED,ESTABLISHED,0,0,1,1,0,0
2020,22790,2020-02-23,team_0006,team_0008,2,-86.59028871331634,0.44521019244371779,0.23603263766983873,0.31875716988644348,0,0.44521019244371779,0.31875716988644348,1.1433256890010908,0.71801531508228156,86.59028871331634,1,広島,鹿島,opening,1,1,1,1,1,1,ESTABLISHED,ESTABLISHED,0,0,1,0,1,0
2020,22791,2020-02-23,team_0011,team_0032,1,42.950526082202941,0.3235247631092335,0.24145773534310469,0.43501750154766183,2,0.43501750154766183,0.24145773534310469,1.4210608301366032,0.86929486626846708,42.950526082202941,1,神戸,横浜FC,opening,1,1,1,1,1,1,ESTABLISHED,FIRST_TIME_IN_SCOPE,1,0,0,1,0,0
2020,23898,2020-07-04,team_0032,team_0023,0,-7.1886944547031817,0.36936275311605277,0.24148988591008699,0.38914736097386027,2,0.38914736097386027,0.36936275311605277,0.99597604706401788,0.60745637070715131,7.1886944547031817,2,横浜FC,札幌,opening,2,2,1,1,1,1,FIRST_TIME_IN_SCOPE,ESTABLISHED,1,0,0,1,0,1
2020,23899,2020-07-04,team_0025,team_0018,0,21.791256158568103,0.34259788106552197,0.24180086123571634,0.41560125769876177,2,0.41560125769876177,0.34259788106552197,1.071197877975453,0.66336960787466848,21.791256158568103,2,清水,名古屋,opening,2,2,1,1,1,1,ESTABLISHED,ESTABLISHED,0,0,1,1,0,0
2020,23900,2020-07-04,team_0005,team_0002,0,-25.650681132782893,0.38673378574418776,0.24081866332072277,0.37244755093508936,0,0.38673378574418776,0.38673378574418776,0.95001871479258948,0.57280625634878146,25.650681132782893,2,Ｇ大阪,Ｃ大阪,opening,2,2,1,1,1,1,ESTABLISHED,ESTABLISHED,0,0,1,0,1,1
2020,23901,2020-07-04,team_0020,team_0029,2,29.237715972091337,0.33583650529399689,0.24173464878119763,0.42242884592480545,2,0.42242884592480545,0.42242884592480545,0.86173425838009865,0.50481023672920589,29.237715972091337,2,大分,鳥栖,opening,2,2,1,1,1,1,ESTABLISHED,ESTABLISHED,0,0,1,1,0,0
2020,23902,2020-07-04,team_0030,team_0033,1,-152.64598130214381,0.50903315210536204,0.22668148680666395,0.26428536108797401,0,0.50903315210536204,0.22668148680666395,1.4842093886468914,0.92698302487527329,152.64598130214381,2,浦和,横浜FM,opening,2,2,1,1,1,1,ESTABLISHED,ESTABLISHED,0,0,1,0,1,0
2020,23903,2020-07-04,team_0009,team_0003,0,-118.10639466323801,0.47573128588734326,0.23207774231787026,0.29219097179478648,0,0.47573128588734326,0.47573128588734326,0.74290210960195968,0.41409332707508012,118.10639466323801,2,柏,FC東京,opening,2,2,1,1,1,1,RETURNING,ESTABLISHED,1,1,0,0,1,0
2020,23904,2020-07-04,team_0010,team_0008,2,28.419290893588595,0.33657710781074651,0.2417448332455906,0.42167805894366278,2,0.42167805894366278,0.42167805894366278,0.86351314959588732,0.50618098141035484,28.419290893588595,2,川崎Ｆ,鹿島,opening,2,2,1,1,1,1,ESTABLISHED,ESTABLISHED,0,0,1,1,0,0
2020,23905,2020-07-04,team_0026,team_0024,0,-55.234624505833153,0.4149591849119012,0.2389811080293586,0.34605970705874017,0,0.4149591849119012,0.4149591849119012,0.87957511319795534,0.51914204616346804,55.234624505833153,2,湘南,仙台,opening,2,2,1,1,1,1,ESTABLISHED,ESTABLISHED,0,0,1,0,1,0
2020,23906,2020-07-04,team_0011,team_0006,0,-58.728391391157174,0.41831684782040979,0.23870291513454753,0.3429802370450426,0,0.41831684782040979,0.41831684782040979,0.87151612446147642,0.51296981422678889,58.728391391157174,2,神戸,広島,opening,2,2,1,1,1,1,ESTABLISHED,ESTABLISHED,0,0,1,0,1,0
2020,23907,2020-07-08,team_0024,team_0030,0,-2.8132068102975154,0.36527951807275388,0.24159499816118771,0.39312548376605827,2,0.39312548376605827,0.36527951807275388,1.0070924155380476,0.61578587930075712,2.8132068102975154,3,仙台,浦和,opening,3,3,1,1,1,1,ESTABLISHED,ESTABLISHED,0,0,1,1,0,1
2020,23908,2020-07-08,team_0002,team_0025,2,224.72216445732056,0.18308909403710782,0.22080484854349827,0.59610605741939393,2,0.59610605741939393,0.59610605741939393,0.51733667905751912,0.24540671434895206,224.72216445732056,3,Ｃ大阪,清水,opening,3,3,1,1,1,1,ESTABLISHED,ESTABLISHED,0,0,1,1,0,0
2020,23909,2020-07-08,team_0009,team_0032,0,11.070492313051318,0.35241944408458808,0.24179148767277861,0.40578906824263328,2,0.40578906824263328,0.35241944408458808,1.0429332102657918,0.64248846781595392,11.070492313051318,3,柏,横浜FC,opening,3,3,1,1,1,1,RETURNING,FIRST_TIME_IN_SCOPE,1,1,0,1,0,0
2020,23910,2020-07-08,team_0008,team_0023,0,113.03784905892144,0.2639213309620399,0.2370104967309884,0.49906817230697165,2,0.49906817230697165,0.2639213309620399,1.3321042090234514,0.84705482318318592,113.03784905892144,3,鹿島,札幌,opening,3,3,1,1,1,1,ESTABLISHED,ESTABLISHED,0,0,1,1,0,0
2020,23911,2020-07-08,team_0033,team_0026,2,252.57169382535403,0.16594074629023503,0.21539240894150524,0.61866684476825973,2,0.61866684476825973,0.61866684476825973,0.48018836642441215,0.21934519638797931,252.57169382535403,3,横浜FM,湘南,opening,3,3,1,1,1,1,ESTABLISHED,ESTABLISHED,0,0,1,1,0,0
2020,23912,2020-07-08,team_0006,team_0020,0,100.31022231142333,0.27428865423262749,0.23818143779519235,0.48752990797218027,2,0.48752990797218027,0.27428865423262749,1.2935742445166121,0.82107276585303846,100.31022231142333,3,広島,大分,opening,3,3,1,1,1,1,ESTABLISHED,ESTABLISHED,0,0,1,1,0,0
2020,23913,2020-07-08,team_0029,team_0011,0,-45.288302190417426,0.40542520377213298,0.239702747395381,0.35487204883248613,0,0.40542520377213298,0.40542520377213298,0.90281887676319028,0.53691076646086988,45.288302190417426,3,鳥栖,神戸,opening,3,3,1,1,1,1,ESTABLISHED,ESTABLISHED,0,0,1,0,1,0
2020,23914,2020-07-08,team_0003,team_0010,0,-42.259808654107019,0.40253038426694548,0.2399016820343601,0.35756793369869427,0,0.40253038426694548,0.40253038426694548,0.90998469611068333,0.54237758597667285,42.259808654107019,3,FC東京,川崎Ｆ,opening,3,3,1,1,1,1,ESTABLISHED,ESTABLISHED,0,0,1,0,1,1
2020,23915,2020-07-08,team_0018,team_0005,1,-133.32500931543268,0.49044053168511392,0.22983122943493259,0.27972823887995357,0,0.49044053168511392,0.22983122943493259,1.4704100244764857,0.91193973790016503,133.32500931543268,3,名古屋,Ｇ大阪,opening,3,3,1,1,1,1,ESTABLISHED,ESTABLISHED,0,0,1,0,1,0
2020,23916,2020-07-11,team_0010,team_0009,2,238.04696146613628,0.17473181325661175,0.21827089315847117,0.60699729358491705,2,0.60699729358491705,0.60699729358491705,0.49923094660652095,0.23262451661372005,238.04696146613628,4,川崎Ｆ,柏,opening,4,4,1,1,1,1,ESTABLISHED,RETURNING,1,1,0,1,0,0
2020,23917,2020-07-11,team_0020,team_0011,1,2.6420332810823766,0.36020850580967251,0.24169705282145693,0.39809444136887057,2,0.39809444136887057,0.24169705282145693,1.4200701848867316,0.8632527116060944,2.6420332810823766,4,大分,神戸,opening,4,4,1,1,1,1,ESTABLISHED,ESTABLISHED,0,0,1,1,0,1
2020,23918,2020-07-12,team_0032,team_0024,1,32.107059825365923,0.33324504383127146,0.24169328417955324,0.42506167198917533,2,0.42506167198917533,0.24169328417955324,1.4200857774280602,0.86675875949073111,32.107059825365923,4,横浜FC,仙台,opening,4,4,1,1,1,1,FIRST_TIME_IN_SCOPE,ESTABLISHED,1,0,0,1,0,0
2020,23919,2020-07-12,team_0025,team_0005,0,-161.43722151924476,0.51744986909929325,0.22514305780803145,0.2574070730926753,0,0.51744986909929325,0.51744986909929325,0.65884262984065445,0.34980242658957766,161.43722151924476,4,清水,Ｇ大阪,opening,4,4,1,1,1,1,ESTABLISHED,ESTABLISHED,0,0,1,0,1,0
2020,23920,2020-07-12,team_0029,team_0006,1,-139.1547516278697,0.49606214421873907,0.22891518806800346,0.27502266771325751,0,0.49606214421873907,0.22891518806800346,1.4744037018089229,0.91628690587521233,139.1547516278697,4,鳥栖,広島,opening,4,4,1,1,1,1,ESTABLISHED,ESTABLISHED,0,0,1,0,1,0
2020,23921,2020-07-12,team_0030,team_0008,2,-101.67671773053257,0.45982052916190697,0.23425980920832273,0.3059196616297703,0,0.45982052916190697,0.3059196616297703,1.1844327551939464,0.74806009336118828,101.67671773053257,4,浦和,鹿島,opening,4,4,1,1,1,1,ESTABLISHED,ESTABLISHED,0,0,1,0,1,0
2020,23922,2020-07-12,team_0026,team_0023,1,-161.27398905279733,0.51729388259297027,0.22517220339723032,0.25753391400979936,0,0.51729388259297027,0.22517220339723032,1.4908898210753427,0.93427479222161947,161.27398905279733,4,湘南,札幌,opening,4,4,1,1,1,1,ESTABLISHED,ESTABLISHED,0,0,1,0,1,0
2020,23923,2020-07-12,team_0002,team_0018,0,205.6537817488736,0.19553558484775474,0.22423780987467423,0.58022660527757108,2,0.58022660527757108,0.19553558484775474,1.6320128964386791,1.0341085040955689,205.6537817488736,4,Ｃ大阪,名古屋,opening,4,4,1,1,1,1,ESTABLISHED,ESTABLISHED,0,0,1,1,0,0
2020,23924,2020-07-12,team_0033,team_0003,0,28.283403951316131,0.33670013478362126,0.24174645481369728,0.42155341040268135,2,0.42155341040268135,0.33670013478362126,1.0885625525074329,0.67611533743318863,28.283403951316131,4,横浜FM,FC東京,opening,4,4,1,1,1,1,ESTABLISHED,ESTABLISHED,0,0,1,1,0,0
2020,23925,2020-07-18,team_0024,team_0023,1,-78.188452092301986,0.43708333159097401,0.23692147974732197,0.32599518866170396,0,0.43708333159097401,0.23692147974732197,1.4400265018250149,0.879603529856262,78.188452092301986,5,仙台,札幌,opening,5,5,1,1,1,1,ESTABLISHED,ESTABLISHED,0,0,1,0,1,0
2020,23926,2020-07-18,team_0008,team_0033,2,-22.360774999057412,0.38362260978373974,0.24096518819651919,0.37541220201974101,0,0.38362260978373974,0.37541220201974101,0.9797306513096492,0.59534044604570013,22.360774999057412,5,鹿島,横浜FM,opening,5,5,1,1,1,1,ESTABLISHED,ESTABLISHED,0,0,1,0,1,1
2020,23927,2020-07-18,team_0018,team_0029,2,30.898069868072298,0.33433598727016994,0.24171178588188921,0.42395222684794076,2,0.42395222684794076,0.42395222684794076,0.85813450262664703,0.50203617677157775,30.898069868072298,5,名古屋,鳥栖,opening,5,5,1,1,1,1,ESTABLISHED,ESTABLISHED,0,0,1,1,0,0
2020,23928,2020-07-18,team_0009,team_0026,2,72.198471955298601,0.29793126177369939,0.24020623021323403,0.46186250801306661,2,0.46186250801306661,0.46186250801306661,0.77248803389589193,0.43605403005730858,72.198471955298601,5,柏,湘南,opening,5,5,1,1,1,1,RETURNING,ESTABLISHED,1,1,0,1,0,0
2020,23929,2020-07-18,team_0003,team_0030,2,117.78377787779527,0.2601118527639657,0.23653463066866209,0.50335351656737215,2,0.50335351656737215,0.50335351656737215,0.68646253950475133,0.37026453695985884,117.78377787779527,5,FC東京,浦和,opening,5,5,1,1,1,1,ESTABLISHED,ESTABLISHED,0,0,1,1,0,0
2020,23930,2020-07-18,team_0005,team_0020,2,73.290507477355504,0.29699458288259845,0.24014237775092939,0.46286303936647227,2,0.46286303936647227,0.46286303936647227,0.77032407996021235,0.43439025833210254,73.290507477355504,5,Ｇ大阪,大分,opening,5,5,1,1,1,1,ESTABLISHED,ESTABLISHED,0,0,1,1,0,0
2020,23931,2020-07-18,team_0011,team_0025,2,130.80379527687455,0.24982227683914995,0.23512240573131735,0.51505531742953259,2,0.51505531742953259,0.51505531742953259,0.66348097160217945,0.35286506083535052,130.80379527687455,5,神戸,清水,opening,5,5,1,1,1,1,ESTABLISHED,ESTABLISHED,0,0,1,1,0,0
2020,23932,2020-07-18,team_0006,team_0002,0,-40.345414082615662,0.40070262087877451,0.24002240392219118,0.35927497519903429,0,0.40070262087877451,0.40070262087877451,0.91453572061080612,0.54584661081042407,40.345414082615662,5,広島,Ｃ大阪,opening,5,5,1,1,1,1,ESTABLISHED,ESTABLISHED,0,0,1,0,1,1
2020,23933,2020-07-18,team_0032,team_0010,0,-214.98974870996085,0.5678293963561355,0.21448989378754932,0.21768070985631516,0,0.5678293963561355,0.5678293963561355,0.56593426390557311,0.28016223663444567,214.98974870996085,5,横浜FC,川崎Ｆ,opening,5,5,1,1,1,1,FIRST_TIME_IN_SCOPE,ESTABLISHED,1,0,0,0,1,0
2020,23934,2020-07-22,team_0033,team_0032,2,139.11390758005405,0.2433810852969997,0.23414114655153398,0.5224777681514664,2,0.5224777681514664,0.5224777681514664,0.64917284504081385,0.34208391109841702,139.11390758005405,6,横浜FM,横浜FC,middle,6,6,0,0,0,0,ESTABLISHED,FIRST_TIME_IN_SCOPE,1,0,0,1,0,0
2020,23935,2020-07-22,team_0026,team_0008,2,-227.25423379512381,0.57908823281313582,0.21177354379973248,0.20913822338713167,0,0.57908823281313582,0.20913822338713167,1.5647598896974857,1.0056535649434002,227.25423379512381,6,湘南,鹿島,middle,6,6,0,0,0,0,ESTABLISHED,ESTABLISHED,0,0,1,0,1,0
2020,23936,2020-07-22,team_0005,team_0006,2,40.502255196199258,0.32570910785427493,0.24152183667494853,0.43276905547077654,2,0.43276905547077654,0.43276905547077654,0.83755105245614792,0.48617016496158316,40.502255196199258,6,Ｇ大阪,広島,middle,6,6,0,0,0,0,ESTABLISHED,ESTABLISHED,0,0,1,1,0,0
2020,23937,2020-07-22,team_0029,team_0025,1,33.580882541636583,0.33191703770419778,0.24166861855978086,0.42641434373602138,2,0.42641434373602138,0.24166861855978086,1.4201878360290958,0.86706459653918289,33.580882541636583,6,鳥栖,清水,middle,6,6,0,0,0,0,ESTABLISHED,ESTABLISHED,0,0,1,1,0,0
2020,23938,2020-07-22,team_0023,team_0003,1,-90.651057375881464,0.44914129234248573,0.23557761506268787,0.31528109259482634,0,0.44914129234248573,0.23557761506268787,1.4457148441860448,0.88547165042811404,90.651057375881464,6,札幌,FC東京,middle,6,6,0,0,0,0,ESTABLISHED,ESTABLISHED,0,0,1,0,1,0
2020,23939,2020-07-22,team_0024,team_0010,0,-248.42456693217969,0.59821908337008334,0.20687790905988265,0.19490300757003401,0,0.59821908337008334,0.59821908337008334,0.51379823197435781,0.24221355658480986,248.42456693217969,6,仙台,川崎Ｆ,middle,6,6,0,0,0,0,ESTABLISHED,ESTABLISHED,0,0,1,0,1,0
2020,23940,2020-07-22,team_0030,team_0009,0,51.993434660299044,0.31551094006506036,0.24116610937826791,0.44332295055667165,2,0.44332295055667165,0.31551094006506036,1.153561922276972,0.72322160397354107,51.993434660299044,6,浦和,柏,middle,6,6,0,0,0,0,ESTABLISHED,RETURNING,1,1,0,1,0,0
2020,23941,2020-07-22,team_0002,team_0011,1,104.11887009550878,0.27116353212133332,0.23784728794285484,0.49098917993581187,2,0.49098917993581187,0.23784728794285484,1.43612645855332,0.89547679246262002,104.11887009550878,6,Ｃ大阪,神戸,middle,6,6,0,0,0,0,ESTABLISHED,ESTABLISHED,0,0,1,1,0,0
2020,23942,2020-07-22,team_0020,team_0018,0,39.397692674051314,0.32669659812528951,0.24154867636277194,0.43175472551193866,2,0.43175472551193866,0.32669659812528951,1.118723373268967,0.69809537703055458,39.397692674051314,6,大分,名古屋,middle,6,6,0,0,0,0,ESTABLISHED,ESTABLISHED,0,0,1,1,0,0
2020,23943,2020-07-26,team_0023,team_0033,2,-67.446020224582981,0.42671169744926563,0.23795323257886189,0.3353350699718724,0,0.42671169744926563,0.3353350699718724,1.0926250381614107,0.68048408284405926,67.446020224582981,7,札幌,横浜FM,middle,7,7,0,0,0,0,ESTABLISHED,ESTABLISHED,0,0,1,0,1,0
2020,23944,2020-07-26,team_0032,team_0030,0,-23.566740910132694,0.38476231938699845,0.24091282964911662,0.3743248509638849,0,0.38476231938699845,0.38476231938699845,0.95512948757627592,0.57667548918474454,23.566740910132694,7,横浜FC,浦和,middle,7,7,0,0,0,0,FIRST_TIME_IN_SCOPE,ESTABLISHED,1,0,0,0,1,1
2020,23945,2020-07-26,team_0025,team_0020,2,-86.627421459023708,0.44524613152830744,0.23602855151123847,0.3187253169604542,0,0.44524613152830744,0.3187253169604542,1.1434256224947097,0.71808878852004976,86.627421459023708,7,清水,大分,middle,7,7,0,0,0,0,ESTABLISHED,ESTABLISHED,0,0,1,0,1,0
2020,23947,2020-07-26,team_0008,team_0003,1,-56.566848522565351,0.41623901568868715,0.23887653803213804,0.34488444627917475,0,0.41623901568868715,0.23887653803213804,1.4318084377940217,0.87150912382472345,56.566848522565351,7,鹿島,FC東京,middle,7,7,0,0,0,0,ESTABLISHED,ESTABLISHED,0,0,1,0,1,0
2020,23948,2020-07-26,team_0009,team_0024,2,33.314007558223921,0.33215735217532083,0.24167325680182883,0.42616939102285029,2,0.42616939102285029,0.42616939102285029,0.85291838023818656,0.49801603745640921,33.314007558223921,7,柏,仙台,middle,7,7,0,0,0,0,RETURNING,ESTABLISHED,1,1,0,1,0,0
2020,23949,2020-07-26,team_0010,team_0026,2,329.08295022879634,0.12502925417404515,0.19861586155781891,0.67635488426813584,2,0.67635488426813584,0.67635488426813584,0.39103736396323485,0.15982673579876441,329.08295022879634,7,川崎Ｆ,湘南,middle,7,7,0,0,0,0,ESTABLISHED,ESTABLISHED,0,0,1,1,0,0
2020,23950,2020-07-26,team_0011,team_0005,0,-59.93945491836871,0.41948168766989313,0.23860350180521731,0.34191481052488953,0,0.41948168766989313,0.41948168766989313,0.86873540678121786,0.51083887968057895,59.93945491836871,7,神戸,Ｇ大阪,middle,7,7,0,0,0,0,ESTABLISHED,ESTABLISHED,0,0,1,0,1,0
2020,23951,2020-07-26,team_0029,team_0002,1,-208.21726468887346,0.56156164587209201,0.21594913868151525,0.22248921544639272,0,0.56156164587209201,0.21594913868151525,1.5327123680922246,0.97958868623878215,208.21726468887346,7,鳥栖,Ｃ大阪,middle,7,7,0,0,0,0,ESTABLISHED,ESTABLISHED,0,0,1,0,1,0
2020,23952,2020-08-01,team_0024,team_0033,0,-158.53805696535051,0.51467770133986657,0.22565746479730606,0.25966483386282735,0,0.51467770133986657,0.51467770133986657,0.66421439686816608,0.35388485094051292,158.53805696535051,8,仙台,横浜FM,middle,8,8,0,0,0,0,ESTABLISHED,ESTABLISHED,0,0,1,0,1,0
2020,23953,2020-08-01,team_0032,team_0006,0,-100.26914899626718,0.45845696153198795,0.23443468438683782,0.30710835408117432,0,0.45845696153198795,0.45845696153198795,0.77988885966970789,0.44254402490317091,100.26914899626718,8,横浜FC,広島,middle,8,7,0,0,0,0,FIRST_TIME_IN_SCOPE,ESTABLISHED,1,0,0,0,1,0
2020,23954,2020-08-01,team_0018,team_0009,0,-0.43535774666429461,0.36306638163508864,0.24164343849359216,0.39529017987131931,2,0.39529017987131931,0.36306638163508864,1.0131695919177279,0.62033031187312493,0.43535774666429461,8,名古屋,柏,middle,7,8,0,0,0,0,ESTABLISHED,RETURNING,1,1,0,1,0,1
2020,23955,2020-08-01,team_0030,team_0025,1,101.85344856745269,0.27302006742136264,0.23804772961774615,0.48893220296089113,2,0.48893220296089113,0.23804772961774615,1.4352840808046663,0.89416591864762673,101.85344856745269,8,浦和,清水,middle,8,8,0,0,0,0,ESTABLISHED,ESTABLISHED,0,0,1,1,0,0
2020,23956,2020-08-01,team_0003,team_0029,0,232.34444933848522,0.17827413044664561,0.21936830638946767,0.60235756316388667,2,0.60235756316388667,0.17827413044664561,1.7244328546752585,1.0861904924421355,232.34444933848522,8,FC東京,鳥栖,middle,8,8,0,0,0,0,ESTABLISHED,ESTABLISHED,0,0,1,1,0,0
2020,23957,2020-08-01,team_0026,team_0002,0,-228.84206969318961,0.58053681888024777,0.21141518614576049,0.20804799497399173,0,0.58053681888024777,0.58053681888024777,0.54380205370524648,0.26392970946084671,228.84206969318961,8,湘南,Ｃ大阪,middle,8,8,0,0,0,0,ESTABLISHED,ESTABLISHED,0,0,1,0,1,0
2020,23958,2020-08-01,team_0005,team_0010,0,-106.34355516232108,0.46434138538685127,0.23366625632511936,0.30199235828802939,0,0.46434138538685127,0.46434138538685127,0.76713525291487106,0.4327294552186397,106.34355516232108,8,Ｇ大阪,川崎Ｆ,middle,8,8,0,0,0,0,ESTABLISHED,ESTABLISHED,0,0,1,0,1,0
2020,23959,2020-08-01,team_0020,team_0008,0,-109.45900734438965,0.46735902237540261,0.23325833885752262,0.29938263876707483,0,0.46735902237540261,0.46735902237540261,0.76065753214692544,0.42774582808659456,109.45900734438965,8,大分,鹿島,middle,8,8,0,0,0,0,ESTABLISHED,ESTABLISHED,0,0,1,0,1,0
2020,23960,2020-08-02,team_0023,team_0011,0,37.272845903175721,0.32859969295113978,0.24159666419458281,0.4298036428542773,2,0.4298036428542773,0.32859969295113978,1.1129150077946834,0.69387849186606099,37.272845903175721,8,札幌,神戸,middle,8,8,0,0,0,0,ESTABLISHED,ESTABLISHED,0,0,1,1,0,0
2020,23961,2020-08-08,team_0025,team_0023,2,-114.64611282546298,0.47238192227109027,0.23255863841656224,0.29505943931234763,0,0.47238192227109027,0.29505943931234763,1.22057845374414,0.77416939489331749,114.64611282546298,9,清水,札幌,middle,9,9,0,0,0,0,ESTABLISHED,ESTABLISHED,0,0,1,0,1,0
2020,23962,2020-08-08,team_0018,team_0030,2,-31.442107374642546,0.39222556631524641,0.24053246052113861,0.3672419731636149,0,0.39222556631524641,0.3672419731636149,1.001734320767105,0.61207947996154421,31.442107374642546,9,名古屋,浦和,middle,8,9,0,0,0,0,ESTABLISHED,ESTABLISHED,0,0,1,0,1,1
2020,23963,2020-08-08,team_0008,team_0029,2,156.35055664305719,0.2303427036441876,0.23191469705027337,0.53774259930553892,2,0.53774259930553892,0.53774259930553892,0.62037527326179542,0.32052409232683365,156.35055664305719,9,鹿島,鳥栖,middle,9,9,0,0,0,0,ESTABLISHED,ESTABLISHED,0,0,1,1,0,0
2020,23964,2020-08-08,team_0010,team_0020,2,287.97463894353677,0.14589634703619703,0.20792823164834981,0.64617542131545314,2,0.64617542131545314,0.64617542131545314,0.43668426203864841,0.18971172607621334,287.97463894353677,9,川崎Ｆ,大分,middle,9,9,0,0,0,0,ESTABLISHED,ESTABLISHED,0,0,1,1,0,0
2020,23965,2020-08-08,team_0033,team_0009,1,105.07619040875716,0.2703810544747921,0.23776110276358392,0.49185784276162392,2,0.49185784276162392,0.23776110276358392,1.4364888793259487,0.89603818856520645,105.07619040875716,9,横浜FM,柏,middle,9,9,0,0,0,0,ESTABLISHED,RETURNING,1,1,0,1,0,0
2020,23966,2020-08-08,team_0005,team_0032,2,174.27699869866456,0.2172544139949775,0.22933809778671263,0.55340748821830987,2,0.55340748821830987,0.55340748821830987,0.59166068042647868,0.29924031507620785,174.27699869866456,9,Ｇ大阪,横浜FC,middle,9,9,0,0,0,0,ESTABLISHED,FIRST_TIME_IN_SCOPE,1,0,0,1,0,0
2020,23967,2020-08-08,team_0011,team_0024,0,113.70027991267261,0.26338774857368569,0.23694534231884515,0.49966690910746908,2,0.49966690910746908,0.26338774857368569,1.3341280033830785,0.84840772425495004,113.70027991267261,9,神戸,仙台,middle,9,9,0,0,0,0,ESTABLISHED,ESTABLISHED,0,0,1,1,0,0
2020,23968,2020-08-09,team_0006,team_0026,2,182.97842850923257,0.21107828948752952,0.22799635080024308,0.56092535971222746,2,0.56092535971222746,0.56092535971222746,0.57816743095250211,0.28932292001504567,182.97842850923257,9,広島,湘南,middle,8,9,0,0,0,0,ESTABLISHED,ESTABLISHED,0,0,1,1,0,0
2020,23969,2020-08-09,team_0002,team_0003,1,13.08294762981518,0.35056824809671921,0.24180269089538511,0.40762906100789581,2,0.40762906100789581,0.24180269089538511,1.4196332122637596,0.86392270748526068,13.08294762981518,9,Ｃ大阪,FC東京,middle,9,9,0,0,0,0,ESTABLISHED,ESTABLISHED,0,0,1,1,0,0
2020,23970,2020-08-15,team_0023,team_0010,0,-224.0677822550922,0.5761748391782191,0.21248815175751309,0.21133700906426794,0,0.5761748391782191,0.5761748391782191,0.55134412410530043,0.26944231298316285,224.0677822550922,10,札幌,川崎Ｆ,middle,10,10,0,0,0,0,ESTABLISHED,ESTABLISHED,0,0,1,0,1,0
2020,23971,2020-08-15,team_0024,team_0025,1,22.811826787996097,0.34166818856421732,0.24179530507142968,0.41653650636435308,2,0.41653650636435308,0.24179530507142968,1.41966375756799,0.86511417162270066,22.811826787996097,10,仙台,清水,middle,10,10,0,0,0,0,ESTABLISHED,ESTABLISHED,0,0,1,1,0,0
2020,23972,2020-08-15,team_0032,team_0026,2,46.200671081435075,0.32063455279720993,0.24136284210292297,0.43800260509986716,2,0.43800260509986716,0.43800260509986716,0.82553042090678685,0.47690360987000324,46.200671081435075,10,横浜FC,湘南,middle,10,10,0,0,0,0,FIRST_TIME_IN_SCOPE,ESTABLISHED,1,0,0,1,0,0
2020,23973,2020-08-15,team_0020,team_0033,2,-155.54884767487033,0.51181578083096047,0.22618059359201736,0.26200362557702223,0,0.51181578083096047,0.26200362557702223,1.339396937236548,0.85775170308670323,155.54884767487033,10,大分,横浜FM,middle,10,10,0,0,0,0,ESTABLISHED,ESTABLISHED,0,0,1,0,1,0
2020,23974,2020-08-15,team_0030,team_0006,2,-75.029402265372482,0.43403073129505915,0.23723716207405754,0.32873210663088342,0,0.43403073129505915,0.32873210663088342,1.1125121254706611,0.69526473144568801,75.029402265372482,10,浦和,広島,middle,10,9,0,0,0,0,ESTABLISHED,ESTABLISHED,0,0,1,0,1,0
2020,23975,2020-08-15,team_0009,team_0002,0,-103.42321048069971,0.46151242797237302,0.23404014897948519,0.30444742304814182,0,0.46151242797237302,0.46151242797237302,0.77324629588422178,0.43743188996320259,103.42321048069971,10,柏,Ｃ大阪,middle,10,10,0,0,0,0,RETURNING,ESTABLISHED,1,1,0,0,1,0
2020,23976,2020-08-15,team_0003,team_0018,2,150.39617111130701,0.23479712534067637,0.23271239321034606,0.53249048144897759,2,0.53249048144897759,0.53249048144897759,0.63019025677150797,0.32784989795774078,150.39617111130701,10,FC東京,名古屋,middle,10,9,0,0,0,0,ESTABLISHED,ESTABLISHED,0,0,1,1,0,0
2020,23978,2020-08-16,team_0008,team_0011,1,86.794558328957237,0.28553152067714443,0.2392531004234211,0.47521537889943433,2,0.47521537889943433,0.2392531004234211,1.4302332898054697,0.88609375085811293,86.794558328957237,10,鹿島,神戸,middle,10,10,0,0,0,0,ESTABLISHED,ESTABLISHED,0,0,1,1,0,0
2020,23979,2020-08-19,team_0010,team_0002,2,112.80756919617284,0.26410696016432061,0.23703304963023139,0.49885999020544791,2,0.49885999020544791,0.49885999020544791,0.69542980335136706,0.37707846244112952,112.80756919617284,11,川崎Ｆ,Ｃ大阪,middle,11,11,0,0,0,0,ESTABLISHED,ESTABLISHED,0,0,1,1,0,0
2020,23980,2020-08-19,team_0032,team_0008,2,-164.85215342109723,0.52071050568807165,0.2245283506263695,0.25476114368555874,0,0.52071050568807165,0.25476114368555874,1.3674288642224499,0.8769333639297815,164.85215342109723,11,横浜FC,鹿島,middle,11,11,0,0,0,0,FIRST_TIME_IN_SCOPE,ESTABLISHED,1,0,0,0,1,0
2020,23981,2020-08-19,team_0026,team_0018,0,-104.11533149040974,0.46218290625501812,0.23395228136297103,0.3038648123820108,0,0.46218290625501812,0.46218290625501812,0.77179456526362733,0.43631472048319203,104.11533149040974,11,湘南,名古屋,middle,11,10,0,0,0,0,ESTABLISHED,ESTABLISHED,0,0,1,0,1,0
2020,23982,2020-08-19,team_0025,team_0033,0,-155.65949584868304,0.51192178125735632,0.22616136173196882,0.26191685701067485,0,0.51192178125735632,0.51192178125735632,0.66958343659503028,0.35796974913780066,155.65949584868304,11,清水,横浜FM,middle,11,11,0,0,0,0,ESTABLISHED,ESTABLISHED,0,0,1,0,1,0
2020,23983,2020-08-19,team_0005,team_0030,0,102.03648903795693,0.27286981074243644,0.2380317180130008,0.48909847124456279,2,0.48909847124456279,0.27286981074243644,1.2987604812697247,0.82459472548372925,102.03648903795693,11,Ｇ大阪,浦和,middle,10,11,0,0,0,0,ESTABLISHED,ESTABLISHED,0,0,1,1,0,0
2020,23984,2020-08-19,team_0011,team_0009,0,21.197345620159695,0.34313933879526337,0.24180357938057984,0.41505708182415674,2,0.41505708182415674,0.34313933879526337,1.0696186787528166,0.66220728041196897,21.197345620159695,11,神戸,柏,middle,11,11,0,0,0,0,ESTABLISHED,RETURNING,1,1,0,1,0,0
2020,23985,2020-08-19,team_0023,team_0020,1,40.75408578543238,0.32548414212293686,0.24151553626848782,0.43300032160857538,2,0.43300032160857538,0.24151553626848782,1.4208214755840574,0.86872788700871351,40.75408578543238,11,札幌,大分,middle,11,11,0,0,0,0,ESTABLISHED,ESTABLISHED,0,0,1,1,0,0
2020,23987,2020-08-19,team_0006,team_0003,1,-76.983867913145104,0.4359191118205567,0.23704305339011014,0.32703783478933318,0,0.4359191118205567,0.23704305339011014,1.4395134944712802,0.87908251981440466,76.983867913145104,11,広島,FC東京,middle,10,11,0,0,0,0,ESTABLISHED,ESTABLISHED,0,0,1,0,1,0
2020,23988,2020-08-22,team_0025,team_0032,0,-21.139402073881229,0.38246922872418104,0.24101661922483683,0.37651415205098215,0,0.38246922872418104,0.38246922872418104,0.96110707673156159,0.58119617090974796,21.139402073881229,12,清水,横浜FC,middle,12,12,0,0,0,0,ESTABLISHED,FIRST_TIME_IN_SCOPE,1,0,0,0,1,1
2020,23989,2020-08-23,team_0018,team_0010,2,-270.29650146115478,0.6175365781869141,0.20157608367494423,0.18088733813814176,0,0.6175365781869141,0.18088733813814176,1.7098808827390095,1.0929298957309497,270.29650146115478,12,名古屋,川崎Ｆ,middle,11,12,0,0,0,0,ESTABLISHED,ESTABLISHED,0,0,1,0,1,0
2020,23991,2020-08-23,team_0008,team_0005,1,0.42659572909587951,0.36226518380341954,0.24165948785906197,0.39607532833751852,2,0.39607532833751852,0.24165948785906197,1.4202256186475646,0.86319206146797856,0.42659572909587951,12,鹿島,Ｇ大阪,middle,12,11,0,0,0,0,ESTABLISHED,ESTABLISHED,0,0,1,1,0,1
2020,23992,2020-08-23,team_0030,team_0011,0,23.201263546467999,0.34131367875158136,0.24179288996838877,0.41689343128002987,2,0.41689343128002987,0.34131367875158136,1.0749533454911646,0.6661316044834773,23.201263546467999,12,浦和,神戸,middle,12,12,0,0,0,0,ESTABLISHED,ESTABLISHED,0,0,1,1,0,0
2020,23993,2020-08-23,team_0003,team_0026,2,284.64375963575412,0.14769936417778368,0.20865490889798988,0.6436457269242265,2,0.6436457269242265,0.6436457269242265,0.44060681771741284,0.19234034112511295,284.64375963575412,12,FC東京,湘南,middle,12,12,0,0,0,0,ESTABLISHED,ESTABLISHED,0,0,1,1,0,0
2020,23994,2020-08-23,team_0033,team_0006,2,58.676740465059311,0.30964488280603469,0.24089544560759488,0.4494596715863704,2,0.4494596715863704,0.4494596715863704,0.7997091474794451,0.45700522237223185,58.676740465059311,12,横浜FM,広島,middle,12,11,0,0,0,0,ESTABLISHED,ESTABLISHED,0,0,1,1,0,0
2020,23995,2020-08-23,team_0002,team_0024,2,194.06688288784107,0.20337760187143311,0.22620440465525016,0.57041799347331679,2,0.57041799347331679,0.57041799347331679,0.56138586501964294,0.27707158195990261,194.06688288784107,12,Ｃ大阪,仙台,middle,12,11,0,0,0,0,ESTABLISHED,ESTABLISHED,0,0,1,1,0,0
2020,23996,2020-08-23,team_0020,team_0009,1,-52.682325315995513,0.41250904092341056,0.23917623782003919,0.34831472125655022,0,0.41250904092341056,0.23917623782003919,1.430554602057454,0.8703396509852499,52.682325315995513,12,大分,柏,middle,12,12,0,0,0,0,ESTABLISHED,RETURNING,1,1,0,0,1,0
2020,24103,2020-08-26,team_0011,team_0010,1,-216.85602794811666,0.56955041924948313,0.21408258113396902,0.21636699961654796,0,0.56955041924948313,0.21408258113396902,1.5413934452485096,0.98886854786737366,216.85602794811666,24,神戸,川崎Ｆ,middle,13,13,0,0,0,0,ESTABLISHED,ESTABLISHED,0,0,1,0,1,0
2020,24115,2020-08-26,team_0003,team_0008,0,65.990011412109197,0.30328327137799715,0.24054606665861913,0.45617066196338374,2,0.45617066196338374,0.30328327137799715,1.1930880211730499,0.75136828296279012,65.990011412109197,26,FC東京,鹿島,middle,13,13,0,0,0,0,ESTABLISHED,ESTABLISHED,0,0,1,1,0,0
2020,24144,2020-08-26,team_0033,team_0023,2,116.78387361788441,0.26091187657462245,0.236636638438496,0.50245148498688152,2,0.50245148498688152,0.50245148498688152,0.68825619099968383,0.37162643078092189,116.78387361788441,29,横浜FM,札幌,middle,13,12,0,0,0,0,ESTABLISHED,ESTABLISHED,0,0,1,1,0,0
2020,23997,2020-08-29,team_0011,team_0033,1,-92.627844309394732,0.45105549905351844,0.2353501658652663,0.31359433508121537,0,0.45105549905351844,0.2353501658652663,1.4466808063752328,0.8864818390637238,92.627844309394732,13,神戸,横浜FM,middle,14,14,0,0,0,0,ESTABLISHED,ESTABLISHED,0,0,1,0,1,0
2020,23998,2020-08-29,team_0023,team_0018,1,-16.37397840840049,0.37797789079918276,0.24120191040423439,0.3808201987965828,2,0.3808201987965828,0.24120191040423439,1.4221208937449075,0.86366585051865119,16.37397840840049,13,札幌,名古屋,middle,13,12,0,0,0,0,ESTABLISHED,ESTABLISHED,0,0,1,1,0,1
2020,23999,2020-08-29,team_0030,team_0020,2,34.074658579965899,0.3314725875844165,0.24165983650131653,0.42686757591426694,2,0.42686757591426694,0.42686757591426694,0.85128144051721155,0.49675432843614026,34.074658579965899,13,浦和,大分,middle,13,13,0,0,0,0,ESTABLISHED,ESTABLISHED,0,0,1,1,0,0
2020,24000,2020-08-29,team_0009,team_0008,0,-63.582913592892282,0.42298886040412154,0.23829519422941917,0.33871594536645921,0,0.42298886040412154,0.42298886040412154,0.86040943502465395,0.50445494645606515,63.582913592892282,13,柏,鹿島,middle,13,14,0,0,0,0,RETURNING,ESTABLISHED,1,1,0,0,1,0
2020,24001,2020-08-29,team_0010,team_0025,2,340.11341698413003,0.11985665512814347,0.19602504422584596,0.68411830064601054,2,0.68411830064601054,0.68411830064601054,0.37962442215359904,0.15257268372901578,340.11341698413003,13,川崎Ｆ,清水,middle,14,13,0,0,0,0,ESTABLISHED,ESTABLISHED,0,0,1,1,0,0
2020,24003,2020-08-29,team_0005,team_0003,0,-28.432730361290169,0.38936956954428364,0.24068567385901513,0.36994475659670129,0,0.38936956954428364,0.38936956954428364,0.94322633613341433,0.56765823913289426,28.432730361290169,13,Ｇ大阪,FC東京,middle,12,14,0,0,0,0,ESTABLISHED,ESTABLISHED,0,0,1,0,1,1
2020,24004,2020-08-29,team_0006,team_0024,1,102.4536426959005,0.2725275381817247,0.23799510643738239,0.48947735538089299,2,0.48947735538089299,0.23799510643738239,1.4355051667095153,0.89451079831144054,102.4536426959005,13,広島,仙台,middle,12,12,0,0,0,0,ESTABLISHED,ESTABLISHED,0,0,1,1,0,0
2020,24005,2020-08-30,team_0032,team_0002,0,-178.0891054658905,0.53329638155140779,0.22205803425309925,0.24464558419549293,0,0.53329638155140779,0.53329638155140779,0.62867794641377273,0.32697349991571378,178.0891054658905,13,横浜FC,Ｃ大阪,middle,13,13,0,0,0,0,FIRST_TIME_IN_SCOPE,ESTABLISHED,1,0,0,0,1,0
2020,24006,2020-09-05,team_0023,team_0006,0,-46.882142671089696,0.40695029404386573,0.23959414289930289,0.3534555630568314,0,0.40695029404386573,0.40695029404386573,0.89906422865408109,0.53404414210213058,46.882142671089696,14,札幌,広島,middle,14,13,0,0,0,0,ESTABLISHED,ESTABLISHED,0,0,1,0,1,0
2020,24007,2020-09-05,team_0024,team_0005,0,-112.50716277198467,0.47031093834256238,0.23285025952276545,0.29683880213467206,0,0.47031093834256238,0.47031093834256238,0.75436123207799599,0.42290301985210299,112.50716277198467,14,仙台,Ｇ大阪,middle,13,13,0,0,0,0,ESTABLISHED,ESTABLISHED,0,0,1,0,1,0
2020,24008,2020-09-05,team_0033,team_0010,0,-118.61095015017531,0.47621955298585594,0.23200668373676359,0.29177376327738042,0,0.47621955298585594,0.47621955298585594,0.74187628532324335,0.41330498690991202,118.61095015017531,14,横浜FM,川崎Ｆ,middle,15,15,0,0,0,0,ESTABLISHED,ESTABLISHED,0,0,1,0,1,0
2020,24009,2020-09-05,team_0026,team_0011,1,-174.87330527575955,0.53024698903508116,0.22267075455406818,0.24708225641085063,0,0.53024698903508116,0.22267075455406818,1.5020610355063659,0.94645226663938853,174.87330527575955,14,湘南,神戸,middle,13,15,0,0,0,0,ESTABLISHED,ESTABLISHED,0,0,1,0,1,0
2020,24010,2020-09-05,team_0025,team_0009,0,-113.35834997901725,0.4711351268274161,0.23273472837833131,0.29613014479425248,0,0.4711351268274161,0.4711351268274161,0.75261033263531596,0.4215565705250538,113.35834997901725,14,清水,柏,middle,14,14,0,0,0,0,ESTABLISHED,RETURNING,1,1,0,0,1,0
2020,24011,2020-09-05,team_0018,team_0008,0,-98.72167427884915,0.456957890370772,0.23462471115395409,0.30841739847527394,0,0.456957890370772,0.456957890370772,0.7831640359422295,0.44506477959689472,98.72167427884915,14,名古屋,鹿島,middle,13,15,0,0,0,0,ESTABLISHED,ESTABLISHED,0,0,1,0,1,0
2020,24012,2020-09-05,team_0002,team_0030,2,146.86382212894773,0.23746453224443095,0.23317148079729555,0.52936398695827347,2,0.52936398695827347,0.52936398695827347,0.63607901764908381,0.33225660030308213,146.86382212894773,14,Ｃ大阪,浦和,middle,14,14,0,0,0,0,ESTABLISHED,ESTABLISHED,0,0,1,1,0,0
2020,24013,2020-09-05,team_0029,team_0032,2,-10.631602374512568,0.37258525124622938,0.24139262538072442,0.38602212337304614,2,0.38602212337304614,0.38602212337304614,0.95186059672177248,0.57405900202175764,10.631602374512568,14,鳥栖,横浜FC,middle,10,14,0,0,0,0,ESTABLISHED,FIRST_TIME_IN_SCOPE,1,0,0,1,0,1
2020,24014,2020-09-05,team_0020,team_0003,0,-172.29488320375413,0.5277980509274558,0.22315625975558448,0.24904568931695975,0,0.5277980509274558,0.5277980509274558,0.63904154774380195,0.33479715234337121,172.29488320375413,14,大分,FC東京,middle,14,15,0,0,0,0,ESTABLISHED,ESTABLISHED,0,0,1,0,1,0
2020,24015,2020-09-09,team_0008,team_0024,2,199.49890575476638,0.19967505050492582,0.22529413788890643,0.57503081160616776,2,0.57503081160616776,0.57503081160616776,0.55333165421840214,0.27122638544536276,199.49890575476638,15,鹿島,仙台,middle,16,14,0,0,0,0,ESTABLISHED,ESTABLISHED,0,0,1,1,0,0
2020,24016,2020-09-09,team_0030,team_0029,1,59.134205584036863,0.30924516839615812,0.24087521612632021,0.4498796154775217,2,0.4498796154775217,0.24087521612632021,1.4234762549929174,0.87429468008983202,59.134205584036863,15,浦和,鳥栖,middle,15,11,0,0,0,0,ESTABLISHED,ESTABLISHED,0,0,1,1,0,0
2020,24017,2020-09-09,team_0009,team_0005,2,-51.841130314296151,0.41170204385266884,0.23923904741250726,0.34905890873482393,0,0.41170204385266884,0.34905890873482393,1.0525145780871765,0.65045819901680701,51.841130314296151,15,柏,Ｇ大阪,middle,15,14,0,0,0,0,RETURNING,ESTABLISHED,1,1,0,0,1,0
2020,24018,2020-09-09,team_0003,team_0032,2,208.83430929699671,0.19341980663125161,0.22368180394733719,0.58289838942141114,2,0.58289838942141114,0.58289838942141114,0.53974239697886406,0.26141852456165854,208.83430929699671,15,FC東京,横浜FC,middle,16,15,0,0,0,0,ESTABLISHED,FIRST_TIME_IN_SCOPE,1,0,0,1,0,0
2020,24019,2020-09-09,team_0010,team_0011,2,235.62892984525365,0.17622759583060896,0.21873855256828539,0.60503385160110568,2,0.60503385160110568,0.60503385160110568,0.50247086945693087,0.23490097829296241,235.62892984525365,15,川崎Ｆ,神戸,middle,16,16,0,0,0,0,ESTABLISHED,ESTABLISHED,0,0,1,1,0,0
2020,24020,2020-09-09,team_0018,team_0033,2,-107.74834052351116,0.46570211930895766,0.23348347476226755,0.30081440592877468,0,0.46570211930895766,0.30081440592877468,1.2012617960027923,0.76025349187264935,107.74834052351116,15,名古屋,横浜FM,middle,14,16,0,0,0,0,ESTABLISHED,ESTABLISHED,0,0,1,0,1,0
2020,24021,2020-09-09,team_0002,team_0023,2,194.07464818937274,0.20337227604203134,0.2262031183697514,0.57042460558821717,2,0.57042460558821717,0.57042460558821717,0.56137427338569468,0.27706315290675476,194.07464818937274,15,Ｃ大阪,札幌,middle,15,15,0,0,0,0,ESTABLISHED,ESTABLISHED,0,0,1,1,0,0
2020,24022,2020-09-09,team_0006,team_0025,2,173.14037872240146,0.21806975856707728,0.22950905993896983,0.55242118149395292,2,0.55242118149395292,0.55242118149395292,0.59344451369633644,0.30055562697084204,173.14037872240146,15,広島,清水,middle,14,15,0,0,0,0,ESTABLISHED,ESTABLISHED,0,0,1,1,0,0
2020,24023,2020-09-09,team_0020,team_0026,1,98.184795007515731,0.27604097023278995,0.23836181240801424,0.48559721735919587,2,0.48559721735919587,0.23836181240801424,1.4339655394738748,0.89209600355245899,98.184795007515731,15,大分,湘南,middle,15,14,0,0,0,0,ESTABLISHED,ESTABLISHED,0,0,1,1,0,0
2020,24029,2020-09-12,team_0025,team_0008,0,-258.79709574444814,0.60743983582942129,0.20439222553008832,0.18816793864049036,0,0.60743983582942129,0.60743983582942129,0.49850214434352397,0.23128683748298554,258.79709574444814,16,清水,鹿島,middle,16,17,0,0,0,0,ESTABLISHED,ESTABLISHED,0,0,1,0,1,0
2020,24031,2020-09-12,team_0011,team_0003,1,-131.37527484621182,0.48855855082817784,0.23013082626305886,0.2813106229087633,0,0.48855855082817784,0.23013082626305886,1.469107321930553,0.91052366881904623,131.37527484621182,16,神戸,FC東京,middle,17,17,0,0,0,0,ESTABLISHED,ESTABLISHED,0,0,1,0,1,0
2020,24024,2020-09-13,team_0023,team_0030,0,-33.46708303361379,0.39415006607279285,0.24042390005985656,0.36542603386735062,0,0.39415006607279285,0.39415006607279285,0.93102356384260998,0.55839398038761534,33.46708303361379,16,札幌,浦和,middle,16,16,0,0,0,0,ESTABLISHED,ESTABLISHED,0,0,1,0,1,1
2020,24025,2020-09-13,team_0024,team_0020,0,-6.421499573778874,0.36864580562221039,0.241509812898548,0.38984438147924166,2,0.38984438147924166,0.36864580562221039,0.99791897228050952,0.60891375025565186,6.421499573778874,16,仙台,大分,middle,15,16,0,0,0,0,ESTABLISHED,ESTABLISHED,0,0,1,1,0,1
2020,24026,2020-09-13,team_0010,team_0006,2,203.97739245917887,0.19665715751264268,0.22452810497122419,0.5788147375161331,2,0.5788147375161331,0.5788147375161331,0.54677282235799496,0.26648393285652527,203.97739245917887,16,川崎Ｆ,広島,middle,17,15,0,0,0,0,ESTABLISHED,ESTABLISHED,0,0,1,1,0,0
2020,24027,2020-09-13,team_0033,team_0002,0,-70.415966127770162,0.42957649639498846,0.23767983858289915,0.33274366502211233,0,0.42957649639498846,0.42957649639498846,0.84495544772412379,0.49259302574615738,70.415966127770162,16,横浜FM,Ｃ大阪,middle,17,16,0,0,0,0,ESTABLISHED,ESTABLISHED,0,0,1,0,1,0
2020,24028,2020-09-13,team_0032,team_0018,2,-72.547409825176146,0.43163379752954528,0.23747803250238658,0.33088816996806814,0,0.43163379752954528,0.33088816996806814,1.1059748157723255,0.69041419217966193,72.547409825176146,16,横浜FC,名古屋,middle,16,15,0,0,0,0,FIRST_TIME_IN_SCOPE,ESTABLISHED,1,0,0,0,1,0
2020,24030,2020-09-13,team_0005,team_0026,0,213.13890562390543,0.19058158490128022,0.22291851155877734,0.58649990353994252,2,0.58649990353994252,0.19058158490128022,1.6576749088972818,1.0488329703488661,213.13890562390543,16,Ｇ大阪,湘南,middle,15,15,0,0,0,0,ESTABLISHED,ESTABLISHED,0,0,1,1,0,0
2020,24032,2020-09-13,team_0029,team_0009,2,-84.092455380774254,0.44279304314521717,0.23630432593639653,0.32090263091838628,0,0.44279304314521717,0.32090263091838628,1.1366175323384311,0.71307865020762651,84.092455380774254,16,鳥栖,柏,middle,12,16,0,0,0,0,ESTABLISHED,RETURNING,1,1,0,0,1,0
2020,23990,2020-09-16,team_0029,team_0023,0,23.914786735149619,0.34066450711213087,0.24178804248105226,0.4175474504068169,2,0.4175474504068169,0.34066450711213087,1.0768571361078711,0.66753062300974175,23.914786735149619,12,鳥栖,札幌,middle,13,17,0,0,0,0,ESTABLISHED,ESTABLISHED,0,0,1,1,0,0
2020,24099,2020-09-16,team_0003,team_0020,0,195.45744942465512,0.20242538197164955,0.22597337605501067,0.57160124197333984,2,0.57160124197333984,0.20242538197164955,1.5973839444331075,1.0139172178342331,195.45744942465512,24,FC東京,大分,middle,18,17,0,0,0,0,ESTABLISHED,ESTABLISHED,0,0,1,1,0,0
2020,24100,2020-09-16,team_0033,team_0025,2,208.1622979604972,0.19386552400434257,0.22379985056265822,0.58233462543299919,2,0.58233462543299919,0.58233462543299919,0.54071003868694167,0.26211457962153956,208.1622979604972,24,横浜FM,清水,middle,18,17,0,0,0,0,ESTABLISHED,ESTABLISHED,0,0,1,1,0,0
2020,24112,2020-09-16,team_0011,team_0002,0,-164.31155576067363,0.52019468299004445,0.22462628986900601,0.25517902714094953,0,0.52019468299004445,0.52019468299004445,0.6535521471077792,0.34578644822394011,164.31155576067363,25,神戸,Ｃ大阪,middle,18,17,0,0,0,0,ESTABLISHED,ESTABLISHED,0,0,1,0,1,0
2020,24033,2020-09-19,team_0023,team_0005,0,-79.039465639573791,0.43790598758000421,0.23683470070793033,0.3252593117120654,0,0.43790598758000421,0.43790598758000421,0.82575103187250232,0.47783397411323186,79.039465639573791,17,札幌,Ｇ大阪,middle,18,16,0,0,0,0,ESTABLISHED,ESTABLISHED,0,0,1,0,1,0
2020,24035,2020-09-19,team_0009,team_0006,1,-26.302928601841586,0.38735134727577747,0.2407882306245297,0.37186042209969289,0,0.38735134727577747,0.2407882306245297,1.4238374428859284,0.86472375051875405,26.302928601841586,17,柏,広島,middle,17,16,0,0,0,0,RETURNING,ESTABLISHED,1,1,0,0,1,1
2020,24037,2020-09-19,team_0026,team_0025,0,22.523149634580477,0.34193106440050369,0.24179699017847478,0.41627194542102142,2,0.41627194542102142,0.34193106440050369,1.0731461283171031,0.66480284100502529,22.523149634580477,17,湘南,清水,middle,16,18,0,0,0,0,ESTABLISHED,ESTABLISHED,0,0,1,1,0,0
2020,24038,2020-09-19,team_0018,team_0011,2,-4.2112729262080393,0.36658269464865262,0.24156366309326638,0.39185364225808106,2,0.39185364225808106,0.39185364225808106,0.93686687049499318,0.5625778677776665,4.2112729262080393,17,名古屋,神戸,middle,16,19,0,0,0,0,ESTABLISHED,ESTABLISHED,0,0,1,1,0,1
2020,24039,2020-09-19,team_0002,team_0008,0,51.108282621673652,0.31629151829965058,0.24119845325152636,0.44251002844882298,2,0.44251002844882298,0.31629151829965058,1.1510909643963367,0.72144910707770382,51.108282621673652,17,Ｃ大阪,鹿島,middle,18,18,0,0,0,0,ESTABLISHED,ESTABLISHED,0,0,1,1,0,0
2020,24040,2020-09-19,team_0029,team_0033,0,-133.2931115358067,0.49040974940185766,0.22983615832139331,0.27975409227674902,0,0.49040974940185766,0.49040974940185766,0.71251401404825243,0.39076923532220187,133.2931115358067,17,鳥栖,横浜FM,middle,14,19,0,0,0,0,ESTABLISHED,ESTABLISHED,0,0,1,0,1,0
2020,24034,2020-09-20,team_0030,team_0010,0,-246.99380005908574,0.59693904656654961,0.20721648676156898,0.19584446667188146,0,0.59693904656654961,0.59693904656654961,0.51594027035556744,0.24375185969448326,246.99380005908574,17,浦和,川崎Ｆ,middle,17,18,0,0,0,0,ESTABLISHED,ESTABLISHED,0,0,1,0,1,0
2020,24036,2020-09-20,team_0003,team_0024,2,218.57035883730009,0.18704198739069089,0.22193807201590962,0.59101994059339946,2,0.59101994059339946,0.59101994059339946,0.52590552171647043,0.25150590184942501,218.57035883730009,17,FC東京,仙台,middle,19,16,0,0,0,0,ESTABLISHED,ESTABLISHED,0,0,1,1,0,0
2020,24041,2020-09-20,team_0020,team_0032,2,37.304409281070093,0.32857139046707967,0.24159598647834882,0.42983262305457143,2,0.42983262305457143,0.42983262305457143,0.84435939478177191,0.49141861704874701,37.304409281070093,17,大分,横浜FC,middle,18,17,0,0,0,0,ESTABLISHED,FIRST_TIME_IN_SCOPE,1,0,0,1,0,0
2020,24042,2020-09-23,team_0023,team_0009,0,-75.910511795409548,0.4348819548510976,0.23715013694917683,0.32796790819972549,0,0.4348819548510976,0.4348819548510976,0.83268065287885062,0.4831615412168338,75.910511795409548,18,札幌,柏,middle,19,18,0,0,0,0,ESTABLISHED,RETURNING,1,1,0,0,1,0
2020,24043,2020-09-23,team_0008,team_0026,2,308.44982455353556,0.13518534200898927,0.20336430413273918,0.66145035385827156,2,0.66145035385827156,0.66145035385827156,0.41332034910031551,0.17424797979217019,308.44982455353556,18,鹿島,湘南,middle,19,17,0,0,0,0,ESTABLISHED,ESTABLISHED,0,0,1,1,0,0
2020,24044,2020-09-23,team_0003,team_0002,2,-45.067654883622481,0.40521415961804708,0.2397175700906839,0.35506827029126897,0,0.40521415961804708,0.35506827029126897,1.0354451973164187,0.63759996455023771,45.067654883622481,18,FC東京,Ｃ大阪,middle,20,19,0,0,0,0,ESTABLISHED,ESTABLISHED,0,0,1,0,1,0
2020,24045,2020-09-23,team_0010,team_0032,2,335.28477664419415,0.12209923834701851,0.19716327529986424,0.68073748635311715,2,0.68073748635311715,0.68073748635311715,0.38457852974468104,0.15571013375201814,335.28477664419415,18,川崎Ｆ,横浜FC,middle,19,18,0,0,0,0,ESTABLISHED,FIRST_TIME_IN_SCOPE,1,0,0,1,0,0
2020,24046,2020-09-23,team_0033,team_0024,2,187.98669663288251,0.20757651513383152,0.2271981750235843,0.56522530984258423,2,0.56522530984258423,0.56522530984258423,0.57053084884425298,0.28373605157062992,187.98669663288251,18,横浜FM,仙台,middle,20,17,0,0,0,0,ESTABLISHED,ESTABLISHED,0,0,1,1,0,0
2020,24047,2020-09-23,team_0025,team_0030,0,-120.07165268091285,0.47763291567828076,0.23179962812450525,0.29056745619721402,0,0.47763291567828076,0.47763291567828076,0.73891280035417128,0.41102788498235288,120.07165268091285,18,清水,浦和,middle,19,18,0,0,0,0,ESTABLISHED,ESTABLISHED,0,0,1,0,1,0
2020,24048,2020-09-23,team_0005,team_0018,2,55.998678241726793,0.31198955041759024,0.24100950165235341,0.44700094793005635,2,0.44700094793005635,0.44700094793005635,0.80519456372192111,0.46123101104674213,55.998678241726793,18,Ｇ大阪,名古屋,middle,17,17,0,0,0,0,ESTABLISHED,ESTABLISHED,0,0,1,1,0,0
2020,24049,2020-09-23,team_0011,team_0029,2,68.350149742243502,0.3012433822588384,0.24042153459976034,0.45833508314140131,2,0.45833508314140131,0.45833508314140131,0.78015473979380534,0.44195097180948106,68.350149742243502,18,神戸,鳥栖,middle,20,15,0,0,0,0,ESTABLISHED,ESTABLISHED,0,0,1,1,0,0
2020,24050,2020-09-23,team_0020,team_0006,0,-68.38313599518392,0.42761539482329886,0.23786795071516695,0.33451665446153417,0,0.42761539482329886,0.42761539482329886,0.84953109761848578,0.49610669033285865,68.38313599518392,18,大分,広島,middle,19,17,0,0,0,0,ESTABLISHED,ESTABLISHED,0,0,1,0,1,0
2020,24053,2020-09-26,team_0030,team_0032,0,83.281846154807909,0.28849167196154141,0.23950205983273815,0.47200626820572045,2,0.47200626820572045,0.28849167196154141,1.2430890601350655,0.78639525475769789,83.281846154807909,19,浦和,横浜FC,middle,19,19,0,0,0,0,ESTABLISHED,FIRST_TIME_IN_SCOPE,1,0,0,1,0,0
2020,24056,2020-09-26,team_0018,team_0025,2,132.86854725007606,0.24821259964802553,0.23488433025617342,0.51690307009580105,2,0.51690307009580105,0.51690307009580105,0.65989990735920367,0.35016278690678465,132.86854725007606,19,名古屋,清水,middle,18,20,0,0,0,0,ESTABLISHED,ESTABLISHED,0,0,1,1,0,0
2020,24057,2020-09-26,team_0011,team_0023,2,74.093538971072121,0.29630670301770856,0.24009464865983912,0.46359864832245246,2,0.46359864832245246,0.46359864832245246,0.76873608313241193,0.43316951264981618,74.093538971072121,19,神戸,札幌,middle,21,20,0,0,0,0,ESTABLISHED,ESTABLISHED,0,0,1,1,0,0
2020,24051,2020-09-27,team_0024,team_0002,0,-262.94443968067799,0.61109687405355251,0.20338362157095277,0.18551950437549489,0,0.61109687405355251,0.61109687405355251,0.49249978237245123,0.22702802539796418,262.94443968067799,19,仙台,Ｃ大阪,middle,18,20,0,0,0,0,ESTABLISHED,ESTABLISHED,0,0,1,0,1,0
2020,24052,2020-09-27,team_0008,team_0020,0,200.14631921052478,0.19923683952068447,0.22518426091224228,0.57557889956707331,2,0.57557889956707331,0.19923683952068447,1.6132610135776098,1.0232206601702578,200.14631921052478,19,鹿島,大分,middle,20,20,0,0,0,0,ESTABLISHED,ESTABLISHED,0,0,1,1,0,0
2020,24054,2020-09-27,team_0009,team_0033,0,-55.751741258559377,0.41545589066530036,0.2389407392163426,0.34560337011835707,0,0.41545589066530036,0.41545589066530036,0.87837882997226868,0.51822618205231574,55.751741258559377,19,柏,横浜FM,middle,19,21,0,0,0,0,RETURNING,ESTABLISHED,1,1,0,0,1,0
2020,24055,2020-09-27,team_0026,team_0010,0,-417.09898650530749,0.73262773903136236,0.16230857229148585,0.10506368867715177,0,0.73262773903136236,0.73262773903136236,0.31111756553856579,0.10887037725323122,417.09898650530749,19,湘南,川崎Ｆ,middle,18,20,0,0,0,0,ESTABLISHED,ESTABLISHED,0,0,1,0,1,0
2020,24058,2020-09-27,team_0006,team_0005,0,10.389285643764197,0.35304683126378428,0.24178670533621099,0.40516646340000478,2,0.40516646340000478,0.35304683126378428,1.0411545643786142,0.6411690764792376,10.389285643764197,19,広島,Ｇ大阪,middle,18,18,0,0,0,0,ESTABLISHED,ESTABLISHED,0,0,1,1,0,0
2020,24059,2020-09-27,team_0029,team_0003,2,-218.67025701567354,0.57122082212104663,0.21368451892931792,0.21509465894963548,0,0.57122082212104663,0.21509465894963548,1.5366770735623636,0.98803069566408752,218.67025701567354,19,鳥栖,FC東京,middle,16,21,0,0,0,0,ESTABLISHED,ESTABLISHED,0,0,1,0,1,0
2020,24109,2020-09-30,team_0033,team_0029,1,179.19102895335868,0.21375219150323879,0.22858746728947416,0.55766034120728714,2,0.55766034120728714,0.22858746728947416,1.475836352879885,0.95175235115073331,179.19102895335868,25,横浜FM,鳥栖,middle,22,17,0,0,0,0,ESTABLISHED,ESTABLISHED,0,0,1,1,0,0
2020,24142,2020-09-30,team_0030,team_0003,0,-124.22627988663476,0.48165121884262713,0.23119988342940681,0.28714889772796603,0,0.48165121884262713,0.48165121884262713,0.73053503922502172,0.40459333449149115,124.22627988663476,29,浦和,FC東京,middle,20,22,0,0,0,0,ESTABLISHED,ESTABLISHED,0,0,1,0,1,0
2020,24147,2020-09-30,team_0011,team_0018,2,1.4985289148180527,0.36126959542501613,0.24167832622075935,0.39705207835422451,2,0.39705207835422451,0.39705207835422451,0.92368782716469255,0.55247033016038283,1.4985289148180527,29,神戸,名古屋,middle,22,19,0,0,0,0,ESTABLISHED,ESTABLISHED,0,0,1,1,0,1
2020,24060,2020-10-03,team_0023,team_0024,1,30.107662043119262,0.33504997761621469,0.24172303738406883,0.4232269849997165,2,0.4232269849997165,0.24172303738406883,1.4199626818550479,0.86636352036661834,30.107662043119262,20,札幌,仙台,middle,21,19,0,0,0,0,ESTABLISHED,ESTABLISHED,0,0,1,1,0,0
2020,24063,2020-10-03,team_0032,team_0009,0,-57.181879180161332,0.4168300667652669,0.23882763460020293,0.3443422986345302,0,0.4168300667652669,0.4168300667652669,0.87507665399198753,0.51569742870664304,57.181879180161332,20,横浜FC,柏,middle,20,20,0,0,0,0,FIRST_TIME_IN_SCOPE,RETURNING,1,1,0,0,1,0
2020,24065,2020-10-03,team_0005,team_0008,2,-54.006430515870534,0.41377985200890977,0.239075861561973,0.34714428642911732,0,0.41377985200890977,0.34714428642911732,1.058014774425809,0.65459161625226137,54.006430515870534,20,Ｇ大阪,鹿島,middle,19,21,0,0,0,0,ESTABLISHED,ESTABLISHED,0,0,1,0,1,0
2020,24066,2020-10-03,team_0002,team_0010,0,-107.2800974442664,0.46524856816226123,0.23354461010927199,0.30120682172846669,0,0.46524856816226123,0.46524856816226123,0.76518346103085066,0.431227728219368,107.2800974442664,20,Ｃ大阪,川崎Ｆ,middle,21,21,0,0,0,0,ESTABLISHED,ESTABLISHED,0,0,1,0,1,0
2020,24067,2020-10-03,team_0006,team_0029,2,108.32763023099415,0.26773262694361522,0.23746183908625351,0.49480553397013144,2,0.49480553397013144,0.49480553397013144,0.7035904542698167,0.38329033305955884,108.32763023099415,20,広島,鳥栖,middle,19,18,0,0,0,0,ESTABLISHED,ESTABLISHED,0,0,1,1,0,0
2020,24068,2020-10-03,team_0020,team_0025,2,135.75259276934003,0.24597445238667329,0.23454542296400452,0.51948012464932225,2,0.51948012464932225,0.51948012464932225,0.65492672779009109,0.34641433726731846,135.75259276934003,20,大分,清水,middle,21,21,0,0,0,0,ESTABLISHED,ESTABLISHED,0,0,1,1,0,0
2020,24061,2020-10-04,team_0030,team_0018,0,-16.12137379437354,0.37774021541476299,0.24121104858696529,0.38104873599827177,2,0.38104873599827177,0.37774021541476299,0.9735485804420233,0.59058814867836951,16.12137379437354,20,浦和,名古屋,middle,21,20,0,0,0,0,ESTABLISHED,ESTABLISHED,0,0,1,1,0,1
2020,24062,2020-10-04,team_0033,team_0011,0,90.561863142633456,0.28237411344088043,0.23897245586083024,0.47865343069828931,2,0.47865343069828931,0.28237411344088043,1.2645224438504949,0.80120385443916087,90.561863142633456,20,横浜FM,神戸,middle,23,23,0,0,0,0,ESTABLISHED,ESTABLISHED,0,0,1,1,0,0
2020,24064,2020-10-04,team_0026,team_0003,0,-284.97588693002308,0.63022320206212668,0.19789730140118025,0.17187949653669313,0,0.63022320206212668,0.63022320206212668,0.46168123335457978,0.20544078352476353,284.97588693002308,20,湘南,FC東京,middle,19,23,0,0,0,0,ESTABLISHED,ESTABLISHED,0,0,1,0,1,0
2020,23977,2020-10-07,team_0029,team_0005,0,-157.47067495192937,0.5136561876294008,0.22584511238808289,0.26049869998251629,0,0.5136561876294008,0.5136561876294008,0.66620113300012951,0.35539589131333543,157.47067495192937,10,鳥栖,Ｇ大阪,middle,19,20,0,0,0,0,ESTABLISHED,ESTABLISHED,0,0,1,0,1,0
2020,24069,2020-10-10,team_0023,team_0026,2,68.799659004470413,0.30085560472727069,0.24039716779460354,0.45874722747812563,2,0.45874722747812563,0.45874722747812563,0.77925592327603266,0.44125945694209434,68.799659004470413,21,札幌,湘南,middle,22,20,0,0,0,0,ESTABLISHED,ESTABLISHED,0,0,1,1,0,0
2020,24070,2020-10-10,team_0008,team_0032,2,191.70875074757828,0.20499927356761496,0.22659301159203188,0.56840771484035324,2,0.56840771484035324,0.56840771484035324,0.56491630994427711,0.2796409956749224,191.70875074757828,21,鹿島,横浜FC,middle,22,21,0,0,0,0,ESTABLISHED,FIRST_TIME_IN_SCOPE,1,0,0,1,0,0
2020,24071,2020-10-10,team_0009,team_0011,2,1.6898819339762667,0.36109196341303634,0.24168155840804836,0.39722647817891527,2,0.39722647817891527,0.39722647817891527,0.9232486869510762,0.55213330032461827,1.6898819339762667,21,柏,神戸,middle,21,24,0,0,0,0,RETURNING,ESTABLISHED,1,1,0,1,0,1
2020,24072,2020-10-10,team_0003,team_0005,0,32.639743563328921,0.3327648193121589,0.24168463683513947,0.42555054385270163,2,0.42555054385270163,0.3327648193121589,1.1003192868243521,0.68470751540299946,32.639743563328921,21,FC東京,Ｇ大阪,middle,24,21,0,0,0,0,ESTABLISHED,ESTABLISHED,0,0,1,1,0,0
2020,24073,2020-10-10,team_0010,team_0024,2,402.72398621835578,0.093722806709690132,0.1808346377124056,0.72544255557790427,2,0.72544255557790427,0.72544255557790427,0.32097338887211091,0.11686692098171111,402.72398621835578,21,川崎Ｆ,仙台,middle,22,20,0,0,0,0,ESTABLISHED,ESTABLISHED,0,0,1,1,0,0
2020,24074,2020-10-10,team_0033,team_0020,2,76.915474617497921,0.2938955767071712,0.23992172730630043,0.46618269598652828,2,0.46618269598652828,0.46618269598652828,0.76317767021535254,0.42889795930589086,76.915474617497921,21,横浜FM,大分,middle,24,22,0,0,0,0,ESTABLISHED,ESTABLISHED,0,0,1,1,0,0
2020,24075,2020-10-10,team_0025,team_0006,0,-203.05221033153839,0.55675876390987866,0.21704168744413097,0.22619954864599051,0,0.55675876390987866,0.55675876390987866,0.58562323177433728,0.29473612326694437,203.05221033153839,21,清水,広島,middle,22,20,0,0,0,0,ESTABLISHED,ESTABLISHED,0,0,1,0,1,0
2020,24076,2020-10-10,team_0018,team_0002,2,-139.92549532333419,0.49680469645163783,0.22879182838332809,0.27440347516503416,0,0.49680469645163783,0.27440347516503416,1.2931557186149967,0.82565092400396944,139.92549532333419,21,名古屋,Ｃ大阪,middle,21,22,0,0,0,0,ESTABLISHED,ESTABLISHED,0,0,1,0,1,0
2020,24077,2020-10-10,team_0029,team_0030,0,-31.220734271900028,0.39201530894060344,0.2405440620710643,0.36744062898833235,0,0.39201530894060344,0.39201530894060344,0.93645438653433277,0.56251944619157923,31.220734271900028,21,鳥栖,浦和,middle,20,22,0,0,0,0,ESTABLISHED,ESTABLISHED,0,0,1,0,1,1
2020,24078,2020-10-14,team_0024,team_0032,1,-42.934700956190227,0.40317513485555673,0.23985819370308015,0.35696667144136313,0,0.40317513485555673,0.23985819370308015,1.427707389836951,0.86779095956606644,42.934700956190227,22,仙台,横浜FC,middle,21,22,0,0,0,0,ESTABLISHED,FIRST_TIME_IN_SCOPE,1,0,0,0,1,1
2020,24079,2020-10-14,team_0009,team_0030,1,68.422623323961716,0.30118084556285685,0.24041761999854377,0.45840153443859943,2,0.45840153443859943,0.24041761999854377,1.4253777845039015,0.87780726051829661,68.422623323961716,22,柏,浦和,middle,22,23,0,0,0,0,RETURNING,ESTABLISHED,1,1,0,1,0,0
2020,24080,2020-10-14,team_0003,team_0025,2,281.53030896552787,0.14940013849181011,0.20932987554741614,0.64126998596077389,2,0.64126998596077389,0.64126998596077389,0.44430471579255387,0.19482662115065214,281.53030896552787,22,FC東京,清水,middle,25,23,0,0,0,0,ESTABLISHED,ESTABLISHED,0,0,1,1,0,0
2020,24081,2020-10-14,team_0018,team_0023,2,113.11326084545044,0.26386055709712863,0.23700310029180977,0.49913634261106149,2,0.49913634261106149,0.49913634261106149,0.69487598886610336,0.37665726643256059,113.11326084545044,22,名古屋,札幌,middle,22,23,0,0,0,0,ESTABLISHED,ESTABLISHED,0,0,1,1,0,0
2020,24082,2020-10-14,team_0005,team_0033,1,54.199602765813779,0.31356911573879631,0.24108192209227997,0.44534896216892367,2,0.44534896216892367,0.24108192209227997,1.4226184775590236,0.87261793742529625,54.199602765813779,22,Ｇ大阪,横浜FM,middle,22,25,0,0,0,0,ESTABLISHED,ESTABLISHED,0,0,1,1,0,0
2020,24083,2020-10-14,team_0002,team_0026,2,306.69314813803589,0.13607936806870435,0.20376203319417016,0.66015859873712535,2,0.66015859873712535,0.66015859873712535,0.41527517171249806,0.1755287385977142,306.69314813803589,22,Ｃ大阪,湘南,middle,23,21,0,0,0,0,ESTABLISHED,ESTABLISHED,0,0,1,1,0,0
2020,24084,2020-10-14,team_0011,team_0020,1,33.394208707098869,0.33208512568471815,0.24167187090554451,0.42624300340973742,2,0.42624300340973742,0.24167187090554451,1.4201743782458784,0.86702518003268558,33.394208707098869,22,神戸,大分,middle,25,23,0,0,0,0,ESTABLISHED,ESTABLISHED,0,0,1,1,0,0
2020,24085,2020-10-14,team_0006,team_0010,0,-226.50219495375177,0.57840140353237568,0.21194274833244336,0.20965584813518098,0,0.57840140353237568,0.57840140353237568,0.54748718156311327,0.2666206797714622,226.50219495375177,22,広島,川崎Ｆ,middle,21,23,0,0,0,0,ESTABLISHED,ESTABLISHED,0,0,1,0,1,0
2020,24086,2020-10-14,team_0029,team_0008,0,-231.39480191387679,0.58286117499083878,0.21083595312412995,0.20630287188503124,0,0.58286117499083878,0.58286117499083878,0.53980624278673228,0.26101747340779557,231.39480191387679,22,鳥栖,鹿島,middle,21,23,0,0,0,0,ESTABLISHED,ESTABLISHED,0,0,1,0,1,0
2020,24093,2020-10-17,team_0002,team_0033,2,51.891001846655854,0.31560122789016409,0.24116989436146272,0.44322887774837311,2,0.44322887774837311,0.44322887774837311,0.81366898829722445,0.46776113556543447,51.891001846655854,23,Ｃ大阪,横浜FM,middle,24,26,0,0,0,0,ESTABLISHED,ESTABLISHED,0,0,1,1,0,0
2020,24087,2020-10-18,team_0023,team_0008,2,-237.34839881136259,0.58826009916055411,0.2094704498127084,0.20226945102673749,0,0.58826009916055411,0.20226945102673749,1.598154554482528,1.026301842374306,237.34839881136259,23,札幌,鹿島,middle,24,24,0,0,0,0,ESTABLISHED,ESTABLISHED,0,0,1,0,1,0
2020,24088,2020-10-18,team_0030,team_0024,2,97.216815676409624,0.27684098814800612,0.23844250500227729,0.48471650684971657,2,0.48471650684971657,0.48471650684971657,0.72419108090356121,0.39901283922368369,97.216815676409624,23,浦和,仙台,middle,24,22,0,0,0,0,ESTABLISHED,ESTABLISHED,0,0,1,1,0,0
2020,24089,2020-10-18,team_0010,team_0018,2,278.5240406195926,0.15105656808967022,0.20997759363814095,0.63896583827218878,2,0.63896583827218878,0.63896583827218878,0.44790428726658632,0.19725434252759677,278.5240406195926,23,川崎Ｆ,名古屋,middle,24,23,0,0,0,0,ESTABLISHED,ESTABLISHED,0,0,1,1,0,0
2020,24090,2020-10-18,team_0032,team_0003,2,-182.84290418948126,0.53779375199852497,0.22113784813786683,0.2410683998636082,0,0.53779375199852497,0.2410683998636082,1.4226745688984237,0.91410124125328129,182.84290418948126,23,横浜FC,FC東京,middle,23,26,0,0,0,0,FIRST_TIME_IN_SCOPE,ESTABLISHED,1,0,0,0,1,0
2020,24091,2020-10-18,team_0026,team_0009,2,-203.29215493486754,0.55698230636650237,0.21699133064973497,0.22602636298376275,0,0.55698230636650237,0.22602636298376275,1.4871036361423451,0.956349717978633,203.29215493486754,23,湘南,柏,middle,22,23,0,0,0,0,ESTABLISHED,RETURNING,1,1,0,0,1,0
2020,24092,2020-10-18,team_0025,team_0029,1,-51.496582474112301,0.41137158092951637,0.23926455856067347,0.34936386050981011,0,0.41137158092951637,0.23926455856067347,1.4301853996720988,0.87000009648865484,51.496582474112301,23,清水,鳥栖,middle,24,22,0,0,0,0,ESTABLISHED,ESTABLISHED,0,0,1,0,1,0
2020,24094,2020-10-18,team_0006,team_0011,2,40.064446680858509,0.32610036518199437,0.24153262982992274,0.43236700498808284,2,0.43236700498808284,0.43236700498808284,0.83848050281664732,0.48688667647058781,40.064446680858509,23,広島,神戸,middle,22,26,0,0,0,0,ESTABLISHED,ESTABLISHED,0,0,1,1,0,0
2020,24095,2020-10-18,team_0020,team_0005,0,-125.78782824886434,0.48316080767851494,0.23097035030185706,0.28586884201962803,0,0.48316080767851494,0.48316080767851494,0.72740574558796889,0.4021910482757306,125.78782824886434,23,大分,Ｇ大阪,middle,24,23,0,0,0,0,ESTABLISHED,ESTABLISHED,0,0,1,0,1,0
2020,24002,2020-10-21,team_0026,team_0029,1,-47.281788193237389,0.4073328689042453,0.23956648894993571,0.35310064214581904,0,0.4073328689042453,0.23956648894993571,1.4289242850019117,0.86885925430148114,47.281788193237389,13,湘南,鳥栖,middle,23,23,0,0,0,0,ESTABLISHED,ESTABLISHED,0,0,1,0,1,0
2020,24179,2020-10-21,team_0033,team_0018,2,53.677588515671232,0.31402810271990561,0.24110230225250576,0.4448695950275886,2,0.4448695950275886,0.4448695950275886,0.80997408464376186,0.4649137359741557,53.677588515671232,33,横浜FM,名古屋,closing,27,24,0,0,0,0,ESTABLISHED,ESTABLISHED,0,0,1,1,0,0
2020,24184,2020-10-21,team_0011,team_0008,0,-117.3454756633846,0.47499487275758279,0.23218445539441371,0.29282067184800359,0,0.47499487275758279,0.47499487275758279,0.74445126920031612,0.41528395081914338,117.3454756633846,33,神戸,鹿島,closing,27,25,0,0,0,0,ESTABLISHED,ESTABLISHED,0,0,1,0,1,0
2020,24096,2020-10-24,team_0023,team_0032,2,-29.688377048518305,0.39056061884345988,0.24062292775434574,0.36881645340219432,0,0.39056061884345988,0.36881645340219432,0.99745617494833017,0.60882965984824389,29.688377048518305,24,札幌,横浜FC,middle,25,24,0,0,0,0,ESTABLISHED,FIRST_TIME_IN_SCOPE,1,0,0,0,1,1
2020,24097,2020-10-24,team_0008,team_0006,2,81.260626928257352,0.29020191805947226,0.23963971626372446,0.47015836567680314,2,0.47015836567680314,0.47015836567680314,0.75468569278382802,0.42237650431863127,81.260626928257352,24,鹿島,広島,middle,26,23,0,0,0,0,ESTABLISHED,ESTABLISHED,0,0,1,1,0,0
2020,24098,2020-10-24,team_0030,team_0002,2,-158.42415263634666,0.51456871418846495,0.22567753419924019,0.25975375161229486,0,0.51456871418846495,0.25975375161229486,1.3480212059413852,0.86367581931589144,158.42415263634666,24,浦和,Ｃ大阪,middle,25,25,0,0,0,0,ESTABLISHED,ESTABLISHED,0,0,1,0,1,0
2020,24101,2020-10-24,team_0018,team_0024,2,141.29981431663214,0.24170339216594558,0.23387292181043298,0.52442368602362144,2,0.52442368602362144,0.52442368602362144,0.64545536025675299,0.3392899037560328,141.29981431663214,24,名古屋,仙台,middle,25,23,0,0,0,0,ESTABLISHED,ESTABLISHED,0,0,1,1,0,0
2020,24102,2020-10-24,team_0005,team_0009,2,125.22278272936296,0.2542036375694704,0.23574670753388885,0.51004965489664067,2,0.51004965489664067,0.51004965489664067,0.67324719546075762,0.3602473401335205,125.22278272936296,24,Ｇ大阪,柏,middle,24,24,0,0,0,0,ESTABLISHED,RETURNING,1,1,0,1,0,0
2020,24136,2020-10-24,team_0003,team_0033,0,18.839838417048895,0.34529174739450447,0.24181062787725377,0.41289762472824171,2,0.41289762472824171,0.34529174739450447,1.0633655746849884,0.65759972429035685,18.839838417048895,28,FC東京,横浜FM,middle,27,28,0,0,0,0,ESTABLISHED,ESTABLISHED,0,0,1,1,0,0
2020,24104,2020-10-25,team_0029,team_0026,1,57.838575843921262,0.31037784474815738,0.2409319452162044,0.44869021003563825,2,0.44869021003563825,0.2409319452162044,1.4232407703646348,0.87384162288559164,57.838575843921262,24,鳥栖,湘南,middle,24,24,0,0,0,0,ESTABLISHED,ESTABLISHED,0,0,1,1,0,0
2020,24150,2020-10-28,team_0024,team_0011,0,-116.03847750589352,0.47372981145295012,0.23236648543949118,0.29390370310755864,0,0.47372981145295012,0.47372981145295012,0.7471181378408529,0.41733388160918466,116.03847750589352,30,仙台,神戸,closing,24,28,0,0,0,0,ESTABLISHED,ESTABLISHED,0,0,1,0,1,0
2020,24152,2020-10-28,team_0003,team_0009,0,71.973578883984374,0.29812433732053389,0.24021922895135736,0.46165643372810872,2,0.46165643372810872,0.29812433732053389,1.2102446401662068,0.76346138662228002,71.973578883984374,30,FC東京,柏,closing,28,25,0,0,0,0,ESTABLISHED,RETURNING,1,1,0,1,0,0
2020,24174,2020-10-28,team_0006,team_0033,2,-52.967820297002163,0.41278298995524609,0.23915475135822439,0.3480622586865294,0,0.41278298995524609,0.3480622586865294,1.0553739109374873,0.65260761044251669,52.967820297002163,32,広島,横浜FM,closing,24,29,0,0,0,0,ESTABLISHED,ESTABLISHED,0,0,1,0,1,0
2020,24105,2020-10-31,team_0024,team_0006,1,-208.93094319613579,0.56222375726781959,0.21579677704349873,0.22197946568868168,0,0.56222375726781959,0.21579677704349873,1.5334181611931761,0.98034513131914069,208.93094319613579,25,仙台,広島,middle,25,25,0,0,0,0,ESTABLISHED,ESTABLISHED,0,0,1,0,1,0
2020,24106,2020-10-31,team_0008,team_0018,0,124.24153998886914,0.25497851969110502,0.2358535483868697,0.50916793192202525,2,0.50916793192202525,0.25497851969110502,1.3665759738772751,0.86993588530608701,124.24153998886914,25,鹿島,名古屋,middle,27,26,0,0,0,0,ESTABLISHED,ESTABLISHED,0,0,1,1,0,0
2020,24107,2020-10-31,team_0009,team_0025,1,204.94962002951024,0.19600616068292043,0.22435998116193018,0.57963385815514945,2,0.57963385815514945,0.22435998116193018,1.4945034583055889,0.976011263368604,204.94962002951024,25,柏,清水,middle,26,25,0,0,0,0,RETURNING,ESTABLISHED,1,1,0,1,0,0
2020,24108,2020-10-31,team_0010,team_0003,2,250.53570559384229,0.16715301738212515,0.21580285579851441,0.61704412681936049,2,0.61704412681936049,0.61704412681936049,0.48281473928826113,0.22116620459428948,250.53570559384229,25,川崎Ｆ,FC東京,middle,25,29,0,0,0,0,ESTABLISHED,ESTABLISHED,0,0,1,1,0,0
2020,24110,2020-10-31,team_0026,team_0032,2,-96.168145716050731,0.45448437322298879,0.23493315196228856,0.31058247481472273,0,0.45448437322298879,0.31058247481472273,1.1693057935080955,0.73704615542742102,96.168145716050731,25,湘南,横浜FC,middle,25,25,0,0,0,0,ESTABLISHED,FIRST_TIME_IN_SCOPE,1,0,0,0,1,0
2020,24111,2020-10-31,team_0005,team_0023,2,212.4875678995179,0.19100917095568726,0.2230347945882222,0.58595603445609046,2,0.58595603445609046,0.58595603445609046,0.53451051874519784,0.25766142838951556,212.4875678995179,25,Ｇ大阪,札幌,middle,25,26,0,0,0,0,ESTABLISHED,ESTABLISHED,0,0,1,1,0,0
2020,24113,2020-10-31,team_0020,team_0030,1,-20.189504484562349,0.38157283731165664,0.24105550752355168,0.37737165516479165,0,0.38157283731165664,0.24105550752355168,1.4227280503369586,0.86400393895621619,20.189504484562349,25,大分,浦和,middle,25,26,0,0,0,0,ESTABLISHED,ESTABLISHED,0,0,1,0,1,1
2020,24116,2020-11-03,team_0010,team_0023,0,381.85230873183832,0.10184401361819385,0.18596925838211453,0.71218672799969163,2,0.71218672799969163,0.10184401361819385,2.2843129144903944,1.3484786764755756,381.85230873183832,26,川崎Ｆ,札幌,middle,26,27,0,0,0,0,ESTABLISHED,ESTABLISHED,0,0,1,1,0,0
2020,24117,2020-11-03,team_0032,team_0020,0,-41.782256266080822,0.40207428472769297,0.23993216164835876,0.35799355362394841,0,0.40207428472769297,0.40207428472769297,0.91111841955446005,0.54324198761345688,41.782256266080822,26,横浜FC,大分,middle,26,26,0,0,0,0,FIRST_TIME_IN_SCOPE,ESTABLISHED,1,0,0,0,1,1
2020,24119,2020-11-03,team_0025,team_0011,2,-166.25586001651754,0.5220492533741371,0.2242729459670546,0.25367780065880829,0,0.5220492533741371,0.25367780065880829,1.3716903185357319,0.87983060247070877,166.25586001651754,26,清水,神戸,middle,26,29,0,0,0,0,ESTABLISHED,ESTABLISHED,0,0,1,0,1,0
2020,24120,2020-11-03,team_0002,team_0005,1,-17.40076100681631,0.37894441030676246,0.24116405685750358,0.37989153283573396,2,0.37989153283573396,0.24116405685750358,1.422277843237109,0.86374843142798563,17.40076100681631,26,Ｃ大阪,Ｇ大阪,middle,26,26,0,0,0,0,ESTABLISHED,ESTABLISHED,0,0,1,1,0,1
2020,24121,2020-11-03,team_0006,team_0030,1,57.634770093146926,0.31055618827909265,0.24094070985713764,0.44850310186376974,2,0.44850310186376974,0.24094070985713764,1.4232043929489755,0.87377118441204837,57.634770093146926,26,広島,浦和,middle,26,27,0,0,0,0,ESTABLISHED,ESTABLISHED,0,0,1,1,0,0
2020,24122,2020-11-03,team_0029,team_0018,1,-161.54758174920585,0.51755532382099301,0.22512334038451043,0.25732133579449656,0,0.51755532382099301,0.22512334038451043,1.4911068474864919,0.93451162068737625,161.54758174920585,26,鳥栖,名古屋,middle,25,27,0,0,0,0,ESTABLISHED,ESTABLISHED,0,0,1,0,1,0
2020,24162,2020-11-03,team_0033,team_0008,0,-23.946551844772557,0.38512144192489078,0.24089601547656761,0.37398254259854169,0,0.38512144192489078,0.38512144192489078,0.95419656086191762,0.57596947362148221,23.946551844772557,31,横浜FM,鹿島,closing,30,28,0,0,0,0,ESTABLISHED,ESTABLISHED,0,0,1,0,1,1
2020,23986,2020-11-08,team_0024,team_0029,0,-29.047174475969541,0.38995229471310849,0.2406551808409603,0.36939252444593113,0,0.38995229471310849,0.38995229471310849,0.94173086858873878,0.56652395590793514,29.047174475969541,11,仙台,鳥栖,middle,26,26,0,0,0,0,ESTABLISHED,ESTABLISHED,0,0,1,0,1,1
2020,24137,2020-11-08,team_0032,team_0011,2,-81.62764378931729,0.44040867881075507,0.23656626458934513,0.32302505659989977,0,0.44040867881075507,0.32302505659989977,1.1300253841555423,0.70821847590515974,81.62764378931729,28,横浜FC,神戸,middle,27,30,0,0,0,0,FIRST_TIME_IN_SCOPE,ESTABLISHED,1,0,0,0,1,0
2020,23946,2020-11-11,team_0006,team_0018,2,5.4841175520830348,0.3575756699062585,0.2417374736045515,0.40068685648919006,2,0.40068685648919006,0.40068685648919006,0.91457506325263427,0.54547360983842941,5.4841175520830348,7,広島,名古屋,middle,27,28,0,0,0,0,ESTABLISHED,ESTABLISHED,0,0,1,1,0,1
2020,24118,2020-11-11,team_0026,team_0033,2,-218.42769014321789,0.57099763604206211,0.21373786048921192,0.21526450346872608,0,0.57099763604206211,0.21526450346872608,1.5358877582985535,0.98753197288831407,218.42769014321789,26,湘南,横浜FM,middle,26,31,0,0,0,0,ESTABLISHED,ESTABLISHED,0,0,1,0,1,0
2020,24172,2020-11-11,team_0005,team_0011,2,171.79437781338697,0.21903785802765402,0.22971021119726193,0.55125193077508405,2,0.55125193077508405,0.55125193077508405,0.59556334968738012,0.30211919401072335,171.79437781338697,32,Ｇ大阪,神戸,closing,27,31,0,0,0,0,ESTABLISHED,ESTABLISHED,0,0,1,1,0,0
2020,24177,2020-11-11,team_0003,team_0023,2,97.717227570987461,0.27642725346725233,0.23840090362286029,0.4851718429098873,2,0.4851718429098873,0.4851718429098873,0.72325213552137102,0.39829504864044668,97.717227570987461,33,FC東京,札幌,closing,30,28,0,0,0,0,ESTABLISHED,ESTABLISHED,0,0,1,1,0,0
2020,24123,2020-11-14,team_0023,team_0029,1,44.708904706188378,0.32195974918305642,0.24140778231590851,0.43663246850103499,2,0.43663246850103499,0.24140778231590851,1.4212677325785774,0.86976814537419189,44.708904706188378,27,札幌,鳥栖,middle,29,27,0,0,0,0,ESTABLISHED,ESTABLISHED,0,0,1,1,0,0
2020,24124,2020-11-14,team_0008,team_0010,1,-138.41930847800541,0.49535344756666655,0.22903241026161478,0.27561414217171865,0,0.49535344756666655,0.22903241026161478,1.473891755915554,0.91572921780824967,138.41930847800541,27,鹿島,川崎Ｆ,middle,29,27,0,0,0,0,ESTABLISHED,ESTABLISHED,0,0,1,0,1,0
2020,24126,2020-11-14,team_0033,team_0030,2,45.411827369175853,0.32133502458218399,0.24138689909896335,0.43727807631885268,2,0.43727807631885268,0.43727807631885268,0.82718595600970324,0.47817979647125697,45.411827369175853,27,横浜FM,浦和,middle,32,28,0,0,0,0,ESTABLISHED,ESTABLISHED,0,0,1,1,0,0
2020,24127,2020-11-14,team_0025,team_0002,2,-267.5954434152934,0.61517720582055002,0.20224299269574325,0.18257980148370673,0,0.61517720582055002,0.18257980148370673,1.700567933129687,1.087521003598126,267.5954434152934,27,清水,Ｃ大阪,middle,27,27,0,0,0,0,ESTABLISHED,ESTABLISHED,0,0,1,0,1,0
2020,24129,2020-11-14,team_0005,team_0024,0,320.27249741065179,0.12928866816703466,0.20066009583750097,0.67005123599546434,2,0.67005123599546434,0.12928866816703466,2.0457076368977085,1.2473713563029007,320.27249741065179,27,Ｇ大阪,仙台,middle,28,27,0,0,0,0,ESTABLISHED,ESTABLISHED,0,0,1,1,0,0
2020,24131,2020-11-14,team_0006,team_0032,1,140.64650795971716,0.24220407815324124,0.23395352369727049,0.5238423981494883,2,0.5238423981494883,0.23395352369727049,1.4526328000296713,0.9199008774288967,140.64650795971716,27,広島,横浜FC,middle,28,28,0,0,0,0,ESTABLISHED,FIRST_TIME_IN_SCOPE,1,0,0,1,0,0
2020,24128,2020-11-15,team_0018,team_0003,2,-18.847131287746379,0.38030702607870664,0.24110880510591126,0.37858416881538204,0,0.38030702607870664,0.37858416881538204,0.97131685614885388,0.58892452523130001,18.847131287746379,27,名古屋,FC東京,middle,29,31,0,0,0,0,ESTABLISHED,ESTABLISHED,0,0,1,0,1,1
2020,24130,2020-11-15,team_0011,team_0026,0,102.48689850146911,0.27250026189401416,0.23799218051476922,0.48950755759121661,2,0.48950755759121661,0.27250026189401416,1.300115703800349,0.82551379586937068,102.48689850146911,27,神戸,湘南,middle,32,27,0,0,0,0,ESTABLISHED,ESTABLISHED,0,0,1,1,0,0
2020,24153,2020-11-18,team_0010,team_0033,2,216.49958276337861,0.18838600110831247,0.222314123416748,0.58929987547493956,2,0.58929987547493956,0.58929987547493956,0.52882009844842315,0.2535874471690383,216.49958276337861,30,川崎Ｆ,横浜FM,closing,28,33,0,0,0,0,ESTABLISHED,ESTABLISHED,0,0,1,1,0,0
2020,24166,2020-11-18,team_0011,team_0030,0,-55.164003842830425,0.41489135906287272,0.23898659925750815,0.34612204167961913,0,0.41489135906287272,0.41489135906287272,0.87973857841388359,0.51926718406042893,55.164003842830425,31,神戸,浦和,closing,33,29,0,0,0,0,ESTABLISHED,ESTABLISHED,0,0,1,0,1,0
2020,24168,2020-11-18,team_0024,team_0003,1,-186.67783814358722,0.54141232942393858,0.22038319614632965,0.23820447442973167,0,0.54141232942393858,0.22038319614632965,1.5123874471402519,0.95767104294161243,186.67783814358722,32,仙台,FC東京,closing,28,32,0,0,0,0,ESTABLISHED,ESTABLISHED,0,0,1,0,1,0
2020,24132,2020-11-21,team_0023,team_0025,2,69.422495059388893,0.30031869555006713,0.24036306295813156,0.45931824149180128,2,0.45931824149180128,0.45931824149180128,0.77801197258491428,0.44030248491502666,69.422495059388893,28,札幌,清水,middle,30,28,0,0,0,0,ESTABLISHED,ESTABLISHED,0,0,1,1,0,0
2020,24133,2020-11-21,team_0024,team_0008,0,-276.16507379855534,0.62263629966473977,0.20011611729740117,0.17724758303785909,0,0.62263629966473977,0.62263629966473977,0.47379271932576178,0.21386652842567008,276.16507379855534,28,仙台,鹿島,middle,29,30,0,0,0,0,ESTABLISHED,ESTABLISHED,0,0,1,0,1,0
2020,24135,2020-11-21,team_0009,team_0029,0,105.97184681138583,0.26965008901691584,0.23767967390278205,0.49267023708030216,2,0.49267023708030216,0.26965008901691584,1.310630127078741,0.83262658236429299,105.97184681138583,28,柏,鳥栖,middle,27,28,0,0,0,0,RETURNING,ESTABLISHED,1,1,0,1,0,0
2020,24138,2020-11-21,team_0018,team_0026,2,149.78342497304311,0.23525850859797329,0.23279278971761461,0.53194870168441211,2,0.53194870168441211,0.53194870168441211,0.63120821969496133,0.32861106666715967,149.78342497304311,28,名古屋,湘南,middle,30,28,0,0,0,0,ESTABLISHED,ESTABLISHED,0,0,1,1,0,0
2020,24139,2020-11-21,team_0002,team_0006,0,52.403298034065301,0.3151497860958129,0.24115085452031348,0.44369935938387367,2,0.44369935938387367,0.3151497860958129,1.1547072417609512,0.72404267163814806,52.403298034065301,28,Ｃ大阪,広島,middle,28,29,0,0,0,0,ESTABLISHED,ESTABLISHED,0,0,1,1,0,0
2020,24140,2020-11-21,team_0020,team_0010,2,-292.3689248191381,0.63652311621122959,0.19601219170289697,0.16746469208587358,0,0.63652311621122959,0.16746469208587358,1.7869827434542647,1.1366974956910969,292.3689248191381,28,大分,川崎Ｆ,middle,27,29,0,0,0,0,ESTABLISHED,ESTABLISHED,0,0,1,0,1,0
2020,24134,2020-11-22,team_0030,team_0005,0,-100.41621472553516,0.45859942915867696,0.23441650336134906,0.30698406747997398,0,0.45859942915867696,0.45859942915867696,0.7795781533068683,0.44230489284202101,100.41621472553516,28,浦和,Ｇ大阪,middle,30,29,0,0,0,0,ESTABLISHED,ESTABLISHED,0,0,1,0,1,0
2020,24141,2020-11-25,team_0008,team_0009,0,155.49067013350668,0.23098270829054496,0.23203172431347524,0.5369855673959798,2,0.5369855673959798,0.23098270829054496,1.4654124271472719,0.93357981562761205,155.49067013350668,29,鹿島,柏,middle,31,28,0,0,0,0,ESTABLISHED,RETURNING,1,1,0,1,0,0
2020,24143,2020-11-25,team_0010,team_0005,2,119.48184819505559,0.25875640253007193,0.2363592698807018,0.5048843275892263,2,0.5048843275892263,0.5048843275892263,0.68342593022247489,0.36796010937561563,119.48184819505559,29,川崎Ｆ,Ｇ大阪,middle,30,30,0,0,0,0,ESTABLISHED,ESTABLISHED,0,0,1,1,0,0
2020,24145,2020-11-25,team_0032,team_0025,0,64.247960383489726,0.3047930865595741,0.2406343076302829,0.45457260581014286,2,0.45457260581014286,0.3047930865595741,1.1881221373180448,0.74785377645709306,64.247960383489726,29,横浜FC,清水,middle,29,29,0,0,0,0,FIRST_TIME_IN_SCOPE,ESTABLISHED,1,0,0,1,0,0
2020,24146,2020-11-25,team_0026,team_0006,1,-179.09232429755912,0.53424653859606508,0.22186526658921915,0.24388819481471577,0,0.53424653859606508,0.22186526658921915,1.505684988608385,0.95039447891212459,179.09232429755912,29,湘南,広島,middle,29,30,0,0,0,0,ESTABLISHED,ESTABLISHED,0,0,1,0,1,0
2020,24148,2020-11-25,team_0029,team_0024,0,86.272245684253448,0.28597069237180595,0.23929089767080727,0.4747384099573867,2,0.4747384099573867,0.28597069237180595,1.2518659476375813,0.79247454374896675,86.272245684253448,29,鳥栖,仙台,middle,29,30,0,0,0,0,ESTABLISHED,ESTABLISHED,0,0,1,1,0,0
2020,24149,2020-11-25,team_0020,team_0002,0,-67.05050892820509,0.4263303593975406,0.23798895354056546,0.33568068706189397,0,0.4263303593975406,0.4263303593975406,0.85254074170744465,0.49841712222263357,67.05050892820509,29,大分,Ｃ大阪,middle,28,29,0,0,0,0,ESTABLISHED,ESTABLISHED,0,0,1,0,1,0
2020,24155,2020-11-28,team_0018,team_0020,1,60.110856876216076,0.30839259701629873,0.24083130015974813,0.4507761028239532,2,0.4507761028239532,0.24083130015974813,1.4236585899425558,0.87464220358874678,60.110856876216076,30,名古屋,大分,closing,31,29,0,0,0,0,ESTABLISHED,ESTABLISHED,0,0,1,1,0,0
2020,24158,2020-11-28,team_0006,team_0023,1,125.50109510866787,0.25398410300960406,0.2357162441135639,0.5102996528768321,2,0.5102996528768321,0.2357162441135639,1.4451265528167643,0.90904331981968611,125.50109510866787,30,広島,札幌,closing,31,31,0,0,0,0,ESTABLISHED,ESTABLISHED,0,0,1,1,0,0
2020,24151,2020-11-29,team_0008,team_0030,2,116.35318202832605,0.26125689916492673,0.2366802896061439,0.50206281122892937,2,0.50206281122892937,0.50206281122892937,0.68903004514752986,0.37221417081055769,116.35318202832605,30,鹿島,浦和,closing,32,31,0,0,0,0,ESTABLISHED,ESTABLISHED,0,0,1,1,0,0
2020,24154,2020-11-29,team_0025,team_0026,1,-4.0306500582776152,0.36641425053407595,0.24156783032037829,0.39201791914554573,2,0.39201791914554573,0.24156783032037829,1.4206049744345188,0.86315680793059069,4.0306500582776152,30,清水,湘南,closing,30,30,0,0,0,0,ESTABLISHED,ESTABLISHED,0,0,1,1,0,1
2020,24156,2020-11-29,team_0005,team_0029,1,225.58943369703297,0.18253662289832237,0.2206431858718608,0.59682019122981678,2,0.59682019122981678,0.2206431858718608,1.5112084258106939,0.99691100308668235,225.58943369703297,30,Ｇ大阪,鳥栖,closing,31,30,0,0,0,0,ESTABLISHED,ESTABLISHED,0,0,1,1,0,0
2020,24157,2020-11-29,team_0002,team_0032,2,191.28933004459623,0.20528861360413514,0.22666170911642231,0.56804967727944256,2,0.56804967727944256,0.56804967727944256,0.5655464040863698,0.28010002655347926,191.28933004459623,30,Ｃ大阪,横浜FC,closing,30,30,0,0,0,0,ESTABLISHED,FIRST_TIME_IN_SCOPE,1,0,0,1,0,0
2020,24114,2020-12-01,team_0024,team_0009,0,-143.7378396135573,0.50047505920194268,0.22817400483995617,0.27135093595810122,0,0.50047505920194268,0.50047505920194268,0.69219751323285572,0.37521987340934454,143.7378396135573,26,仙台,柏,middle,31,29,0,0,0,0,ESTABLISHED,RETURNING,1,1,0,0,1,0
2020,24159,2020-12-05,team_0023,team_0002,0,-143.12250465103716,0.49988293599468608,0.22827458259892872,0.27184248140638512,0,0.49988293599468608,0.49988293599468608,0.6933813359828146,0.37612469746719113,143.12250465103716,31,札幌,Ｃ大阪,closing,32,31,0,0,0,0,ESTABLISHED,ESTABLISHED,0,0,1,0,1,0
2020,24160,2020-12-05,team_0009,team_0018,0,-5.973220825117096,0.36822708090517953,0.241521161845282,0.39025175724953837,2,0.39025175724953837,0.36822708090517953,0.99905546344406237,0.60976592695703813,5.973220825117096,31,柏,名古屋,closing,30,32,0,0,0,0,RETURNING,ESTABLISHED,1,1,0,1,0,1
2020,24163,2020-12-05,team_0032,team_0029,1,-23.130891968359492,0.38435031632635447,0.24093193328036003,0.37471775039328542,0,0.38435031632635447,0.24093193328036003,1.4232408199049507,0.86432288803346524,23.130891968359492,31,横浜FC,鳥栖,closing,31,31,0,0,0,0,FIRST_TIME_IN_SCOPE,ESTABLISHED,1,0,0,0,1,1
2020,24165,2020-12-05,team_0025,team_0010,1,-385.15212148175397,0.70994495634546573,0.17112436654286348,0.11893067711167096,0,0.70994495634546573,0.17112436654286348,1.7653646971021375,1.2052011627375752,385.15212148175397,31,清水,川崎Ｆ,closing,31,31,0,0,0,0,ESTABLISHED,ESTABLISHED,0,0,1,0,1,0
2020,24164,2020-12-06,team_0026,team_0005,0,-226.37650183888832,0.57828656299612047,0.21197099565240271,0.20974244135147679,0,0.57828656299612047,0.57828656299612047,0.54768574943959458,0.2667658176515737,226.37650183888832,31,湘南,Ｇ大阪,closing,31,32,0,0,0,0,ESTABLISHED,ESTABLISHED,0,0,1,0,1,0
2020,24167,2020-12-06,team_0020,team_0024,0,139.97349717209863,0.24272051612292836,0.23403616736017394,0.52324331651689771,2,0.52324331651689771,0.24272051612292836,1.41584463697132,0.9020287126133657,139.97349717209863,31,大分,仙台,closing,30,32,0,0,0,0,ESTABLISHED,ESTABLISHED,0,0,1,1,0,0
2020,24125,2020-12-09,team_0009,team_0020,1,40.477186545217364,0.325731505755668,0.24152246017234402,0.43274603407198792,2,0.43274603407198792,0.24152246017234402,1.4207928074299672,0.86865832226990236,40.477186545217364,27,柏,大分,middle,31,31,0,0,0,0,RETURNING,ESTABLISHED,1,1,0,1,0,0
2020,24161,2020-12-12,team_0003,team_0006,2,-13.656499024750701,0.37542319393673163,0.24129660193848906,0.38328020412477931,2,0.38328020412477931,0.38328020412477931,0.95898895383389071,0.57950993127709227,13.656499024750701,31,FC東京,広島,closing,33,32,0,0,0,0,ESTABLISHED,ESTABLISHED,0,0,1,1,0,1
2020,24169,2020-12-12,team_0008,team_0025,2,237.22798704027446,0.17523739422415438,0.21842966669875849,0.60633293907708719,2,0.60633293907708719,0.60633293907708719,0.50032603936253839,0.23339341848428677,237.22798704027446,32,鹿島,清水,closing,33,32,0,0,0,0,ESTABLISHED,ESTABLISHED,0,0,1,1,0,0
2020,24170,2020-12-12,team_0030,team_0026,1,114.62515212416019,0.26264377862729749,0.2368536860167251,0.50050253535597733,2,0.50050253535597733,0.2368536860167251,1.4403126870705005,0.90187683889564529,114.62515212416019,32,浦和,湘南,closing,32,32,0,0,0,0,ESTABLISHED,ESTABLISHED,0,0,1,1,0,0
2020,24171,2020-12-12,team_0018,team_0032,1,167.6651334039143,0.2220250396274058,0.2303184010886084,0.54765655928398571,2,0.54765655928398571,0.2303184010886084,1.4682925748323568,0.94163258885112122,167.6651334039143,32,名古屋,横浜FC,closing,33,32,0,0,0,0,ESTABLISHED,FIRST_TIME_IN_SCOPE,1,0,0,1,0,0
2020,24173,2020-12-12,team_0002,team_0009,1,110.44672024813758,0.26601422244949613,0.23726138082382042,0.4967243967266835,2,0.4967243967266835,0.23726138082382042,1.4385928728899438,0.89926889403168286,110.44672024813758,32,Ｃ大阪,柏,closing,32,32,0,0,0,0,ESTABLISHED,RETURNING,1,1,0,1,0,0
2020,24175,2020-12-12,team_0029,team_0010,1,-327.81965612848558,0.66584851802017397,0.18672302075167141,0.1474284612281547,0,0.66584851802017397,0.18672302075167141,1.6781289325987925,1.1265088451050498,327.81965612848558,32,鳥栖,川崎Ｆ,closing,32,32,0,0,0,0,ESTABLISHED,ESTABLISHED,0,0,1,0,1,0
2020,24176,2020-12-12,team_0020,team_0023,1,41.481300086155898,0.32483486871277545,0.24149696507401011,0.43366816621321441,2,0.43366816621321441,0.24149696507401011,1.4208983729497995,0.8689126243103158,41.481300086155898,32,大分,札幌,closing,32,33,0,0,0,0,ESTABLISHED,ESTABLISHED,0,0,1,1,0,0
2020,24178,2020-12-16,team_0010,team_0030,2,261.54382464489413,0.16067605300251642,0.21355788816734689,0.6257660588301367,2,0.6257660588301367,0.6257660588301367,0.46877868566733111,0.2114748083304932,261.54382464489413,33,川崎Ｆ,浦和,closing,33,33,0,0,0,0,ESTABLISHED,ESTABLISHED,0,0,1,1,0,0
2020,24180,2020-12-16,team_0032,team_0005,0,-231.78823377800973,0.58321891020321193,0.21074634287680963,0.20603474691997845,0,0.58321891020321193,0.58321891020321193,0.53919267391073766,0.26057081478652772,231.78823377800973,33,横浜FC,Ｇ大阪,closing,33,33,0,0,0,0,FIRST_TIME_IN_SCOPE,ESTABLISHED,1,0,0,0,1,0
2020,24181,2020-12-16,team_0026,team_0020,0,-76.253098470337591,0.43521296334366388,0.23711608642097537,0.32767095023536075,0,0.43521296334366388,0.43521296334366388,0.83191979678921502,0.4825766868427892,76.253098470337591,33,湘南,大分,closing,33,33,0,0,0,0,ESTABLISHED,ESTABLISHED,0,0,1,0,1,0
2020,24182,2020-12-16,team_0025,team_0024,0,2.5106582691885251,0.36033036098974697,0.24169497323823907,0.39797466577201401,2,0.39797466577201401,0.36033036098974697,1.0207339989171782,0.62597754175648679,2.5106582691885251,33,清水,仙台,closing,33,33,0,0,0,0,ESTABLISHED,ESTABLISHED,0,0,1,1,0,1
2020,24183,2020-12-16,team_0002,team_0029,0,168.51657733565185,0.22140696075207458,0.23019409815100225,0.54839894109692311,2,0.54839894109692311,0.22140696075207458,1.5077528194905505,0.95993784218510148,168.51657733565185,33,Ｃ大阪,鳥栖,closing,33,33,0,0,0,0,ESTABLISHED,ESTABLISHED,0,0,1,1,0,0
2020,24185,2020-12-16,team_0006,team_0009,0,36.855317655067893,0.32897417875300466,0.24160552946630842,0.42942029178068697,2,0.42942029178068697,0.32897417875300466,1.1117760153302185,0.69305067164191003,36.855317655067893,33,広島,柏,closing,33,33,0,0,0,0,ESTABLISHED,RETURNING,1,1,0,1,0,0
2020,24186,2020-12-19,team_0024,team_0026,1,29.106069927597673,0.3359555905564755,0.24173633536298883,0.42230807408053567,2,0.42230807408053567,0.24173633536298883,1.4199076700808515,0.86617405336851117,29.106069927597673,34,仙台,湘南,closing,34,34,0,0,0,0,ESTABLISHED,ESTABLISHED,0,0,1,1,0,0
2020,24187,2020-12-19,team_0008,team_0002,1,50.301185678243201,0.31700399949609737,0.24122722837493629,0.44176877212896631,2,0.44176877212896631,0.24122722837493629,1.4220159333737774,0.87138730268443743,50.301185678243201,34,鹿島,Ｃ大阪,closing,34,34,0,0,0,0,ESTABLISHED,ESTABLISHED,0,0,1,1,0,0
2020,24188,2020-12-19,team_0030,team_0023,0,40.534296482471973,0.32568048109473774,0.24152103878656189,0.43279848011870042,2,0.43279848011870042,0.32568048109473774,1.1218384975877624,0.70035375014622137,40.534296482471973,34,浦和,札幌,closing,34,34,0,0,0,0,ESTABLISHED,ESTABLISHED,0,0,1,1,0,0
2020,24189,2020-12-19,team_0009,team_0010,0,-216.15549232293188,0.56890472636816636,0.21423573117563011,0.21685954245620359,0,0.56890472636816636,0.56890472636816636,0.56404229935326722,0.27876814461437632,216.15549232293188,34,柏,川崎Ｆ,closing,34,34,0,0,0,0,RETURNING,ESTABLISHED,1,1,0,0,1,0
2020,24190,2020-12-19,team_0003,team_0011,2,126.65486063690378,0.25307517296787629,0.23558920371430647,0.51133562331781723,2,0.51133562331781723,0.51133562331781723,0.67072910727580382,0.3583421891176477,126.65486063690378,34,FC東京,神戸,closing,34,34,0,0,0,0,ESTABLISHED,ESTABLISHED,0,0,1,1,0,0
2020,24191,2020-12-19,team_0032,team_0033,2,-165.65724664934828,0.52147845360880252,0.22438205720554444,0.25413948918565304,0,0.52147845360880252,0.25413948918565304,1.3698719926800162,0.8785949867662588,165.65724664934828,34,横浜FC,横浜FM,closing,34,34,0,0,0,0,FIRST_TIME_IN_SCOPE,ESTABLISHED,1,0,0,0,1,0
2020,24192,2020-12-19,team_0018,team_0006,2,22.613829198443227,0.34184848142819912,0.24179647049445338,0.41635504807734741,2,0.41635504807734741,0.41635504807734741,0.8762169017734811,0.51596734730313631,22.613829198443227,34,名古屋,広島,closing,34,34,0,0,0,0,ESTABLISHED,ESTABLISHED,0,0,1,1,0,0
2020,24193,2020-12-19,team_0005,team_0025,0,285.96117143717174,0.1469842040823067,0.20836805638501785,0.6446477395326754,2,0.6446477395326754,0.1469842040823067,1.9174301531995301,1.1866239030913539,285.96117143717174,34,Ｇ大阪,清水,closing,34,34,0,0,0,0,ESTABLISHED,ESTABLISHED,0,0,1,1,0,0
2020,24194,2020-12-19,team_0029,team_0020,1,-28.770230573045637,0.38968962140090707,0.24066897491115136,0.36964140368794152,0,0.38968962140090707,0.24066897491115136,1.424332837759849,0.86507637401045567,28.770230573045637,34,鳥栖,大分,closing,34,34,0,0,0,0,ESTABLISHED,ESTABLISHED,0,0,1,0,1,1
2021,24974,2021-02-26,team_0010,team_0033,2,222.73817831851284,0.18894844500449634,0.2101387197075697,0.60091283528793393,2,0.60091283528793393,0.60091283528793393,0.50930538776398171,0.23913036142786948,222.73817831851284,1,川崎Ｆ,横浜FM,opening,1,1,1,1,1,1,ESTABLISHED,ESTABLISHED,0,0,1,1,0,0
2021,24975,2021-02-27,team_0023,team_0032,2,62.665717237606714,0.31206246256081321,0.23678334179979726,0.45115419563938963,2,0.45115419563938963,0.45115419563938963,0.79594610070813454,0.45468104845764395,62.665717237606714,1,札幌,横浜FC,opening,1,1,1,1,1,1,ESTABLISHED,ESTABLISHED,0,0,1,1,0,0
2021,24976,2021-02-27,team_0030,team_0003,1,-94.679028458202083,0.457216334397963,0.23823624517423131,0.30454742042780569,0,0.457216334397963,0.23823624517423131,1.4344924708563707,0.88207992589579454,94.679028458202083,1,浦和,FC東京,opening,1,1,1,1,1,1,ESTABLISHED,ESTABLISHED,0,0,1,0,1,0
2021,24977,2021-02-27,team_0006,team_0024,1,123.01021956770273,0.26161067752391681,0.22927895572699705,0.50911036674908616,2,0.50911036674908616,0.22927895572699705,1.4728158694878521,0.92164444021117986,123.01021956770273,1,広島,仙台,opening,1,1,1,1,1,1,ESTABLISHED,ESTABLISHED,0,0,1,1,0,0
2021,24978,2021-02-27,team_0020,team_0027,1,31.221188512615527,0.3398856753506776,0.23923411212451137,0.42088021252481095,2,0.42088021252481095,0.23923411212451137,1.4303126578572034,0.87142716175849677,31.221188512615527,1,大分,徳島,opening,1,1,1,1,1,1,ESTABLISHED,FIRST_TIME_IN_SCOPE,1,0,0,1,0,0
2021,24979,2021-02-27,team_0008,team_0025,0,227.81690706984568,0.18564671282831288,0.20898663131916276,0.60536665585252436,2,0.60536665585252436,0.18564671282831288,1.6839098048001429,1.0733154764155326,227.81690706984568,1,鹿島,清水,opening,1,1,1,1,1,1,ESTABLISHED,ESTABLISHED,0,0,1,1,0,0
2021,24980,2021-02-27,team_0026,team_0029,0,-71.900801052833458,0.43566119344666404,0.23969791181367595,0.32464089473965996,0,0.43566119344666404,0.43566119344666404,0.83089041696645916,0.48132508804724716,71.900801052833458,1,湘南,鳥栖,opening,1,1,1,1,1,1,ESTABLISHED,ESTABLISHED,0,0,1,0,1,0
2021,24981,2021-02-27,team_0002,team_0009,2,62.44813479557456,0.31225175962500068,0.23680387069353398,0.45094436968146534,2,0.45094436968146534,0.45094436968146534,0.79641129590913484,0.4550393197488326,62.44813479557456,1,Ｃ大阪,柏,opening,1,1,1,1,1,1,ESTABLISHED,ESTABLISHED,0,0,1,1,0,0
2021,24982,2021-02-27,team_0011,team_0005,2,-198.60728555325795,0.55378455363624179,0.2251208264398549,0.22109461992390339,0,0.55378455363624179,0.22109461992390339,1.5091645246400163,0.96405030945454329,198.60728555325795,1,神戸,Ｇ大阪,opening,1,1,1,1,1,1,ESTABLISHED,ESTABLISHED,0,0,1,0,1,0
2021,24983,2021-02-28,team_0004,team_0018,0,-269.79934914431033,0.61572211660088172,0.21115804046081366,0.17311984293830454,0,0.61572211660088172,0.61572211660088172,0.48495952664323266,0.22222768973994017,269.79934914431033,1,福岡,名古屋,opening,1,1,1,1,1,1,RETURNING,ESTABLISHED,1,1,0,0,1,0
2021,25074,2021-03-03,team_0010,team_0002,2,176.83613884677561,0.22058209905625356,0.21984468833591589,0.55957321260783055,2,0.55957321260783055,0.55957321260783055,0.5805809061574484,0.2909639044661661,176.83613884677561,11,川崎Ｆ,Ｃ大阪,middle,2,2,1,1,1,1,ESTABLISHED,ESTABLISHED,0,0,1,1,0,0
2021,24984,2021-03-06,team_0024,team_0010,0,-364.97423752800751,0.69005632278632079,0.18852830480831917,0.12141537240536009,0,0.69005632278632079,0.69005632278632079,0.37098205749560087,0.14634969741496814,364.97423752800751,2,仙台,川崎Ｆ,opening,2,3,1,1,1,1,ESTABLISHED,ESTABLISHED,0,0,1,0,1,0
2021,24985,2021-03-06,team_0003,team_0002,2,-26.883488102875845,0.39326993293778567,0.24093804590271001,0.36579202115950432,0,0.39326993293778567,0.36579202115950432,1.0056903552930434,0.6149321425412535,26.883488102875845,2,FC東京,Ｃ大阪,opening,2,3,1,1,1,1,ESTABLISHED,ESTABLISHED,0,0,1,0,1,1
2021,24986,2021-03-06,team_0025,team_0004,1,142.26635606472041,0.2464679851399845,0.22617512310997981,0.52735689175003564,2,0.52735689175003564,0.22617512310997981,1.4864456987575372,0.93765669906907745,142.26635606472041,2,清水,福岡,opening,2,2,1,1,1,1,ESTABLISHED,RETURNING,1,1,0,1,0,0
2021,24987,2021-03-06,team_0027,team_0011,1,34.446116487454447,0.33699152898942281,0.23903123031953247,0.42397724069104475,2,0.42397724069104475,0.23903123031953247,1.4311610647942878,0.87239345966362558,34.446116487454447,2,徳島,神戸,opening,2,2,1,1,1,1,FIRST_TIME_IN_SCOPE,ESTABLISHED,1,0,0,1,0,0
2021,24988,2021-03-06,team_0032,team_0020,0,-87.496444017118165,0.45042009293357632,0.23875627616044121,0.31082363090598253,0,0.45042009293357632,0.45042009293357632,0.79757459184270518,0.45565396318671819,87.496444017118165,2,横浜FC,大分,opening,2,2,1,1,1,1,ESTABLISHED,ESTABLISHED,0,0,1,0,1,0
2021,24990,2021-03-06,team_0029,team_0030,2,14.768418199369535,0.3547788124805743,0.24009351788376229,0.40512766963566338,2,0.40512766963566338,0.40512766963566338,0.90355302788298675,0.53738599254802344,14.768418199369535,2,鳥栖,浦和,opening,2,2,1,1,1,1,ESTABLISHED,ESTABLISHED,0,0,1,1,0,0
2021,24991,2021-03-06,team_0009,team_0026,2,153.02056892162227,0.23823234732636775,0.22430609056929948,0.53746156210433271,2,0.53746156210433271,0.53746156210433271,0.62089803390148235,0.32100968011007797,153.02056892162227,2,柏,湘南,opening,2,2,1,1,1,1,ESTABLISHED,ESTABLISHED,0,0,1,1,0,0
2021,24992,2021-03-06,team_0018,team_0023,2,92.500672258204759,0.28658492924127654,0.23351383795063632,0.47990123280808705,2,0.47990123280808705,0.47990123280808705,0.734174961235871,0.40716236181721122,92.500672258204759,2,名古屋,札幌,opening,2,2,1,1,1,1,ESTABLISHED,ESTABLISHED,0,0,1,1,0,0
2021,24993,2021-03-07,team_0033,team_0006,1,31.062102041496246,0.34002866662629083,0.23924382982455802,0.42072750354915106,2,0.42072750354915106,0.23924382982455802,1.430272038638652,0.87138107683036015,31.062102041496246,2,横浜FM,広島,opening,2,2,1,1,1,1,ESTABLISHED,ESTABLISHED,0,0,1,1,0,0
2021,24994,2021-03-10,team_0004,team_0033,0,-245.43940610320533,0.59506253284810529,0.21629952408420139,0.1886379430676933,0,0.59506253284810529,0.59506253284810529,0.51908878173512718,0.24634410998725409,245.43940610320533,3,福岡,横浜FM,opening,3,3,1,1,1,1,RETURNING,ESTABLISHED,1,1,0,0,1,0
2021,24995,2021-03-10,team_0008,team_0026,2,231.37526046056496,0.18335721772984678,0.20817115605719969,0.60847162621295359,2,0.60847162621295359,0.60847162621295359,0.49680499670835732,0.23024956698815055,231.37526046056496,3,鹿島,湘南,opening,2,3,1,1,1,1,ESTABLISHED,ESTABLISHED,0,0,1,1,0,0
2021,24996,2021-03-10,team_0009,team_0018,0,-52.117690355934883,0.41697179084603253,0.24051618300747418,0.34251202614649329,0,0.41697179084603253,0.41697179084603253,0.87473670732279563,0.51508441501274338,52.117690355934883,3,柏,名古屋,opening,3,3,1,1,1,1,ESTABLISHED,ESTABLISHED,0,0,1,0,1,0
2021,24997,2021-03-10,team_0003,team_0011,0,123.91072843440384,0.26089148784845001,0.22914099415676434,0.50996751799478568,2,0.50996751799478568,0.26089148784845001,1.343650713479593,0.85885385734779018,123.91072843440384,3,FC東京,神戸,opening,3,3,1,1,1,1,ESTABLISHED,ESTABLISHED,0,0,1,1,0,0
2021,24998,2021-03-10,team_0010,team_0027,2,314.9121523989736,0.13525263223174835,0.18746763333642844,0.67727973443182321,2,0.67727973443182321,0.67727973443182321,0.38967089431947632,0.15758575788277268,314.9121523989736,3,川崎Ｆ,徳島,opening,4,3,1,1,1,1,ESTABLISHED,FIRST_TIME_IN_SCOPE,1,0,0,1,0,0
2021,25000,2021-03-10,team_0002,team_0025,2,171.79222966231646,0.22425136242534063,0.22082510249674425,0.55492353507791514,2,0.55492353507791514,0.55492353507791514,0.58892494936188644,0.2971454590698589,171.79222966231646,3,Ｃ大阪,清水,opening,4,3,1,1,1,1,ESTABLISHED,ESTABLISHED,0,0,1,1,0,0
2021,25001,2021-03-10,team_0006,team_0023,2,47.166923546388944,0.3256627630864759,0.23812218144683364,0.43621505546669048,2,0.43621505546669048,0.43621505546669048,0.82961991075592811,0.4806118722405438,47.166923546388944,3,広島,札幌,opening,3,3,1,1,1,1,ESTABLISHED,ESTABLISHED,0,0,1,1,0,0
2021,25002,2021-03-10,team_0029,team_0024,2,82.598743767805672,0.29493163030736325,0.23469764789718631,0.47037072179545047,2,0.47037072179545047,0.47037072179545047,0.75423412541587653,0.42257482481570297,82.598743767805672,3,鳥栖,仙台,opening,3,3,1,1,1,1,ESTABLISHED,ESTABLISHED,0,0,1,1,0,0
2021,25003,2021-03-10,team_0030,team_0032,2,70.504101412029513,0.30527550362447786,0.2360113099435435,0.45871318643197873,2,0.45871318643197873,0.45871318643197873,0.77933013039308408,0.44188588607706786,70.504101412029513,3,浦和,横浜FC,opening,3,3,1,1,1,1,ESTABLISHED,ESTABLISHED,0,0,1,1,0,0
2021,25005,2021-03-13,team_0032,team_0002,0,-206.90918173239356,0.56123658198843662,0.2236705124792889,0.21509290553227448,0,0.56123658198843662,0.56123658198843662,0.57761274758172754,0.28880679314825358,206.90918173239356,4,横浜FC,Ｃ大阪,opening,4,5,1,1,1,1,ESTABLISHED,ESTABLISHED,0,0,1,0,1,0
2021,25006,2021-03-13,team_0027,team_0004,0,188.10460399256272,0.21252099214151224,0.21758904608835566,0.56988996177013207,2,0.56988996177013207,0.21252099214151224,1.5487145089484424,0.99224274932179157,188.10460399256272,4,徳島,福岡,opening,4,4,1,1,1,1,FIRST_TIME_IN_SCOPE,RETURNING,1,1,0,1,0,0
2021,25007,2021-03-13,team_0026,team_0024,2,-36.518088289049956,0.40229475948833082,0.24085986760657663,0.35684537290509255,0,0.40229475948833082,0.35684537290509255,1.0304527201473959,0.63350242368882104,36.518088289049956,4,湘南,仙台,opening,4,4,1,1,1,1,ESTABLISHED,ESTABLISHED,0,0,1,0,1,1
2021,25008,2021-03-13,team_0008,team_0006,1,70.382870307273606,0.30537998525788246,0.2360237293212209,0.45859628542089653,2,0.45859628542089653,0.2360237293212209,1.4438229310398605,0.88722723055820418,70.382870307273606,4,鹿島,広島,opening,3,4,1,1,1,1,ESTABLISHED,ESTABLISHED,0,0,1,1,0,0
2021,25009,2021-03-13,team_0011,team_0018,0,-121.39822318266192,0.48243889318918248,0.23583644718712943,0.28172465962368809,0,0.48243889318918248,0.48243889318918248,0.72890101246344496,0.40285711294516896,121.39822318266192,4,神戸,名古屋,opening,4,4,1,1,1,1,ESTABLISHED,ESTABLISHED,0,0,1,0,1,0
2021,25010,2021-03-13,team_0010,team_0009,2,280.3358705516946,0.15385520892341437,0.19634716811071393,0.64979762296587174,2,0.64979762296587174,0.64979762296587174,0.43109431385497954,0.18486534061831816,280.3358705516946,4,川崎Ｆ,柏,opening,5,4,1,1,1,1,ESTABLISHED,ESTABLISHED,0,0,1,1,0,0
2021,25011,2021-03-14,team_0033,team_0030,2,86.13400499017007,0.29193872788754455,0.23428605729792437,0.47377521481453116,2,0.47377521481453116,0.47377521481453116,0.74702230011892612,0.41703070202829695,86.13400499017007,4,横浜FM,浦和,opening,4,4,1,1,1,1,ESTABLISHED,ESTABLISHED,0,0,1,1,0,0
2021,25012,2021-03-14,team_0025,team_0029,1,-83.822775283945248,0.44694320858541586,0.23900132514620281,0.31405546626838121,0,0.44694320858541586,0.23900132514620281,1.4312861825212158,0.87750805072291216,83.822775283945248,4,清水,鳥栖,opening,4,4,1,1,1,1,ESTABLISHED,ESTABLISHED,0,0,1,0,1,0
2021,25013,2021-03-14,team_0020,team_0003,1,-38.156365164890303,0.40383270333534871,0.24083636713272735,0.35533092953192397,0,0.40383270333534871,0.24083636713272735,1.4236375506520929,0.86567034323339187,38.156365164890303,4,大分,FC東京,opening,3,4,1,1,1,1,ESTABLISHED,ESTABLISHED,0,0,1,0,1,1
2021,25014,2021-03-17,team_0003,team_0026,2,183.67819674193879,0.2156649209463114,0.21848564885704952,0.56584943019663914,2,0.56584943019663914,0.56584943019663914,0.56942726055728154,0.28273405414384761,183.67819674193879,5,FC東京,湘南,opening,5,5,1,1,1,1,ESTABLISHED,ESTABLISHED,0,0,1,1,0,0
2021,25015,2021-03-17,team_0011,team_0010,1,-328.75697569353929,0.66304100568012214,0.19751625162880626,0.13944274269107157,0,0.66304100568012214,0.19751625162880626,1.6219344112981946,1.1030478201023974,328.75697569353929,5,神戸,川崎Ｆ,opening,5,6,1,0,1,0,ESTABLISHED,ESTABLISHED,0,0,1,0,1,0
2021,25016,2021-03-17,team_0006,team_0025,2,132.84730885348313,0.25381252798783754,0.22773323231739231,0.51845423969477011,2,0.51845423969477011,0.51845423969477011,0.65690351037647099,0.34816954373324616,132.84730885348313,5,広島,清水,opening,5,5,1,1,1,1,ESTABLISHED,ESTABLISHED,0,0,1,1,0,0
2021,25017,2021-03-17,team_0030,team_0023,1,-10.794901842129548,0.37828854243604865,0.24083939135336196,0.38087206621058933,2,0.38087206621058933,0.24083939135336196,1.423624993571603,0.86449058187864769,10.794901842129548,5,浦和,札幌,opening,5,4,1,1,1,1,ESTABLISHED,ESTABLISHED,0,0,1,1,0,1
2021,25018,2021-03-17,team_0018,team_0032,2,248.22700651999367,0.17278192045104632,0.20422185069564366,0.62299622885331007,2,0.62299622885331007,0.62299622885331007,0.4732148134179644,0.21369199979513123,248.22700651999367,5,名古屋,横浜FC,opening,5,5,1,1,1,1,ESTABLISHED,ESTABLISHED,0,0,1,1,0,0
2021,25019,2021-03-17,team_0004,team_0008,2,-283.43234666396984,0.62701314502435712,0.20814076993840522,0.16484608503723766,0,0.62701314502435712,0.16484608503723766,1.8027430583831145,1.1339501258215166,283.43234666396984,5,福岡,鹿島,opening,5,4,1,1,1,1,RETURNING,ESTABLISHED,1,1,0,0,1,0
2021,25021,2021-03-17,team_0033,team_0027,2,113.49139218778123,0.26927727916989919,0.23069276094056762,0.50002995988953314,2,0.50002995988953314,0.50002995988953314,0.69308726257599729,0.37569944403558753,113.49139218778123,5,横浜FM,徳島,opening,5,5,1,1,1,1,ESTABLISHED,FIRST_TIME_IN_SCOPE,1,0,0,1,0,0
2021,25022,2021-03-17,team_0002,team_0020,2,95.387723556085803,0.28417277677141617,0.2331506673501601,0.48267655587842367,2,0.48267655587842367,0.48267655587842367,0.728408506216084,0.40273694658161191,95.387723556085803,5,Ｃ大阪,大分,opening,6,4,0,1,1,0,ESTABLISHED,ESTABLISHED,0,0,1,1,0,0
2021,25023,2021-03-17,team_0029,team_0009,2,-7.351528111747939,0.37509896419830152,0.24078100594914648,0.38412002985255195,2,0.38412002985255195,0.38412002985255195,0.95680019749563383,0.57798286339734306,7.351528111747939,5,鳥栖,柏,opening,5,5,1,1,1,1,ESTABLISHED,ESTABLISHED,0,0,1,1,0,1
2021,25024,2021-03-20,team_0023,team_0011,0,9.3418505228339654,0.35973457123621161,0.24031208897911457,0.3999533397846739,2,0.3999533397846739,0.35973457123621161,1.0223888215945016,0.62765239338449841,9.3418505228339654,6,札幌,神戸,middle,5,6,1,0,1,0,ESTABLISHED,ESTABLISHED,0,0,1,1,0,1
2021,25025,2021-03-21,team_0003,team_0024,2,169.17524287867013,0.22616985044344243,0.22132643958681805,0.55250370996973952,2,0.55250370996973952,0.55250370996973952,0.59329513073541729,0.30039112370063353,169.17524287867013,6,FC東京,仙台,middle,6,5,0,1,1,0,ESTABLISHED,ESTABLISHED,0,0,1,1,0,0
2021,25027,2021-03-21,team_0027,team_0032,2,71.598151902866675,0.30433331312811956,0.23589855453938871,0.45976813233249175,2,0.45976813233249175,0.45976813233249175,0.77703297672677529,0.44011736435683507,71.598151902866675,6,徳島,横浜FC,middle,6,6,0,0,0,0,FIRST_TIME_IN_SCOPE,ESTABLISHED,1,0,0,1,0,0
2021,25028,2021-03-21,team_0029,team_0004,1,178.71274833109646,0.21922651865598761,0.21947523527466059,0.56129824606935186,2,0.56129824606935186,0.21947523527466059,1.5165158761820097,0.9723348958721012,178.71274833109646,6,鳥栖,福岡,middle,6,6,0,0,0,0,ESTABLISHED,RETURNING,1,1,0,1,0,0
2021,25029,2021-03-21,team_0020,team_0006,0,-41.375522323266296,0.4068572709981832,0.24078156370649578,0.35236116529532102,0,0.4068572709981832,0.4068572709981832,0.89929284055223391,0.5339524491969444,41.375522323266296,6,大分,広島,middle,5,6,1,0,1,0,ESTABLISHED,ESTABLISHED,0,0,1,0,1,0
2021,25030,2021-03-21,team_0030,team_0010,0,-330.94681607404027,0.66472027323492877,0.19698343823579909,0.138296288529272,0,0.66472027323492877,0.66472027323492877,0.40838896857282869,0.17034083353982934,330.94681607404027,6,浦和,川崎Ｆ,middle,6,7,0,0,0,0,ESTABLISHED,ESTABLISHED,0,0,1,0,1,0
2021,25031,2021-03-21,team_0026,team_0002,1,-238.27065777160033,0.58887066436459323,0.21774563952238102,0.19338369611302572,0,0.58887066436459323,0.21774563952238102,1.5244276886055717,0.99608779775778111,238.27065777160033,6,湘南,Ｃ大阪,middle,6,7,0,0,0,0,ESTABLISHED,ESTABLISHED,0,0,1,0,1,0
2021,25032,2021-03-21,team_0008,team_0018,0,-47.476138722592623,0.41259766832502037,0.2406463995769747,0.34675593209800493,0,0.41259766832502037,0.41259766832502037,0.88528232953637676,0.52319186533172002,47.476138722592623,6,鹿島,名古屋,middle,5,6,1,0,1,0,ESTABLISHED,ESTABLISHED,0,0,1,0,1,0
2021,25033,2021-03-21,team_0009,team_0025,0,94.953712827574236,0.28453476647894399,0.23320577703202097,0.4822594564890349,2,0.4822594564890349,0.28453476647894399,1.2568998308468593,0.79884961819154732,94.953712827574236,6,柏,清水,middle,6,6,0,0,0,0,ESTABLISHED,ESTABLISHED,0,0,1,1,0,0
2021,25034,2021-04-02,team_0002,team_0029,2,110.70569806788421,0.27154286237682296,0.23109091581997626,0.49736622180320089,2,0.49736622180320089,0.49736622180320089,0.69842865944190724,0.37977925246670263,110.70569806788421,7,Ｃ大阪,鳥栖,middle,8,7,0,0,0,0,ESTABLISHED,ESTABLISHED,0,0,1,1,0,0
2021,25035,2021-04-03,team_0033,team_0026,1,188.4389206369824,0.21228473121029157,0.21752078367780306,0.5701944851119054,2,0.5701944851119054,0.21752078367780306,1.5254608758793664,0.98246028193325619,188.4389206369824,7,横浜FM,湘南,middle,6,7,0,0,0,0,ESTABLISHED,ESTABLISHED,0,0,1,1,0,0
2021,25036,2021-04-03,team_0024,team_0011,0,-102.02315711553319,0.46416089612499212,0.2376490734433479,0.29819003043166004,0,0.46416089612499212,0.46416089612499212,0.76752402797278185,0.43251792159888758,102.02315711553319,7,仙台,神戸,middle,6,7,0,0,0,0,ESTABLISHED,ESTABLISHED,0,0,1,0,1,0
2021,25037,2021-04-03,team_0032,team_0009,1,-111.80528831362039,0.47339882009258827,0.23678115350431178,0.28982002640309995,0,0.47339882009258827,0.23678115350431178,1.4406189673815253,0.89060509821555711,111.80528831362039,7,横浜FC,柏,middle,7,7,0,0,0,0,ESTABLISHED,ESTABLISHED,0,0,1,0,1,0
2021,25038,2021-04-03,team_0018,team_0003,1,75.72764222434057,0.30078855118096731,0.23546201998015975,0.46374942883887299,2,0.46374942883887299,0.23546201998015975,1.4462056525013072,0.89005560816274398,75.72764222434057,7,名古屋,FC東京,middle,7,7,0,0,0,0,ESTABLISHED,ESTABLISHED,0,0,1,1,0,0
2021,25039,2021-04-03,team_0006,team_0005,1,-47.147077400485841,0.41228777240304082,0.24065473417998065,0.34705749341697845,0,0.41228777240304082,0.24065473417998065,1.4243920109562069,0.86703534373321356,47.147077400485841,7,広島,Ｇ大阪,middle,7,2,0,1,1,0,ESTABLISHED,ESTABLISHED,0,0,1,0,1,0
2021,25040,2021-04-03,team_0004,team_0023,0,-115.18931792333206,0.47659031300411847,0.23645837825066149,0.28695130874521996,0,0.47659031300411847,0.47659031300411847,0.74109803973572441,0.41221131867665406,115.18931792333206,7,福岡,札幌,middle,7,6,0,0,0,0,RETURNING,ESTABLISHED,1,1,0,0,1,0
2021,25041,2021-04-03,team_0030,team_0008,2,-107.76827019015695,0.46958841434959359,0.23715112265850352,0.29326046299190295,0,0.46958841434959359,0.29326046299190295,1.2266941126582689,0.77623470703997355,107.76827019015695,7,浦和,鹿島,middle,7,6,0,0,0,0,ESTABLISHED,ESTABLISHED,0,0,1,0,1,0
2021,25042,2021-04-03,team_0010,team_0020,2,310.39428453792721,0.13757990739900217,0.18864657188780884,0.67377352071318897,2,0.67377352071318897,0.67377352071318897,0.39486124721882965,0.16093947579280837,310.39428453792721,7,川崎Ｆ,大分,middle,8,6,0,0,0,0,ESTABLISHED,ESTABLISHED,0,0,1,1,0,0
2021,25043,2021-04-04,team_0025,team_0027,0,-16.901407653826936,0.38396025531775951,0.24091062032474997,0.37512912435749057,0,0.38396025531775951,0.38396025531775951,0.95721623352775664,0.57826475395463361,16.901407653826936,7,清水,徳島,middle,7,7,0,0,0,0,ESTABLISHED,FIRST_TIME_IN_SCOPE,1,0,0,0,1,1
2021,25053,2021-04-06,team_0033,team_0002,2,-60.987149587023168,0.42534327720511844,0.24020185548556966,0.3344548673093119,0,0.42534327720511844,0.3344548673093119,1.0952533343488162,0.68156415849056629,60.987149587023168,8,横浜FM,Ｃ大阪,middle,7,9,0,0,0,0,ESTABLISHED,ESTABLISHED,0,0,1,0,1,0
2021,25044,2021-04-07,team_0008,team_0009,2,64.511687839280285,0.31045840087157872,0.23660720802827376,0.45293439110014755,2,0.45293439110014755,0.45293439110014755,0.79200799599677552,0.45164817000363899,64.511687839280285,8,鹿島,柏,middle,7,8,0,0,0,0,ESTABLISHED,ESTABLISHED,0,0,1,1,0,0
2021,25045,2021-04-07,team_0003,team_0023,2,101.36813431660471,0.27920772726439563,0.23237290022957169,0.48841937250603268,2,0.48841937250603268,0.48841937250603268,0.71658087228646539,0.39366885815237301,101.36813431660471,8,FC東京,札幌,middle,8,7,0,0,0,0,ESTABLISHED,ESTABLISHED,0,0,1,1,0,0
2021,25046,2021-04-07,team_0010,team_0029,2,304.04865241650032,0.1409008613569164,0.19029388510135364,0.66880525354172982,2,0.66880525354172982,0.66880525354172982,0.40226236206646548,0.16575477551964604,304.04865241650032,8,川崎Ｆ,鳥栖,middle,9,8,0,0,0,0,ESTABLISHED,ESTABLISHED,0,0,1,1,0,0
2021,25047,2021-04-07,team_0032,team_0006,0,-201.09592223374966,0.55602399409439207,0.22469155582822409,0.21928445007738379,0,0.55602399409439207,0.55602399409439207,0.58694383081666934,0.29568665912614495,201.09592223374966,8,横浜FC,広島,middle,8,8,0,0,0,0,ESTABLISHED,ESTABLISHED,0,0,1,0,1,0
2021,25048,2021-04-07,team_0026,team_0018,1,-246.12104340160568,0.59564871306942602,0.21616036267172553,0.18819092425884831,0,0.59564871306942602,0.21616036267172553,1.5317347269786992,1.0046177904015836,246.12104340160568,8,湘南,名古屋,middle,8,8,0,0,0,0,ESTABLISHED,ESTABLISHED,0,0,1,0,1,0
2021,25049,2021-04-07,team_0025,team_0030,0,-50.523200354122082,0.41546857752892069,0.2405635782607275,0.34396784421035187,0,0.41546857752892069,0.41546857752892069,0.87834829322890162,0.51786169689238548,50.523200354122082,8,清水,浦和,middle,8,8,0,0,0,0,ESTABLISHED,ESTABLISHED,0,0,1,0,1,0
2021,25050,2021-04-07,team_0005,team_0004,1,295.07460237726355,0.14570199400684547,0.19260490302914493,0.66169310296400952,2,0.66169310296400952,0.19260490302914493,1.64711432288531,1.1109536761802867,295.07460237726355,8,Ｇ大阪,福岡,middle,3,8,1,0,1,0,ESTABLISHED,RETURNING,1,1,0,1,0,0
2021,25051,2021-04-07,team_0011,team_0020,2,27.545958297801917,0.34319431320513721,0.23945162094247546,0.41735406585238732,2,0.41735406585238732,0.41735406585238732,0.87382033866410813,0.51459569996706889,27.545958297801917,8,神戸,大分,middle,8,7,0,0,0,0,ESTABLISHED,ESTABLISHED,0,0,1,1,0,0
2021,25052,2021-04-07,team_0027,team_0024,2,95.785155910682079,0.28384149176014356,0.2331000431477892,0.4830584650920674,2,0.4830584650920674,0.4830584650920674,0.72761758691573875,0.40213017307309412,95.785155910682079,8,徳島,仙台,middle,8,7,0,0,0,0,FIRST_TIME_IN_SCOPE,ESTABLISHED,1,0,0,1,0,0
2021,25054,2021-04-10,team_0006,team_0026,0,185.46749718107912,0.2143905084334535,0.21812483330016683,0.56748465826637973,2,0.56748465826637973,0.2143905084334535,1.5399561211318067,0.98679955350938298,185.46749718107912,9,広島,湘南,middle,9,9,0,0,0,0,ESTABLISHED,ESTABLISHED,0,0,1,1,0,0
2021,25063,2021-04-10,team_0002,team_0004,1,265.38971152156364,0.1624659483204649,0.20006457907295822,0.63746947260657683,2,0.63746947260657683,0.20006457907295822,1.6091150691887985,1.0726591905226985,265.38971152156364,9,Ｃ大阪,福岡,middle,10,9,0,0,0,0,ESTABLISHED,RETURNING,1,1,0,1,0,0
2021,25055,2021-04-11,team_0023,team_0008,1,-78.789563256659903,0.44217955438467488,0.2393138804297549,0.31850656518557013,0,0.44217955438467488,0.2393138804297549,1.4299792814467975,0.87561256288897682,78.789563256659903,9,札幌,鹿島,middle,8,8,0,0,0,0,ESTABLISHED,ESTABLISHED,0,0,1,0,1,0
2021,25056,2021-04-11,team_0024,team_0033,1,-195.38184868854296,0.55087518621247855,0.22567008551000572,0.22345472827751564,0,0.55087518621247855,0.22567008551000572,1.4886811448822481,0.95298230284829311,195.38184868854296,9,仙台,横浜FM,middle,8,8,0,0,0,0,ESTABLISHED,ESTABLISHED,0,0,1,0,1,0
2021,25057,2021-04-11,team_0003,team_0010,0,-217.43161320009904,0.57060286148183692,0.22175893779376721,0.2076382007243959,0,0.57060286148183692,0.57060286148183692,0.56106182535054328,0.27667255145907094,217.43161320009904,9,FC東京,川崎Ｆ,middle,9,10,0,0,0,0,ESTABLISHED,ESTABLISHED,0,0,1,0,1,0
2021,25058,2021-04-11,team_0011,team_0025,1,129.4137959278055,0.25651973464423272,0.22828235309246023,0.51519791226330702,2,0.51519791226330702,0.22828235309246023,1.4771720254446419,0.92677938961092798,129.4137959278055,9,神戸,清水,middle,9,9,0,0,0,0,ESTABLISHED,ESTABLISHED,0,0,1,1,0,0
2021,25059,2021-04-11,team_0029,team_0032,2,144.16356264807337,0.2450033686316567,0.22585227365746097,0.52914435771088231,2,0.52914435771088231,0.52914435771088231,0.63649399642870153,0.33274093603260169,144.16356264807337,9,鳥栖,横浜FC,middle,9,9,0,0,0,0,ESTABLISHED,ESTABLISHED,0,0,1,1,0,0
2021,25060,2021-04-11,team_0020,team_0018,0,-154.422116707226,0.51332967339551316,0.23190346458160763,0.25476686202287913,0,0.51332967339551316,0.51332967339551316,0.66683700201698903,0.35553337766725557,154.422116707226,9,大分,名古屋,middle,8,9,0,0,0,0,ESTABLISHED,ESTABLISHED,0,0,1,0,1,0
2021,25061,2021-04-11,team_0030,team_0027,2,5.7813544827331498,0.36299698651040069,0.24043790620590863,0.39656510728369082,2,0.39656510728369082,0.39656510728369082,0.92491504638439692,0.55371086870385688,5.7813544827331498,9,浦和,徳島,middle,9,9,0,0,0,0,ESTABLISHED,FIRST_TIME_IN_SCOPE,1,0,0,1,0,1
2021,25062,2021-04-11,team_0009,team_0005,2,-134.52241664465805,0.49476470005513662,0.23439739105459007,0.27083790889027332,0,0.49476470005513662,0.27083790889027332,1.3062347592249763,0.83141160046535723,134.52241664465805,9,柏,Ｇ大阪,middle,9,4,0,1,1,0,ESTABLISHED,ESTABLISHED,0,0,1,0,1,0
2021,25146,2021-04-14,team_0002,team_0027,0,124.69398937337382,0.26026680446978728,0.22902041049961963,0.51071278503059303,2,0.51071278503059303,0.26026680446978728,1.3460480030825468,0.86048309778845888,124.69398937337382,18,Ｃ大阪,徳島,middle,11,10,0,0,0,0,ESTABLISHED,FIRST_TIME_IN_SCOPE,1,0,0,1,0,0
2021,25151,2021-04-14,team_0029,team_0005,0,-98.018941859496636,0.46037527321112554,0.23797612427159801,0.30164860251727632,0,0.46037527321112554,0.46037527321112554,0.77571331076364791,0.43881936088592427,98.018941859496636,18,鳥栖,Ｇ大阪,middle,10,5,0,1,1,0,ESTABLISHED,ESTABLISHED,0,0,1,0,1,0
2021,25157,2021-04-14,team_0010,team_0004,2,461.43966507289338,0.075348865501289136,0.14820382563757947,0.77644730886113134,2,0.77644730886113134,0.77644730886113134,0.2530264959255098,0.077617631181375824,461.43966507289338,19,川崎Ｆ,福岡,middle,11,10,0,0,0,0,ESTABLISHED,RETURNING,1,1,0,1,0,0
2021,25163,2021-04-14,team_0018,team_0006,2,97.137742758229024,0.28271543499828866,0.23292661514214971,0.4843579498595616,2,0.4843579498595616,0.4843579498595616,0.72493107978400773,0.4000695491008851,97.137742758229024,19,名古屋,広島,middle,10,10,0,0,0,0,ESTABLISHED,ESTABLISHED,0,0,1,1,0,0
2021,25064,2021-04-16,team_0023,team_0033,0,-95.964143309877045,0.45843194124505549,0.23813752618571754,0.30343053256922714,0,0.45843194124505549,0.45843194124505549,0.77994343615517503,0.44207553173669717,95.964143309877045,10,札幌,横浜FM,middle,9,9,0,0,0,0,ESTABLISHED,ESTABLISHED,0,0,1,0,1,0
2021,25065,2021-04-17,team_0032,team_0024,1,-25.247257388016806,0.39174089905900727,0.2409411170394927,0.3673179839015,0,0.39174089905900727,0.2409411170394927,1.4232027029813017,0.86455382109427503,25.247257388016806,10,横浜FC,仙台,middle,10,9,0,0,0,0,ESTABLISHED,ESTABLISHED,0,0,1,0,1,1
2021,25066,2021-04-17,team_0027,team_0008,0,-61.58201344011286,0.42590525780637933,0.24017770855009038,0.33391703364353037,0,0.42590525780637933,0.42590525780637933,0.85353835696274771,0.49877069005602659,61.58201344011286,10,徳島,鹿島,middle,11,9,0,0,0,0,FIRST_TIME_IN_SCOPE,ESTABLISHED,1,0,0,0,1,0
2021,25067,2021-04-17,team_0004,team_0003,2,-218.40372602229127,0.57146352455445826,0.22157832223722784,0.2069581532083139,0,0.57146352455445826,0.2069581532083139,1.575238664567477,1.0045828835444368,218.40372602229127,10,福岡,FC東京,middle,11,10,0,0,0,0,RETURNING,ESTABLISHED,1,1,0,0,1,0
2021,25068,2021-04-17,team_0020,team_0009,0,-25.167820571322636,0.39166669529121628,0.24094119064937877,0.36739211405940497,0,0.39166669529121628,0.39166669529121628,0.9373440679880336,0.56309903244248916,25.167820571322636,10,大分,柏,middle,9,10,0,0,0,0,ESTABLISHED,ESTABLISHED,0,0,1,0,1,1
2021,25069,2021-04-17,team_0026,team_0011,1,-90.222459267543172,0.45299982241058284,0.23856526286073021,0.30843491472868689,0,0.45299982241058284,0.23856526286073021,1.4331123672569597,0.88012379465006085,90.222459267543172,10,湘南,神戸,middle,10,10,0,0,0,0,ESTABLISHED,ESTABLISHED,0,0,1,0,1,0
2021,25070,2021-04-18,team_0010,team_0006,1,268.70668527800217,0.16052506153727933,0.19924691398735664,0.64022802447536398,2,0.64022802447536398,0.19924691398735664,1.6132104495755111,1.0768657234639465,268.70668527800217,10,川崎Ｆ,広島,middle,12,11,0,0,0,0,ESTABLISHED,ESTABLISHED,0,0,1,1,0,0
2021,25071,2021-04-18,team_0018,team_0029,0,174.49765526704368,0.22227860259861426,0.22030153081482368,0.55741986658656206,2,0.55741986658656206,0.22227860259861426,1.5038237172618789,0.96410024412069939,174.49765526704368,10,名古屋,鳥栖,middle,11,11,0,0,0,0,ESTABLISHED,ESTABLISHED,0,0,1,1,0,0
2021,25072,2021-04-18,team_0005,team_0025,1,212.59753603946228,0.1956602590374818,0.21239577007374064,0.59194397088877759,2,0.59194397088877759,0.21239577007374064,1.5493039047197168,1.0090010246359244,212.59753603946228,10,Ｇ大阪,清水,middle,6,10,0,0,0,0,ESTABLISHED,ESTABLISHED,0,0,1,1,0,0
2021,25073,2021-04-18,team_0002,team_0030,2,77.787452926619835,0.29902730734690125,0.23523784047271204,0.46573485218038668,2,0.46573485218038668,0.46573485218038668,0.7641387935282411,0.43019342030411656,77.787452926619835,10,Ｃ大阪,浦和,middle,12,10,0,0,0,0,ESTABLISHED,ESTABLISHED,0,0,1,1,0,0
2021,25075,2021-04-22,team_0018,team_0005,2,25.567653270026085,0.34497975698523031,0.23956264041934502,0.41545760259542469,2,0.41545760259542469,0.41545760259542469,0.87837470937454531,0.51809110577776551,25.567653270026085,11,名古屋,Ｇ大阪,middle,12,7,0,0,0,0,ESTABLISHED,ESTABLISHED,0,0,1,1,0,0
2021,25076,2021-04-24,team_0023,team_0024,2,73.212586630235137,0.30294529833168699,0.23572994577382023,0.46132475589449273,2,0.46132475589449273,0.46132475589449273,0.77365302435972838,0.43751547972793092,73.212586630235137,11,札幌,仙台,middle,10,10,0,0,0,0,ESTABLISHED,ESTABLISHED,0,0,1,1,0,0
2021,25077,2021-04-24,team_0003,team_0029,0,47.842921099047317,0.32506479476342326,0.23806905089793085,0.43686615433864601,2,0.43686615433864601,0.32506479476342326,1.1237307480208176,0.70306644106981908,47.842921099047317,11,FC東京,鳥栖,middle,11,12,0,0,0,0,ESTABLISHED,ESTABLISHED,0,0,1,1,0,0
2021,25078,2021-04-24,team_0033,team_0032,2,243.31843643772345,0.17581666774253746,0.20538654508639717,0.61879678717106545,2,0.61879678717106545,0.61879678717106545,0.47997835232794989,0.21841102302971843,243.31843643772345,11,横浜FM,横浜FC,middle,10,11,0,0,0,0,ESTABLISHED,ESTABLISHED,0,0,1,1,0,0
2021,25079,2021-04-24,team_0006,team_0004,0,190.20427864292742,0.21103994203701704,0.21715907139627291,0.57180098656671008,2,0.57180098656671008,0.21103994203701704,1.5557078646671836,0.99657240358930799,190.20427864292742,11,広島,福岡,middle,12,12,0,0,0,0,ESTABLISHED,RETURNING,1,1,0,1,0,0
2021,25080,2021-04-24,team_0009,team_0027,2,35.032543160476735,0.33646618490865365,0.23899313357544752,0.42454068151589874,2,0.42454068151589874,0.42454068151589874,0.85674744386280122,0.50148063871338233,35.032543160476735,11,柏,徳島,middle,11,12,0,0,0,0,ESTABLISHED,FIRST_TIME_IN_SCOPE,1,0,0,1,0,0
2021,25081,2021-04-24,team_0008,team_0011,1,61.562070880806459,0.31302313073955873,0.2368869650636411,0.45008990419680012,2,0.45008990419680012,0.2368869650636411,1.4401721922791211,0.88290590632766008,61.562070880806459,11,鹿島,神戸,middle,10,11,0,0,0,0,ESTABLISHED,ESTABLISHED,0,0,1,1,0,0
2021,25082,2021-04-25,team_0025,team_0026,1,-2.3767656152870131,0.37050257358534189,0.24067347022693461,0.38882395618772353,2,0.38882395618772353,0.24067347022693461,1.4243141595159967,0.86503300475604039,2.3767656152870131,11,清水,湘南,middle,11,11,0,0,0,0,ESTABLISHED,ESTABLISHED,0,0,1,1,0,1
2021,25083,2021-04-25,team_0030,team_0020,2,42.358712832378387,0.32992799405038231,0.23848609305506119,0.4315859128945565,2,0.4315859128945565,0.4315859128945565,0.84028868539274704,0.48882267225869114,42.358712832378387,11,浦和,大分,middle,11,10,0,0,0,0,ESTABLISHED,ESTABLISHED,0,0,1,1,0,0
2021,25191,2021-04-29,team_0018,team_0010,0,-167.6422247171588,0.52555835726403088,0.23004763418816165,0.24439400854780732,0,0.52555835726403088,0.52555835726403088,0.64329404390022826,0.3377452177716409,167.6422247171588,22,名古屋,川崎Ｆ,middle,13,13,0,0,0,0,ESTABLISHED,ESTABLISHED,0,0,1,0,1,0
2021,25084,2021-05-01,team_0024,team_0009,2,-144.8734477602286,0.50444269515061557,0.23314608886296903,0.26241121598641542,0,0.50444269515061557,0.26241121598641542,1.3378424789750269,0.8528567457455547,144.8734477602286,12,仙台,柏,middle,11,12,0,0,0,0,ESTABLISHED,ESTABLISHED,0,0,1,0,1,0
2021,25085,2021-05-01,team_0003,team_0033,0,-54.750368006548342,0.41945501669278157,0.24043184014988306,0.34011314315733543,0,0.41945501669278157,0.41945501669278157,0.86879898959260715,0.51051689754939966,54.750368006548342,12,FC東京,横浜FM,middle,12,11,0,0,0,0,ESTABLISHED,ESTABLISHED,0,0,1,0,1,0
2021,25086,2021-05-01,team_0004,team_0030,2,-94.694928589764231,0.4572313754250093,0.23823503425193698,0.30453359032305366,0,0.4572313754250093,0.30453359032305366,1.1889738848684268,0.74948998920700949,94.694928589764231,12,福岡,浦和,middle,13,12,0,0,0,0,RETURNING,ESTABLISHED,1,1,0,0,1,0
2021,25087,2021-05-01,team_0011,team_0006,2,-10.388011233242196,0.37791130833580122,0.24083317655055564,0.38125551511364325,2,0.38125551511364325,0.38125551511364325,0.96428548529329428,0.58366231347279118,10.388011233242196,12,神戸,広島,middle,12,13,0,0,0,0,ESTABLISHED,ESTABLISHED,0,0,1,1,0,1
2021,25088,2021-05-01,team_0029,team_0027,2,62.49465558719703,0.31221128243543284,0.23679948557209446,0.45098923199247276,2,0.45098923199247276,0.45098923199247276,0.79631181561266695,0.45496270463540112,62.49465558719703,12,鳥栖,徳島,middle,13,13,0,0,0,0,ESTABLISHED,FIRST_TIME_IN_SCOPE,1,0,0,1,0,0
2021,25089,2021-05-01,team_0032,team_0008,0,-229.21602820142925,0.58098106315579223,0.21952523761450279,0.19949369922970486,0,0.58098106315579223,0.58098106315579223,0.5430371161970482,0.26356593541610601,229.21602820142925,12,横浜FC,鹿島,middle,12,11,0,0,0,0,ESTABLISHED,ESTABLISHED,0,0,1,0,1,0
2021,25090,2021-05-02,team_0020,team_0025,2,28.191593264465155,0.34261229117529107,0.239414469860738,0.41797323896397087,2,0.41797323896397087,0.41797323896397087,0.87233787012414654,0.51345762100517156,28.191593264465155,12,大分,清水,middle,11,12,0,0,0,0,ESTABLISHED,ESTABLISHED,0,0,1,1,0,0
2021,25091,2021-05-02,team_0026,team_0023,1,-32.891398698950525,0.39889350603116452,0.2409013453459336,0.36020514862290193,0,0.39889350603116452,0.2409013453459336,1.4233677847113446,0.86509454574589506,32.891398698950525,12,湘南,札幌,middle,12,11,0,0,0,0,ESTABLISHED,ESTABLISHED,0,0,1,0,1,1
2021,25093,2021-05-02,team_0002,team_0005,1,-21.756467894511616,0.38848266124882042,0.24093775397043951,0.37057958478073999,0,0.38848266124882042,0.24093775397043951,1.4232166611324286,0.8644235000946725,21.756467894511616,12,Ｃ大阪,Ｇ大阪,middle,13,8,0,0,0,0,ESTABLISHED,ESTABLISHED,0,0,1,0,1,1
2021,25092,2021-05-04,team_0010,team_0018,2,198.27745114572895,0.20540732269113798,0.21547854987859302,0.57911412743026902,2,0.57911412743026902,0.57911412743026902,0.54625570955448721,0.26576809140170643,198.27745114572895,12,川崎Ｆ,名古屋,middle,14,14,0,0,0,0,ESTABLISHED,ESTABLISHED,0,0,1,1,0,0
2021,25094,2021-05-08,team_0029,team_0006,1,11.323247084523018,0.35792272729863706,0.24023603116904504,0.40184124153231787,2,0.40184124153231787,0.24023603116904504,1.4261333757188936,0.86682635044689349,11.323247084523018,13,鳥栖,広島,middle,14,14,0,0,0,0,ESTABLISHED,ESTABLISHED,0,0,1,1,0,1
2021,25102,2021-05-08,team_0005,team_0010,0,-219.82237091911293,0.57271808270449154,0.22131354813645035,0.20596836915905803,0,0.57271808270449154,0.57271808270449154,0.55736168560114585,0.2739724925305127,219.82237091911293,13,Ｇ大阪,川崎Ｆ,middle,9,15,0,0,0,0,ESTABLISHED,ESTABLISHED,0,0,1,0,1,0
2021,25103,2021-05-08,team_0018,team_0002,2,49.470483351693474,0.32362683618455246,0.23793914842268277,0.43843401539276478,2,0.43843401539276478,0.43843401539276478,0.82454595650250939,0.47670572251882809,49.470483351693474,13,名古屋,Ｃ大阪,middle,15,14,0,0,0,0,ESTABLISHED,ESTABLISHED,0,0,1,1,0,0
2021,25095,2021-05-09,team_0033,team_0011,2,74.468092509275266,0.30186780500557797,0.23559699727146438,0.46253519772295759,2,0.46253519772295759,0.46253519772295759,0.7710326217405844,0.43549853050891635,74.468092509275266,13,横浜FM,神戸,middle,12,13,0,0,0,0,ESTABLISHED,ESTABLISHED,0,0,1,1,0,0
2021,25096,2021-05-09,team_0025,team_0032,1,75.433843936594712,0.30104014052866923,0.23549364746754056,0.46346621200379018,2,0.46346621200379018,0.23549364746754056,1.4460713405496124,0.88989605894114832,75.433843936594712,13,清水,横浜FC,middle,13,13,0,0,0,0,ESTABLISHED,ESTABLISHED,0,0,1,1,0,0
2021,25097,2021-05-09,team_0004,team_0009,2,-94.620477767528882,0.45716094709195554,0.23824070201210995,0.3045983508959344,0,0.45716094709195554,0.3045983508959344,1.1887612525346336,0.74933821721789062,94.620477767528882,13,福岡,柏,middle,14,13,0,0,0,0,RETURNING,ESTABLISHED,1,1,0,0,1,0
2021,25098,2021-05-09,team_0026,team_0020,2,-24.947838910891505,0.39146121940114958,0.24094135800702302,0.36759742259182732,0,0.39146121940114958,0.36759742259182732,1.0007668999728805,0.61122764420580333,24.947838910891505,13,湘南,大分,middle,13,12,0,0,0,0,ESTABLISHED,ESTABLISHED,0,0,1,0,1,1
2021,25099,2021-05-09,team_0027,team_0023,0,-0.66793150791863809,0.36892703946875216,0.24063021437297943,0.39044274615826841,2,0.39044274615826841,0.36892703946875216,0.99715637950870994,0.60860151961046993,0.66793150791863809,13,徳島,札幌,middle,14,12,0,0,0,0,FIRST_TIME_IN_SCOPE,ESTABLISHED,1,0,0,1,0,1
2021,25100,2021-05-09,team_0030,team_0024,2,94.355931610486095,0.28503371570187969,0.23328138447834465,0.48168489981977552,2,0.48168489981977552,0.48168489981977552,0.73046511352305821,0.40431496650578935,94.355931610486095,13,浦和,仙台,middle,13,12,0,0,0,0,ESTABLISHED,ESTABLISHED,0,0,1,1,0,0
2021,25101,2021-05-09,team_0008,team_0003,2,68.366124914555712,0.30712036523105685,0.23622813335686682,0.45665150141207628,2,0.45665150141207628,0.45665150141207628,0.78383475796618773,0.44535424064667845,68.366124914555712,13,鹿島,FC東京,middle,12,13,0,0,0,0,ESTABLISHED,ESTABLISHED,0,0,1,1,0,0
2021,25165,2021-05-12,team_0010,team_0024,1,454.5372044305791,0.077549351521571872,0.15003774020006053,0.7724129082783675,2,0.7724129082783675,0.15003774020006053,1.8968684151984521,1.3250714458806818,454.5372044305791,20,川崎Ｆ,仙台,middle,16,13,0,0,0,0,ESTABLISHED,ESTABLISHED,0,0,1,1,0,0
2021,25167,2021-05-12,team_0005,team_0006,0,56.350955369061239,0.31757557502073491,0.2373591680926137,0.44506525688665144,2,0.44506525688665144,0.31757557502073491,1.1470394574130383,0.72012555337347917,56.350955369061239,20,Ｇ大阪,広島,middle,10,15,0,0,0,0,ESTABLISHED,ESTABLISHED,0,0,1,1,0,0
2021,25181,2021-05-12,team_0018,team_0008,0,38.121082637497921,0.33370417012090042,0.23878638904881203,0.42750944083028763,2,0.42750944083028763,0.33370417012090042,1.0975003966864676,0.68373339450827375,38.121082637497921,21,名古屋,鹿島,middle,16,13,0,0,0,0,ESTABLISHED,ESTABLISHED,0,0,1,1,0,0
2021,25104,2021-05-15,team_0024,team_0004,0,-25.46796823636123,0.39194708427339492,0.24094087582170823,0.36711203990489688,0,0.39194708427339492,0.39194708427339492,0.93662843740200519,0.56255210380849219,25.46796823636123,14,仙台,福岡,middle,14,15,0,0,0,0,ESTABLISHED,RETURNING,1,1,0,0,1,1
2021,25105,2021-05-15,team_0025,team_0018,0,-209.25284229651265,0.5633305465987315,0.22325173259469419,0.2134177208065742,0,0.5633305465987315,0.5633305465987315,0.57388870661152047,0.2860686711945683,209.25284229651265,14,清水,名古屋,middle,14,17,0,0,0,0,ESTABLISHED,ESTABLISHED,0,0,1,0,1,0
2021,25106,2021-05-15,team_0008,team_0033,2,-3.0085638150801515,0.37108552609772444,0.24068864539009877,0.38822582851217685,2,0.38822582851217685,0.38822582851217685,0.94616807642605916,0.56990312859855807,3.0085638150801515,14,鹿島,横浜FM,middle,14,13,0,0,0,0,ESTABLISHED,ESTABLISHED,0,0,1,1,0,1
2021,25107,2021-05-15,team_0009,team_0003,0,-13.906496089318352,0.38117621597717655,0.24088085111808141,0.37794293290474212,0,0.38117621597717655,0.38117621597717655,0.96449350165336678,0.5838073206403358,13.906496089318352,14,柏,FC東京,middle,14,14,0,0,0,0,ESTABLISHED,ESTABLISHED,0,0,1,0,1,1
2021,25108,2021-05-15,team_0006,team_0027,0,116.39553379357653,0.2669258655601156,0.23027010719191077,0.50280402724797357,2,0.50280402724797357,0.2669258655601156,1.3207843162139694,0.84323389866774057,116.39553379357653,14,広島,徳島,middle,16,15,0,0,0,0,ESTABLISHED,FIRST_TIME_IN_SCOPE,1,0,0,1,0,0
2021,25109,2021-05-15,team_0020,team_0029,1,-95.128623521079135,0.45764162889935678,0.23820190358524398,0.30415646751539932,0,0.45764162889935678,0.23820190358524398,1.4346366305511231,0.88228335693424864,95.128623521079135,14,大分,鳥栖,middle,13,15,0,0,0,0,ESTABLISHED,ESTABLISHED,0,0,1,0,1,0
2021,25110,2021-05-15,team_0032,team_0026,2,-92.527973586824828,0.45518131846785909,0.23839763948551732,0.30642104204662357,0,0.45518131846785909,0.30642104204662357,1.1827951683868352,0.74507523811009668,92.527973586824828,14,横浜FC,湘南,middle,14,14,0,0,0,0,ESTABLISHED,ESTABLISHED,0,0,1,0,1,0
2021,25111,2021-05-15,team_0011,team_0002,1,-35.512408179758495,0.40135112497684278,0.24087282567552906,0.35777604934762819,0,0.40135112497684278,0.24087282567552906,1.4234861790635258,0.8653604938048296,35.512408179758495,14,神戸,Ｃ大阪,middle,14,15,0,0,0,0,ESTABLISHED,ESTABLISHED,0,0,1,0,1,1
2021,25112,2021-05-16,team_0010,team_0023,2,336.19237487653731,0.12470138434364082,0.18185579603311755,0.69344281962324161,2,0.69344281962324161,0.69344281962324161,0.36608649450367858,0.14259927064860767,336.19237487653731,14,川崎Ｆ,札幌,middle,17,13,0,0,0,0,ESTABLISHED,ESTABLISHED,0,0,1,1,0,0
2021,25113,2021-05-16,team_0005,team_0030,0,79.97336308011154,0.29716333626791225,0.23499528043858983,0.467841383293498,2,0.467841383293498,0.29716333626791225,1.213473337584573,0.76807771763643695,79.97336308011154,14,Ｇ大阪,浦和,middle,11,14,0,0,0,0,ESTABLISHED,ESTABLISHED,0,0,1,1,0,0
2021,25114,2021-05-22,team_0023,team_0025,2,105.21647977251519,0.27603569921851584,0.23185444472074818,0.49210985606073587,2,0.49210985606073587,0.49210985606073587,0.70905330273784972,0.38790458909046788,105.21647977251519,15,札幌,清水,middle,14,15,0,0,0,0,ESTABLISHED,ESTABLISHED,0,0,1,1,0,0
2021,25115,2021-05-22,team_0024,team_0020,2,-57.177802001119517,0.4217459355134186,0.2403473646735011,0.33790669981308041,0,0.4217459355134186,0.33790669981308041,1.0849854576600579,0.67400402797999193,57.177802001119517,15,仙台,大分,middle,15,14,0,0,0,0,ESTABLISHED,ESTABLISHED,0,0,1,0,1,0
2021,25116,2021-05-22,team_0029,team_0008,2,-84.36593580847989,0.44745728765871978,0.23896599111591241,0.31357672122536773,0,0.44745728765871978,0.31357672122536773,1.1597112240475804,0.72849968683262523,84.36593580847989,15,鳥栖,鹿島,middle,16,15,0,0,0,0,ESTABLISHED,ESTABLISHED,0,0,1,0,1,0
2021,25117,2021-05-22,team_0010,team_0032,2,476.29475701578394,0.070797327814536792,0.14428117676762009,0.78492149541784306,2,0.78492149541784306,0.78492149541784306,0.24217157203778836,0.072088082728425124,476.29475701578394,15,川崎Ｆ,横浜FC,middle,18,15,0,0,0,0,ESTABLISHED,ESTABLISHED,0,0,1,1,0,0
2021,25118,2021-05-22,team_0030,team_0011,2,-10.513779394458652,0.378027900384036,0.24083511710786984,0.38113698250809419,2,0.38113698250809419,0.38113698250809419,0.96459643433036868,0.58389808152031097,10.513779394458652,15,浦和,神戸,middle,15,15,0,0,0,0,ESTABLISHED,ESTABLISHED,0,0,1,1,0,1
2021,25119,2021-05-22,team_0033,team_0009,1,133.70818014791826,0.25313624718187328,0.22759395789729933,0.51926979492082748,2,0.51926979492082748,0.22759395789729933,1.4801921241065079,0.93033017343119973,133.70818014791826,15,横浜FM,柏,middle,14,15,0,0,0,0,ESTABLISHED,ESTABLISHED,0,0,1,1,0,0
2021,25120,2021-05-22,team_0004,team_0026,2,25.730186769463671,0.3448329524444208,0.23955367951244799,0.41561336804313131,2,0.41561336804313131,0.41561336804313131,0.87799985462679508,0.51780346606938155,25.730186769463671,15,福岡,湘南,middle,16,15,0,0,0,0,RETURNING,ESTABLISHED,1,1,0,1,0,0
2021,25121,2021-05-22,team_0027,team_0018,1,-148.88203998232802,0.50817862216654308,0.23263460931632665,0.25918676851713013,0,0.50817862216654308,0.23263460931632665,1.4582862566887802,0.91427293582054525,148.88203998232802,15,徳島,名古屋,middle,16,18,0,0,0,0,FIRST_TIME_IN_SCOPE,ESTABLISHED,1,0,0,0,1,0
2021,25122,2021-05-22,team_0003,team_0005,2,-13.917706913301572,0.38118662906261847,0.24088098109293873,0.37793238984444288,0,0.38118662906261847,0.37793238984444288,0.97303996220580491,0.59029500483306518,13.917706913301572,15,FC東京,Ｇ大阪,middle,15,12,0,0,0,0,ESTABLISHED,ESTABLISHED,0,0,1,0,1,1
2021,25123,2021-05-23,team_0002,team_0006,0,36.030485839703033,0.33557285655314656,0.23892745259062251,0.42549969085623085,2,0.42549969085623085,0.33557285655314656,1.0919161880142303,0.67959974346913765,36.030485839703033,15,Ｃ大阪,広島,middle,16,17,0,0,0,0,ESTABLISHED,ESTABLISHED,0,0,1,1,0,0
2021,25124,2021-05-26,team_0023,team_0029,1,-55.786502707839645,0.42043273644073814,0.24039656882198918,0.33917069473727252,0,0.42043273644073814,0.24039656882198918,1.4254653492100084,0.86879781869701844,55.786502707839645,16,札幌,鳥栖,middle,15,17,0,0,0,0,ESTABLISHED,ESTABLISHED,0,0,1,0,1,0
2021,25125,2021-05-26,team_0008,team_0002,2,61.846291886743757,0.31277561322307018,0.23686039954759699,0.45036398722933285,2,0.45036398722933285,0.45036398722933285,0.79769916265951157,0.45603117963535195,61.846291886743757,16,鹿島,Ｃ大阪,middle,16,17,0,0,0,0,ESTABLISHED,ESTABLISHED,0,0,1,1,0,0
2021,25126,2021-05-26,team_0009,team_0011,0,-31.073922325982039,0.39719081432625919,0.24091666192013461,0.36189252375360609,0,0.39719081432625919,0.39719081432625919,0.92333847314535089,0.55238595107213329,31.073922325982039,16,柏,神戸,middle,16,16,0,0,0,0,ESTABLISHED,ESTABLISHED,0,0,1,0,1,1
2021,25127,2021-05-26,team_0032,team_0004,1,-103.12305528944535,0.4652003838031627,0.23755635166554459,0.29724326453129274,0,0.4652003838031627,0.23755635166554459,1.4373504134808424,0.8860852722853847,103.12305528944535,16,横浜FC,福岡,middle,16,17,0,0,0,0,ESTABLISHED,RETURNING,1,1,0,0,1,0
2021,25128,2021-05-26,team_0006,team_0030,1,36.180924614372771,0.33543826157905365,0.2389174583927369,0.42564428002820937,2,0.42564428002820937,0.2389174583927369,1.4316371490754314,0.87293851559128166,36.180924614372771,16,広島,浦和,middle,18,16,0,0,0,0,ESTABLISHED,ESTABLISHED,0,0,1,1,0,0
2021,25129,2021-05-26,team_0026,team_0010,1,-414.65087135017075,0.72442678336322242,0.17577368258203394,0.099799534054743635,0,0.72442678336322242,0.17577368258203394,1.7385580058359138,1.2141031337759107,414.65087135017075,16,湘南,川崎Ｆ,middle,16,19,0,0,0,0,ESTABLISHED,ESTABLISHED,0,0,1,0,1,0
2021,25130,2021-05-26,team_0025,team_0003,2,-162.61466135441924,0.52091889801916946,0.23077159034597619,0.2483095116348544,0,0.52091889801916946,0.2483095116348544,1.3930792801745089,0.889650615522948,162.61466135441924,16,清水,FC東京,middle,16,16,0,0,0,0,ESTABLISHED,ESTABLISHED,0,0,1,0,1,0
2021,25132,2021-05-26,team_0020,team_0033,0,-172.46641024486871,0.52999649194055121,0.22933238698012656,0.24067112107932215,0,0.52999649194055121,0.52999649194055121,0.63488489143796711,0.33141922982776861,172.46641024486871,16,大分,横浜FM,middle,15,15,0,0,0,0,ESTABLISHED,ESTABLISHED,0,0,1,0,1,0
2021,25133,2021-05-26,team_0018,team_0024,0,231.60020223404808,0.18321314750866882,0.20811938101659203,0.6086674714747391,2,0.6086674714747391,0.18321314750866882,1.6971050634401412,1.0809305299888774,231.60020223404808,16,名古屋,仙台,middle,19,16,0,0,0,0,ESTABLISHED,ESTABLISHED,0,0,1,1,0,0
2021,25131,2021-05-27,team_0005,team_0027,2,68.241384226945229,0.30722815217609095,0.23624063981278609,0.4565312080111229,2,0.4565312080111229,0.4565312080111229,0.78409821762307319,0.44555710525453918,68.241384226945229,16,Ｇ大阪,徳島,middle,13,17,0,0,0,0,ESTABLISHED,FIRST_TIME_IN_SCOPE,1,0,0,1,0,0
2021,25134,2021-05-29,team_0009,team_0023,0,-23.241765915206997,0.38986835604150366,0.24094083544658396,0.36919080851191227,0,0.38986835604150366,0.38986835604150366,0.9419461454523298,0.56661496223487462,23.241765915206997,17,柏,札幌,middle,17,16,0,0,0,0,ESTABLISHED,ESTABLISHED,0,0,1,0,1,1
2021,25135,2021-05-30,team_0033,team_0025,2,220.90380461683003,0.19015080525586608,0.21055134425235575,0.59929785049177819,2,0.59929785049177819,0.59929785049177819,0.51199655822261392,0.24105140992643767,220.90380461683003,17,横浜FM,清水,middle,16,17,0,0,0,0,ESTABLISHED,ESTABLISHED,0,0,1,1,0,0
2021,25136,2021-05-30,team_0003,team_0006,1,-25.095803760558283,0.39159942505004686,0.2409412513413898,0.36745932360856343,0,0.39159942505004686,0.2409412513413898,1.4232021455759849,0.86454664812156534,25.095803760558283,17,FC東京,広島,middle,17,19,0,0,0,0,ESTABLISHED,ESTABLISHED,0,0,1,0,1,1
2021,25137,2021-05-30,team_0024,team_0002,1,-126.85454728469199,0.48756990838244912,0.23525849814347571,0.27717159347407511,0,0.48756990838244912,0.23525849814347571,1.4470703772861,0.89937807245080004,126.85454728469199,17,仙台,Ｃ大阪,middle,17,18,0,0,0,0,ESTABLISHED,ESTABLISHED,0,0,1,0,1,0
2021,25138,2021-05-30,team_0011,team_0029,1,-16.099927488856338,0.38321477155981365,0.24090362810020208,0.37588160033998419,0,0.38321477155981365,0.24090362810020208,1.4233583088678217,0.86436784044722414,16.099927488856338,17,神戸,鳥栖,middle,17,18,0,0,0,0,ESTABLISHED,ESTABLISHED,0,0,1,0,1,1
2021,25139,2021-05-30,team_0027,team_0026,1,40.943283075603404,0.33118753640350013,0.23858853110798461,0.43022393248851526,2,0.43022393248851526,0.23858853110798461,1.4330148379170824,0.87452524131519882,40.943283075603404,17,徳島,湘南,middle,18,17,0,0,0,0,FIRST_TIME_IN_SCOPE,ESTABLISHED,1,0,0,1,0,0
2021,25140,2021-05-30,team_0020,team_0004,2,-45.912792980116365,0.41112563387657186,0.24068493691727869,0.34818942920614943,0,0.41112563387657186,0.34818942920614943,1.0550086105059173,0.65181054588789278,45.912792980116365,17,大分,福岡,middle,16,18,0,0,0,0,ESTABLISHED,RETURNING,1,1,0,0,1,0
2021,25141,2021-05-30,team_0005,team_0032,2,196.10247405012592,0.20691508722921445,0.21593549734352335,0.57714941542726217,2,0.57714941542726217,0.57714941542726217,0.54965409378274899,0.26824460920957427,196.10247405012592,17,Ｇ大阪,横浜FC,middle,14,17,0,0,0,0,ESTABLISHED,ESTABLISHED,0,0,1,1,0,0
2021,25142,2021-05-30,team_0030,team_0018,1,-61.70779900022967,0.42602409733630797,0.24017255340206364,0.33380334926162847,0,0.42602409733630797,0.24017255340206364,1.426397641468464,0.87025895609303661,61.70779900022967,17,浦和,名古屋,middle,17,20,0,0,0,0,ESTABLISHED,ESTABLISHED,0,0,1,0,1,0
2021,25143,2021-05-30,team_0010,team_0008,2,202.01861983823892,0.20283064234964016,0.21468546190270738,0.58248389574765247,2,0.58248389574765247,0.58248389574765247,0.54045374070960683,0.26154981433840363,202.01861983823892,17,川崎Ｆ,鹿島,middle,20,17,0,0,0,0,ESTABLISHED,ESTABLISHED,0,0,1,1,0,0
2021,25159,2021-06-02,team_0026,team_0005,1,-115.93742839348442,0.477295512176171,0.23638547382301278,0.28631901400081622,0,0.477295512176171,0.23638547382301278,1.4422914427873503,0.89289672831041755,115.93742839348442,19,湘南,Ｇ大阪,middle,18,15,0,0,0,0,ESTABLISHED,ESTABLISHED,0,0,1,0,1,0
2021,25174,2021-06-02,team_0032,team_0010,0,-478.00890065105955,0.76371007954331882,0.15928051122262341,0.07700940923405776,0,0.76371007954331882,0.76371007954331882,0.26956703887278882,0.087133656875343551,478.00890065105955,21,横浜FC,川崎Ｆ,middle,18,21,0,0,0,0,ESTABLISHED,ESTABLISHED,0,0,1,0,1,0
2021,25144,2021-06-19,team_0004,team_0011,0,-84.481013507250509,0.44756620363569322,0.23895846498675707,0.31347533137754968,0,0.44756620363569322,0.44756620363569322,0.80393081112408216,0.46055103073657216,84.481013507250509,18,福岡,神戸,middle,19,18,0,0,0,0,RETURNING,ESTABLISHED,1,1,0,0,1,0
2021,25145,2021-06-19,team_0023,team_0020,2,89.043151549552249,0.28948657538092543,0.23393812262993532,0.47657530198913928,2,0.47657530198913928,0.47657530198913928,0.74112953691678995,0.41250293703315566,89.043151549552249,18,札幌,大分,middle,17,17,0,0,0,0,ESTABLISHED,ESTABLISHED,0,0,1,1,0,0
2021,25148,2021-06-19,team_0032,team_0003,0,-180.32839168668283,0.53719892829135329,0.22812443719655098,0.23467663451209567,0,0.53719892829135329,0.53719892829135329,0.62138680932507939,0.32129871360683881,180.32839168668283,18,横浜FC,FC東京,middle,19,18,0,0,0,0,ESTABLISHED,ESTABLISHED,0,0,1,0,1,0
2021,25150,2021-06-19,team_0006,team_0009,2,113.51717441790902,0.26925635660336222,0.2306890426272504,0.50005460076938746,2,0.50005460076938746,0.50005460076938746,0.69303798498322444,0.37566182217145089,113.51717441790902,18,広島,柏,middle,20,18,0,0,0,0,ESTABLISHED,ESTABLISHED,0,0,1,1,0,0
2021,25152,2021-06-20,team_0008,team_0024,1,199.91406780034345,0.2042775040263656,0.21513270082838279,0.58058979514525155,2,0.58058979514525155,0.21513270082838279,1.5365002280969051,0.99483048618699599,199.91406780034345,18,鹿島,仙台,middle,18,18,0,0,0,0,ESTABLISHED,ESTABLISHED,0,0,1,1,0,0
2021,25153,2021-06-20,team_0030,team_0026,0,98.454292325841152,0.28162148186034702,0.23275612284298217,0.48562239529667078,2,0.48562239529667078,0.28162148186034702,1.2671913725923667,0.80607221885909708,98.454292325841152,18,浦和,湘南,middle,18,19,0,0,0,0,ESTABLISHED,ESTABLISHED,0,0,1,1,0,0
2021,25155,2021-06-23,team_0024,team_0025,0,36.328766668061689,0.33530600861906729,0.23890761301309946,0.42578637836783323,2,0.42578637836783323,0.33530600861906729,1.0927117055420736,0.68018898973712794,36.328766668061689,19,仙台,清水,middle,19,18,0,0,0,0,ESTABLISHED,ESTABLISHED,0,0,1,1,0,0
2021,25156,2021-06-23,team_0009,team_0030,0,-62.7294461226968,0.42698941874689617,0.24013004651164985,0.33288053474145407,0,0.42698941874689617,0.42698941874689617,0.85099604651278682,0.4968130158754635,62.7294461226968,19,柏,浦和,middle,19,19,0,0,0,0,ESTABLISHED,ESTABLISHED,0,0,1,0,1,0
2021,25158,2021-06-23,team_0033,team_0029,2,55.809947378907509,0.31804973412743776,0.23740657007004584,0.44454369580251629,2,0.44454369580251629,0.44454369580251629,0.81070692559187418,0.46604921876368499,55.809947378907509,19,横浜FM,鳥栖,middle,17,19,0,0,0,0,ESTABLISHED,ESTABLISHED,0,0,1,1,0,0
2021,25160,2021-06-23,team_0011,team_0032,2,225.27729434457751,0.18729274568382148,0.20956449230550472,0.60314276201067385,2,0.60314276201067385,0.60314276201067385,0.50560135735664435,0.23649151636556523,225.27729434457751,19,神戸,横浜FC,middle,19,20,0,0,0,0,ESTABLISHED,ESTABLISHED,0,0,1,1,0,0
2021,25161,2021-06-23,team_0027,team_0003,0,-79.755267699615615,0.44309350728979863,0.23925599686115978,0.31765049584904159,0,0.44309350728979863,0.44309350728979863,0.81397445380709366,0.4682901111699469,79.755267699615615,19,徳島,FC東京,middle,19,19,0,0,0,0,FIRST_TIME_IN_SCOPE,ESTABLISHED,1,0,0,0,1,0
2021,25162,2021-06-23,team_0020,team_0008,1,-187.1662209389458,0.54343058706662561,0.2270321935231322,0.22953721941024224,0,0.54343058706662561,0.2270321935231322,1.4826634498686722,0.94548336790382359,187.1662209389458,19,大分,鹿島,middle,18,19,0,0,0,0,ESTABLISHED,ESTABLISHED,0,0,1,0,1,0
2021,25166,2021-06-27,team_0032,team_0025,1,-90.59327776630721,0.45335071494128509,0.23853867743424068,0.30811060762447418,0,0.45335071494128509,0.23853867743424068,1.4332238122661984,0.88028236303209251,90.59327776630721,20,横浜FC,清水,middle,21,19,0,0,0,0,ESTABLISHED,ESTABLISHED,0,0,1,0,1,0
2021,25168,2021-06-27,team_0027,team_0033,0,-186.38338520012962,0.54271874688885702,0.22715917038334413,0.23012208272779883,0,0.54271874688885702,0.54271874688885702,0.61116405476726354,0.31366360609512622,186.38338520012962,20,徳島,横浜FM,middle,20,18,0,0,0,0,FIRST_TIME_IN_SCOPE,ESTABLISHED,1,0,0,0,1,0
2021,25170,2021-06-27,team_0008,team_0023,2,86.829933362747397,0.29135123816097952,0.23420358065557256,0.47444518118344781,2,0.47444518118344781,0.47444518118344781,0.74560919725121733,0.41594472875112609,86.829933362747397,20,鹿島,札幌,middle,20,18,0,0,0,0,ESTABLISHED,ESTABLISHED,0,0,1,1,0,0
2021,25171,2021-06-27,team_0030,team_0004,2,93.345893717292256,0.28587772249221893,0.23340834973248453,0.48071392777529648,2,0.48071392777529648,0.48071392777529648,0.7324829305570939,0.40586355474873992,93.345893717292256,20,浦和,福岡,middle,20,20,0,0,0,0,ESTABLISHED,RETURNING,1,1,0,1,0,0
2021,25172,2021-06-27,team_0003,team_0020,2,138.33804227211635,0.24951637030049595,0.22683406721049895,0.52364956248900518,2,0.52364956248900518,0.52364956248900518,0.64693259226604272,0.34062185241210757,138.33804227211635,20,FC東京,大分,middle,20,19,0,0,0,0,ESTABLISHED,ESTABLISHED,0,0,1,1,0,0
2021,25173,2021-06-27,team_0026,team_0009,0,33.662602511798241,0.33769388235345099,0.23908155283329308,0.42322456481325588,2,0.42322456481325588,0.33769388235345099,1.085615467379665,0.67492841463859299,33.662602511798241,20,湘南,柏,middle,20,20,0,0,0,0,ESTABLISHED,ESTABLISHED,0,0,1,1,0,0
2021,25175,2021-07-03,team_0024,team_0030,1,-123.86196189050224,0.48475681907290236,0.23557909468543403,0.27966408624166356,0,0.48475681907290236,0.23557909468543403,1.4457085633766429,0.89754049525300383,123.86196189050224,21,仙台,浦和,middle,20,21,0,0,0,0,ESTABLISHED,ESTABLISHED,0,0,1,0,1,0
2021,25176,2021-07-03,team_0009,team_0033,0,-194.53265715137491,0.55010793307226236,0.2258133483001841,0.22407871862755363,0,0.55010793307226236,0.55010793307226236,0.59764077805898508,0.3036058122968186,194.53265715137491,21,柏,横浜FM,middle,21,19,0,0,0,0,ESTABLISHED,ESTABLISHED,0,0,1,0,1,0
2021,25177,2021-07-03,team_0011,team_0026,2,123.00138767589806,0.26161773636475405,0.22928030523963852,0.50910195839560746,2,0.50910195839560746,0.50910195839560746,0.67510697130142339,0.36199418560242769,123.00138767589806,21,神戸,湘南,middle,20,21,0,0,0,0,ESTABLISHED,ESTABLISHED,0,0,1,1,0,0
2021,25178,2021-07-03,team_0006,team_0029,1,8.0683610127969132,0.36090048250838497,0.24035869360360737,0.39874082388800769,2,0.39874082388800769,0.24035869360360737,1.4256229146967347,0.86629831729329032,8.0683610127969132,21,広島,鳥栖,middle,21,20,0,0,0,0,ESTABLISHED,ESTABLISHED,0,0,1,1,0,1
2021,25179,2021-07-04,team_0023,team_0027,2,87.795667332464291,0.29053690272836535,0.23408833949899077,0.47537475777264382,2,0.47537475777264382,0.47537475777264382,0.74365182228389559,0.41444068731849854,87.795667332464291,21,札幌,徳島,middle,19,21,0,0,0,0,ESTABLISHED,FIRST_TIME_IN_SCOPE,1,0,0,1,0,0
2021,25180,2021-07-04,team_0025,team_0020,2,5.1436825048804167,0.36358214951481627,0.24045896512086021,0.39595888536432355,2,0.39595888536432355,0.39595888536432355,0.92644489795539486,0.55487816152311975,5.1436825048804167,21,清水,大分,middle,20,20,0,0,0,0,ESTABLISHED,ESTABLISHED,0,0,1,1,0,1
2021,25184,2021-07-10,team_0033,team_0004,2,228.27379743912047,0.18535164371556229,0.20888230173020667,0.60576605455423105,2,0.60576605455423105,0.60576605455423105,0.50126141603914109,0.23340745154590736,228.27379743912047,22,横浜FM,福岡,middle,20,21,0,0,0,0,ESTABLISHED,RETURNING,1,1,0,1,0,0
2021,25185,2021-07-10,team_0024,team_0023,1,-114.08398292181846,0.47554814410481488,0.23656507032420321,0.28788678557098191,0,0.47554814410481488,0.23656507032420321,1.4415319701023284,0.891857730517015,114.08398292181846,22,仙台,札幌,middle,21,20,0,0,0,0,ESTABLISHED,ESTABLISHED,0,0,1,0,1,0
2021,25186,2021-07-10,team_0020,team_0030,2,-125.51736685041419,0.48631326604291114,0.2354028320817598,0.27828390187532898,0,0.48631326604291114,0.27828390187532898,1.279113456624503,0.81278921237373636,125.51736685041419,22,大分,浦和,middle,21,22,0,0,0,0,ESTABLISHED,ESTABLISHED,0,0,1,0,1,0
2021,25187,2021-07-11,team_0006,team_0032,0,236.23198877268578,0.18026406652391533,0.20704745414276227,0.61268847933332238,2,0.61268847933332238,0.18026406652391533,1.7133324668943304,1.090222821606686,236.23198877268578,22,広島,横浜FC,middle,22,22,0,0,0,0,ESTABLISHED,ESTABLISHED,0,0,1,1,0,0
2021,25188,2021-07-11,team_0027,team_0025,1,-8.1195171095112073,0.37580978794670161,0.24079516584624644,0.383395046207052,2,0.383395046207052,0.24079516584624644,1.4238086411383264,0.86461673837508091,8.1195171095112073,22,徳島,清水,middle,22,21,0,0,0,0,FIRST_TIME_IN_SCOPE,ESTABLISHED,1,0,0,1,0,1
2021,25189,2021-07-11,team_0009,team_0008,2,-178.79615675638252,0.53579829515959077,0.22836391668901315,0.235837788151396,0,0.53579829515959077,0.235837788151396,1.4446110486233636,0.92317377755882113,178.79615675638252,22,柏,鹿島,middle,22,21,0,0,0,0,ESTABLISHED,ESTABLISHED,0,0,1,0,1,0
2021,25190,2021-07-11,team_0026,team_0003,0,-132.69693282741218,0.49305366461457334,0.23460752948602026,0.2723388058994064,0,0.49305366461457334,0.49305366461457334,0.70713725768994695,0.38620370505096191,132.69693282741218,22,湘南,FC東京,middle,22,21,0,0,0,0,ESTABLISHED,ESTABLISHED,0,0,1,0,1,0
2021,25149,2021-07-17,team_0025,team_0010,0,-395.71174637578451,0.71169369223367374,0.18067547493491556,0.10763083283141074,0,0.71169369223367374,0.71169369223367374,0.34010766767294809,0.12734855051679203,395.71174637578451,18,清水,川崎Ｆ,middle,22,22,0,0,0,0,ESTABLISHED,ESTABLISHED,0,0,1,0,1,0
2021,25164,2021-07-17,team_0002,team_0011,1,-12.426701046576682,0.37980228479300432,0.2408624720305563,0.37933524317643941,0,0.37980228479300432,0.2408624720305563,1.4235291638521583,0.86443478862127265,12.426701046576682,20,Ｃ大阪,神戸,middle,19,21,0,0,0,0,ESTABLISHED,ESTABLISHED,0,0,1,0,1,1
2021,25169,2021-07-17,team_0029,team_0018,2,-36.465192999853343,0.40224511885952402,0.24086057698757599,0.35689430415290008,0,0.40224511885952402,0.35689430415290008,1.0303156078375244,0.6333998892240833,36.465192999853343,20,鳥栖,名古屋,middle,21,21,0,0,0,0,ESTABLISHED,ESTABLISHED,0,0,1,0,1,1
2021,25182,2021-07-17,team_0004,team_0005,0,-129.00272186948678,0.48958752649502507,0.23502298348464232,0.27538949002033253,0,0.48958752649502507,0.48958752649502507,0.71419202503865908,0.39159606708914796,129.00272186948678,21,福岡,Ｇ大阪,middle,22,16,0,0,0,0,RETURNING,ESTABLISHED,1,1,0,0,1,0
2021,25183,2021-07-21,team_0002,team_0003,1,-36.339830740244679,0.40212747401632798,0.24086224588692465,0.35701028009674729,0,0.40212747401632798,0.24086224588692465,1.4235301027437006,0.86545297517335451,36.339830740244679,21,Ｃ大阪,FC東京,middle,20,22,0,0,0,0,ESTABLISHED,ESTABLISHED,0,0,1,0,1,1
2021,25193,2021-07-21,team_0005,team_0011,0,2.0508597132320574,0.36642397328240178,0.24055474200775073,0.39302128470984754,2,0.39302128470984754,0.36642397328240178,1.0039642190583657,0.61375089576865338,2.0508597132320574,22,Ｇ大阪,神戸,middle,17,22,0,0,0,0,ESTABLISHED,ESTABLISHED,0,0,1,1,0,1
2021,24989,2021-07-24,team_0005,team_0008,0,-47.806489861972977,0.41290880754920012,0.2406379127175042,0.34645327973329559,0,0.41290880754920012,0.41290880754920012,0.88452851536772692,0.52261254832829651,47.806489861972977,2,Ｇ大阪,鹿島,opening,18,22,0,0,0,0,ESTABLISHED,ESTABLISHED,0,0,1,0,1,0
2021,25192,2021-07-24,team_0029,team_0002,1,37.761474075958176,0.33402534012334356,0.23881098770075357,0.4271636721759029,2,0.4271636721759029,0.23881098770075357,1.4320828863750072,0.87345044311641984,37.761474075958176,22,鳥栖,Ｃ大阪,middle,22,21,0,0,0,0,ESTABLISHED,ESTABLISHED,0,0,1,1,0,0
2021,24999,2021-07-27,team_0005,team_0020,2,107.5436942597471,0.27412632714802176,0.23153416572600208,0.4943395071259763,2,0.4943395071259763,0.4943395071259763,0.70453273646155812,0.38444584718770064,107.5436942597471,3,Ｇ大阪,大分,opening,19,22,0,0,0,0,ESTABLISHED,ESTABLISHED,0,0,1,1,0,0
2021,25004,2021-07-30,team_0023,team_0005,0,-11.392472328162057,0.37884271773160538,0.24084818602177113,0.38030909624662351,2,0.38030909624662351,0.37884271773160538,0.97063415282564824,0.58847922671295927,11.392472328162057,4,札幌,Ｇ大阪,opening,21,20,0,0,0,0,ESTABLISHED,ESTABLISHED,0,0,1,1,0,1
2021,25020,2021-08-03,team_0024,team_0005,0,-152.26702072864077,0.51132764719600676,0.23219120110489772,0.25648115169909547,0,0.51132764719600676,0.51132764719600676,0.67074470600128977,0.35849600344241994,152.26702072864077,5,仙台,Ｇ大阪,opening,22,21,0,0,0,0,ESTABLISHED,ESTABLISHED,0,0,1,0,1,0
2021,25026,2021-08-06,team_0005,team_0033,0,-87.468040005785952,0.45039321163427093,0.23875822536576383,0.31084856299996527,0,0.45039321163427093,0.45039321163427093,0.79763427413020493,0.45569994111664358,87.468040005785952,6,Ｇ大阪,横浜FM,middle,22,21,0,0,0,0,ESTABLISHED,ESTABLISHED,0,0,1,0,1,0
2021,25194,2021-08-09,team_0032,team_0018,2,-242.3735031394956,0.59242042930820626,0.21692191824379145,0.19065765244800223,0,0.59242042930820626,0.19065765244800223,1.6572758547586766,1.0530521192172642,242.3735031394956,23,横浜FC,名古屋,middle,23,22,0,0,0,0,ESTABLISHED,ESTABLISHED,0,0,1,0,1,0
2021,25195,2021-08-09,team_0025,team_0033,1,-248.11427479345934,0.59736021355441637,0.21575180755487958,0.18688797889070405,0,0.59736021355441637,0.21575180755487958,1.5336265710473007,1.0068115687450689,248.11427479345934,23,清水,横浜FM,middle,23,22,0,0,0,0,ESTABLISHED,ESTABLISHED,0,0,1,0,1,0
2021,25196,2021-08-09,team_0026,team_0008,0,-203.58566195465392,0.55825969381797313,0.22425737232998363,0.21748293385204318,0,0.55825969381797313,0.55825969381797313,0.58293102375885286,0.29272469366703191,203.58566195465392,23,湘南,鹿島,middle,23,23,0,0,0,0,ESTABLISHED,ESTABLISHED,0,0,1,0,1,0
2021,25197,2021-08-09,team_0002,team_0024,1,158.96281651648155,0.23375173486899778,0.2232335383132836,0.54301472681771867,2,0.54301472681771867,0.2232335383132836,1.4995367985028425,0.95287100309648887,158.96281651648155,23,Ｃ大阪,仙台,middle,22,23,0,0,0,0,ESTABLISHED,ESTABLISHED,0,0,1,1,0,0
2021,25198,2021-08-09,team_0011,team_0009,0,142.69988230974764,0.24613286985202465,0.22610161264697667,0.52776551750099876,2,0.52776551750099876,0.24613286985202465,1.4018837675131146,0.89797403062220482,142.69988230974764,23,神戸,柏,middle,23,23,0,0,0,0,ESTABLISHED,ESTABLISHED,0,0,1,1,0,0
2021,25199,2021-08-09,team_0027,team_0005,2,-138.18354516306954,0.49819260597506904,0.23396636496955478,0.2678410290553761,0,0.49819260597506904,0.2678410290553761,1.3173616496357785,0.83899289131998789,138.18354516306954,23,徳島,Ｇ大阪,middle,23,23,0,0,0,0,FIRST_TIME_IN_SCOPE,ESTABLISHED,1,0,0,0,1,0
2021,25200,2021-08-09,team_0004,team_0006,1,-124.28405422025389,0.48515375620012241,0.23553440638014211,0.27931183741973559,0,0.48515375620012241,0.23553440638014211,1.4458982769183897,0.89779691350643831,124.28405422025389,23,福岡,広島,middle,23,23,0,0,0,0,RETURNING,ESTABLISHED,1,1,0,0,1,0
2021,25201,2021-08-09,team_0029,team_0003,2,-18.140583719524102,0.38511346899827831,0.24092002937411999,0.37396650162760181,0,0.38511346899827831,0.37396650162760181,0.9835890534196805,0.59827278564189812,18.140583719524102,23,鳥栖,FC東京,middle,23,23,0,0,0,0,ESTABLISHED,ESTABLISHED,0,0,1,0,1,1
2021,25202,2021-08-09,team_0020,team_0010,0,-421.88337132495144,0.72916847987594247,0.17389396766955317,0.096937552454504472,0,0.72916847987594247,0.72916847987594247,0.31585046273456224,0.1129857133604372,421.88337132495144,23,大分,川崎Ｆ,middle,23,23,0,0,0,0,ESTABLISHED,ESTABLISHED,0,0,1,0,1,0
2021,25203,2021-08-09,team_0023,team_0030,2,-20.264550797932998,0.38709179431199103,0.24093219714009362,0.3719760085479154,0,0.38709179431199103,0.3719760085479154,0.98892591993952816,0.60230251468183782,20.264550797932998,23,札幌,浦和,middle,22,23,0,0,0,0,ESTABLISHED,ESTABLISHED,0,0,1,0,1,1
2021,25147,2021-08-12,team_0033,team_0018,2,98.789785521993508,0.28134304522600534,0.23271241162436562,0.48594454314962893,2,0.48594454314962893,0.48594454314962893,0.72166077033816101,0.39756198833871392,98.789785521993508,18,横浜FM,名古屋,middle,23,23,0,0,0,0,ESTABLISHED,ESTABLISHED,0,0,1,1,0,0
2021,25205,2021-08-13,team_0025,team_0005,0,-106.71683007017577,0.46859549925347815,0.23724477082964596,0.29415972991687594,0,0.46859549925347815,0.46859549925347815,0.75801535762063998,0.42520577140444071,106.71683007017577,24,清水,Ｇ大阪,middle,24,24,0,0,0,0,ESTABLISHED,ESTABLISHED,0,0,1,0,1,0
2021,25206,2021-08-14,team_0023,team_0003,2,-67.422027304786297,0.43142517280213322,0.23992028395769807,0.32865454324016874,0,0.43142517280213322,0.32865454324016874,1.1127481004211406,0.69439414469375949,67.422027304786297,24,札幌,FC東京,middle,23,24,0,0,0,0,ESTABLISHED,ESTABLISHED,0,0,1,0,1,0
2021,25208,2021-08-14,team_0024,team_0032,1,29.304496859899018,0.34160982282980168,0.23934937085141439,0.41904080631878399,2,0.41904080631878399,0.23934937085141439,1.4298309917185617,0.8708818480382442,29.304496859899018,24,仙台,横浜FC,middle,24,24,0,0,0,0,ESTABLISHED,ESTABLISHED,0,0,1,1,0,0
2021,25209,2021-08-14,team_0030,team_0029,2,-63.781071937703928,0.42798322915652193,0.24008511009777933,0.3319316607456988,0,0.42798322915652193,0.3319316607456988,1.1028261723812542,0.68712581044390686,63.781071937703928,24,浦和,鳥栖,middle,24,24,0,0,0,0,ESTABLISHED,ESTABLISHED,0,0,1,0,1,0
2021,25210,2021-08-14,team_0009,team_0010,1,-369.79919078736725,0.69353197550869594,0.18730668911506615,0.11916133537623796,0,0.69353197550869594,0.18730668911506615,1.6750079567951826,1.1556564424587585,369.79919078736725,24,柏,川崎Ｆ,middle,24,24,0,0,0,0,ESTABLISHED,ESTABLISHED,0,0,1,0,1,0
2021,25204,2021-08-15,team_0033,team_0020,2,268.99992954506865,0.16035429552186634,0.19917441820796411,0.64047128627016947,2,0.64047128627016947,0.64047128627016947,0.44555098882953326,0.19464484495702145,268.99992954506865,24,横浜FM,大分,middle,24,24,0,0,0,0,ESTABLISHED,ESTABLISHED,0,0,1,1,0,0
2021,25207,2021-08-15,team_0018,team_0026,2,170.65210786419402,0.22508594236645094,0.2210441385660947,0.55386991906745442,2,0.55386991906745442,0.55386991906745442,0.59082542293276197,0.29855624175829981,170.65210786419402,24,名古屋,湘南,middle,24,24,0,0,0,0,ESTABLISHED,ESTABLISHED,0,0,1,1,0,0
2021,25212,2021-08-15,team_0008,team_0027,2,203.06692532048623,0.20211245980564621,0.21446164363954393,0.58342589655480992,2,0.58342589655480992,0.58342589655480992,0.5388378335127505,0.26037722666242763,203.06692532048623,24,鹿島,徳島,middle,24,24,0,0,0,0,ESTABLISHED,FIRST_TIME_IN_SCOPE,1,0,0,1,0,0
2021,25213,2021-08-15,team_0004,team_0002,2,-128.87942102864531,0.48947175937709492,0.23503662269149997,0.27549161793140498,0,0.48947175937709492,0.27549161793140498,1.289198075783395,0.81973721292158852,128.87942102864531,24,福岡,Ｃ大阪,middle,24,23,0,0,0,0,RETURNING,ESTABLISHED,1,1,0,0,1,0
2021,25214,2021-08-21,team_0033,team_0024,2,291.34197386401934,0.14773523002824049,0.1935592040553766,0.65870556591638296,2,0.65870556591638296,0.65870556591638296,0.41747863352090425,0.17577275440250445,291.34197386401934,25,横浜FM,仙台,middle,25,25,0,0,0,0,ESTABLISHED,ESTABLISHED,0,0,1,1,0,0
2021,25215,2021-08-21,team_0009,team_0029,0,-83.841629245599279,0.44696105311881901,0.23900010387034784,0.31403884301083312,0,0.44696105311881901,0.44696105311881901,0.80528381765266321,0.46159352133706544,83.841629245599279,25,柏,鳥栖,middle,25,25,0,0,0,0,ESTABLISHED,ESTABLISHED,0,0,1,0,1,0
2021,25216,2021-08-21,team_0026,team_0025,1,-18.387774150648283,0.38534359990781092,0.24092170262656293,0.37373469746562621,0,0.38534359990781092,0.24092170262656293,1.423283283645125,0.86436717562299048,18.387774150648283,25,湘南,清水,middle,25,25,0,0,0,0,ESTABLISHED,ESTABLISHED,0,0,1,0,1,1
2021,25217,2021-08-21,team_0005,team_0003,1,-9.3189151478375152,0.37692055638273486,0.24081597311757486,0.38226347049969023,2,0.38226347049969023,0.24081597311757486,1.4237222342026974,0.86455485337575277,9.3189151478375152,25,Ｇ大阪,FC東京,middle,25,25,0,0,0,0,ESTABLISHED,ESTABLISHED,0,0,1,1,0,1
2021,25218,2021-08-21,team_0011,team_0008,2,-68.701224799921647,0.43263483050887291,0.23985897548706001,0.32750619400406716,0,0.43263483050887291,0.32750619400406716,1.1162483110961607,0.69695314379403861,68.701224799921647,25,神戸,鹿島,middle,24,25,0,0,0,0,ESTABLISHED,ESTABLISHED,0,0,1,0,1,0
2021,25219,2021-08-21,team_0006,team_0010,1,-301.80752368136518,0.64190618521605569,0.20393433663132282,0.15415947815262152,0,0.64190618521605569,0.20393433663132282,1.5899572162103894,1.0695292357175297,301.80752368136518,25,広島,川崎Ｆ,middle,24,25,0,0,0,0,ESTABLISHED,ESTABLISHED,0,0,1,0,1,0
2021,25220,2021-08-21,team_0027,team_0030,0,-97.876383082717894,0.4602404619191473,0.23798746315955457,0.30177207492129809,0,0.4602404619191473,0.4602404619191473,0.77600618277918598,0.43904477677268128,97.876383082717894,25,徳島,浦和,middle,25,25,0,0,0,0,FIRST_TIME_IN_SCOPE,ESTABLISHED,1,0,0,0,1,0
2021,25221,2021-08-21,team_0020,team_0023,1,-111.64887887337454,0.47325125028616666,0.23679579396648059,0.28995295574735275,0,0.47325125028616666,0.23679579396648059,1.4405571380959079,0.89052012255130086,111.64887887337454,25,大分,札幌,middle,25,24,0,0,0,0,ESTABLISHED,ESTABLISHED,0,0,1,0,1,0
2021,25222,2021-08-21,team_0002,team_0032,2,144.97501812512337,0.24437846060639534,0.22571327874261723,0.52990826065098739,2,0.52990826065098739,0.52990826065098739,0.6350513805296556,0.33165355961327392,144.97501812512337,25,Ｃ大阪,横浜FC,middle,24,25,0,0,0,0,ESTABLISHED,ESTABLISHED,0,0,1,1,0,0
2021,25223,2021-08-22,team_0018,team_0004,2,155.03210108314579,0.23670996932053509,0.22394613580791689,0.53934389487154799,2,0.53934389487154799,0.53934389487154799,0.61740188764341986,0.31838752851114205,155.03210108314579,25,名古屋,福岡,middle,25,25,0,0,0,0,ESTABLISHED,RETURNING,1,1,0,1,0,0
2021,25224,2021-08-25,team_0023,team_0018,0,-55.248266280825192,0.41992481710977747,0.24041503735175532,0.33966014553846713,0,0.41992481710977747,0.41992481710977747,0.86767959060984934,0.50965562245718377,55.248266280825192,26,札幌,名古屋,middle,25,26,0,0,0,0,ESTABLISHED,ESTABLISHED,0,0,1,0,1,0
2021,25225,2021-08-25,team_0024,team_0003,0,-184.66693457515521,0.54115649824977119,0.22743584336533942,0.2314076583848893,0,0.54115649824977119,0.54115649824977119,0.61404676609027431,0.31581392630489302,184.66693457515521,26,仙台,FC東京,middle,26,26,0,0,0,0,ESTABLISHED,ESTABLISHED,0,0,1,0,1,0
2021,25226,2021-08-25,team_0030,team_0006,2,1.0671333659472566,0.36732912166505188,0.24058299247344192,0.39208788586150622,2,0.39208788586150622,0.39208788586150622,0.93626926569413937,0.56236799840702778,1.0671333659472566,26,浦和,広島,middle,26,25,0,0,0,0,ESTABLISHED,ESTABLISHED,0,0,1,1,0,1
2021,25227,2021-08-25,team_0032,team_0005,2,-177.67396548331885,0.53477153205659023,0.22853806957308775,0.23669039837032207,0,0.53477153205659023,0.23669039837032207,1.4410023278378901,0.92085178868240369,177.67396548331885,26,横浜FC,Ｇ大阪,middle,26,26,0,0,0,0,ESTABLISHED,ESTABLISHED,0,0,1,0,1,0
2021,25228,2021-08-25,team_0025,team_0008,0,-202.5139306340443,0.55729790186853545,0.22444484642029544,0.21825725171116922,0,0.55729790186853545,0.55729790186853545,0.58465534922884999,0.29399686469914355,202.5139306340443,26,清水,鹿島,middle,26,26,0,0,0,0,ESTABLISHED,ESTABLISHED,0,0,1,0,1,0
2021,25229,2021-08-25,team_0004,team_0010,2,-416.07943617602336,0.72536865559366903,0.17540266948418937,0.099228674922141713,0,0.72536865559366903,0.099228674922141713,2.3103282447464601,1.3683147630624672,416.07943617602336,26,福岡,川崎Ｆ,middle,26,26,0,0,0,0,RETURNING,ESTABLISHED,1,1,0,0,1,0
2021,25230,2021-08-25,team_0029,team_0033,0,-99.008401728434137,0.4613108979528811,0.23789684567257813,0.30079225637454093,0,0.4613108979528811,0.4613108979528811,0.77368306426021327,0.43725683934018134,99.008401728434137,26,鳥栖,横浜FM,middle,26,26,0,0,0,0,ESTABLISHED,ESTABLISHED,0,0,1,0,1,0
2021,25231,2021-08-25,team_0020,team_0011,0,-170.17030350424307,0.52788583978550929,0.22967530593781998,0.24243885427667072,0,0.52788583978550929,0.52788583978550929,0.63887523118061829,0.33441912449564981,170.17030350424307,26,大分,神戸,middle,26,25,0,0,0,0,ESTABLISHED,ESTABLISHED,0,0,1,0,1,0
2021,25232,2021-08-25,team_0002,team_0026,0,136.11832017537267,0.25124823123355366,0.22720066210402423,0.52155110666242221,2,0.52155110666242221,0.25124823123355366,1.3813138595000847,0.88426490895218635,136.11832017537267,26,Ｃ大阪,湘南,middle,25,26,0,0,0,0,ESTABLISHED,ESTABLISHED,0,0,1,1,0,0
2021,25233,2021-08-25,team_0027,team_0009,0,-56.532448922996764,0.42113676202499611,0.24037045048953673,0.33849278748546718,0,0.42113676202499611,0.42113676202499611,0.86479764763656009,0.50743796892713044,56.532448922996764,26,徳島,柏,middle,26,26,0,0,0,0,FIRST_TIME_IN_SCOPE,ESTABLISHED,1,0,0,0,1,0
2021,25234,2021-08-28,team_0023,team_0010,0,-304.45544387536916,0.64402060898691726,0.20331607008533534,0.15266332092774737,0,0.64402060898691726,0.64402060898691726,0.44002455185734135,0.19136484073767862,304.45544387536916,27,札幌,川崎Ｆ,middle,26,27,0,0,0,0,ESTABLISHED,ESTABLISHED,0,0,1,0,1,0
2021,25235,2021-08-28,team_0033,team_0008,0,64.584795239031337,0.31039494555593389,0.23660016012950727,0.45300489431455876,2,0.45300489431455876,0.31039494555593389,1.1699097744527736,0.73674820116105655,64.584795239031337,27,横浜FM,鹿島,middle,27,27,0,0,0,0,ESTABLISHED,ESTABLISHED,0,0,1,1,0,0
2021,25236,2021-08-28,team_0005,team_0002,0,35.085351230437027,0.33641889158896526,0.23898968477776145,0.42459142363327318,2,0.42459142363327318,0.33641889158896526,1.0893981943478888,0.67773383389312092,35.085351230437027,27,Ｇ大阪,Ｃ大阪,middle,27,26,0,0,0,0,ESTABLISHED,ESTABLISHED,0,0,1,1,0,0
2021,25237,2021-08-28,team_0011,team_0003,0,3.3608584344115116,0.3652195498179937,0.24051546308307364,0.39426498709893271,2,0.39426498709893271,0.3652195498179937,1.0072565998814118,0.61623878796745746,3.3608584344115116,27,神戸,FC東京,middle,26,27,0,0,0,0,ESTABLISHED,ESTABLISHED,0,0,1,1,0,1
2021,25238,2021-08-28,team_0006,team_0020,2,141.44716040890717,0.24710193116169443,0.22631360226563221,0.52658446657267333,2,0.52658446657267333,0.52658446657267333,0.64134352993821597,0.33639947824456579,141.44716040890717,27,広島,大分,middle,26,27,0,0,0,0,ESTABLISHED,ESTABLISHED,0,0,1,1,0,0
2021,25239,2021-08-29,team_0018,team_0025,1,190.83663232537174,0.21059519766906246,0.2170289955128416,0.57237580681809597,2,0.57237580681809597,0.2170289955128416,1.5277243144931718,0.98500799537956762,190.83663232537174,27,名古屋,清水,middle,27,27,0,0,0,0,ESTABLISHED,ESTABLISHED,0,0,1,1,0,0
2021,25240,2021-08-29,team_0024,team_0029,0,-192.5205614515985,0.5482878922692408,0.22615054066557899,0.22556156706518019,0,0.5482878922692408,0.5482878922692408,0.60095477912629169,0.30606591585079845,192.5205614515985,27,仙台,鳥栖,middle,27,27,0,0,0,0,ESTABLISHED,ESTABLISHED,0,0,1,0,1,0
2021,25241,2021-08-29,team_0009,team_0032,2,95.077910907508567,0.28443115536528801,0.23319002519026835,0.48237881944444355,2,0.48237881944444355,0.48237881944444355,0.72902554115737328,0.4032103565503985,95.077910907508567,27,柏,横浜FC,middle,27,27,0,0,0,0,ESTABLISHED,ESTABLISHED,0,0,1,1,0,0
2021,25242,2021-08-29,team_0026,team_0030,1,-133.37548359999118,0.49368981251102273,0.23452979159367379,0.27178039589530356,0,0.49368981251102273,0.23452979159367379,1.4501726561217019,0.90353885452780125,133.37548359999118,27,湘南,浦和,middle,27,27,0,0,0,0,ESTABLISHED,ESTABLISHED,0,0,1,0,1,0
2021,25243,2021-08-29,team_0004,team_0027,2,52.533928001383629,0.3209270054833544,0.23768706139677548,0.44138593311987023,2,0.44138593311987023,0.44138593311987023,0.81783565444876627,0.47153895772030563,52.533928001383629,27,福岡,徳島,middle,27,27,0,0,0,0,RETURNING,FIRST_TIME_IN_SCOPE,1,1,0,1,0,0
2021,25211,2021-09-05,team_0006,team_0011,1,-32.874514782863798,0.39887768274073265,0.24090150444521619,0.36022081281405111,0,0.39887768274073265,0.24090150444521619,1.4233671242782127,0.86509296572656846,32.874514782863798,24,広島,神戸,middle,27,27,0,0,0,0,ESTABLISHED,ESTABLISHED,0,0,1,0,1,1
2021,25154,2021-09-08,team_0023,team_0002,0,-30.280455283677838,0.39644785428693868,0.24092220280393525,0.36262994290912604,0,0.39644785428693868,0.39644785428693868,0.92521076159534221,0.55381917589301688,30.280455283677838,19,札幌,Ｃ大阪,middle,27,27,0,0,0,0,ESTABLISHED,ESTABLISHED,0,0,1,0,1,1
2021,25248,2021-09-10,team_0018,team_0027,2,205.97269258623169,0.20013052211999124,0.21383766545236627,0.58603181242764246,2,0.58603181242764246,0.58603181242764246,0.53438120345944795,0.25714843337208104,205.97269258623169,28,名古屋,徳島,middle,28,28,0,0,0,0,ESTABLISHED,FIRST_TIME_IN_SCOPE,1,0,0,1,0,0
2021,25244,2021-09-11,team_0032,team_0030,0,-168.05825873855815,0.52594163520244919,0.22998674097087701,0.24407162382667377,0,0.52594163520244919,0.52594163520244919,0.64256503209207039,0.33719619181432237,168.05825873855815,28,横浜FC,浦和,middle,28,28,0,0,0,0,ESTABLISHED,ESTABLISHED,0,0,1,0,1,0
2021,25245,2021-09-11,team_0008,team_0004,0,215.70397752216945,0.19358734032892014,0.21171064624738462,0.59470201342369522,2,0.59470201342369522,0.19358734032892014,1.6420264971407519,1.0487932601824672,215.70397752216945,28,鹿島,福岡,middle,28,28,0,0,0,0,ESTABLISHED,RETURNING,1,1,0,1,0,0
2021,25250,2021-09-11,team_0002,team_0023,0,72.100709479390844,0.30390093953901137,0.23584635186247704,0.46025270859851158,2,0.46025270859851158,0.30390093953901137,1.1910534874583398,0.75200995943377702,72.100709479390844,28,Ｃ大阪,札幌,middle,28,28,0,0,0,0,ESTABLISHED,ESTABLISHED,0,0,1,1,0,0
2021,25251,2021-09-11,team_0006,team_0033,0,-147.60713669618372,0.50699121556762783,0.23279889015337588,0.26020989427899627,0,0.50699121556762783,0.50699121556762783,0.67926160183764794,0.36496217386481516,147.60713669618372,28,広島,横浜FM,middle,28,28,0,0,0,0,ESTABLISHED,ESTABLISHED,0,0,1,0,1,0
2021,25252,2021-09-11,team_0029,team_0025,2,161.76044780591678,0.23165973389887559,0.22271902191930074,0.54562124418182367,2,0.54562124418182367,0.54562124418182367,0.60583023592751994,0.30973004877366173,161.76044780591678,28,鳥栖,清水,middle,28,28,0,0,0,0,ESTABLISHED,ESTABLISHED,0,0,1,1,0,0
2021,25253,2021-09-11,team_0020,team_0026,2,-27.504932708474598,0.39385095625632199,0.24093610245511021,0.36521294128856785,0,0.39385095625632199,0.36521294128856785,1.0072746947211308,0.6161233911177898,27.504932708474598,28,大分,湘南,middle,28,28,0,0,0,0,ESTABLISHED,ESTABLISHED,0,0,1,0,1,1
2021,25246,2021-09-12,team_0003,team_0009,0,121.55039281976451,0.26277882192744867,0.22950107358031382,0.50772010449223759,2,0.50772010449223759,0.26277882192744867,1.3364425818919561,0.85394551267880558,121.55039281976451,28,FC東京,柏,middle,28,28,0,0,0,0,ESTABLISHED,ESTABLISHED,0,0,1,1,0,0
2021,25249,2021-09-12,team_0005,team_0024,0,152.642071679526,0.23851944477472364,0.22437346103978659,0.53710709418548974,2,0.53710709418548974,0.23851944477472364,1.4333044425233186,0.9186801166295484,152.642071679526,28,Ｇ大阪,仙台,middle,28,28,0,0,0,0,ESTABLISHED,ESTABLISHED,0,0,1,1,0,0
2021,25254,2021-09-18,team_0029,team_0020,1,189.12124228249104,0.21180305694874255,0.21738122900409587,0.57081571404716158,2,0.57081571404716158,0.21738122900409587,1.5261026511502442,0.98318325505114268,189.12124228249104,29,鳥栖,大分,middle,29,29,0,0,0,0,ESTABLISHED,ESTABLISHED,0,0,1,1,0,0
2021,25255,2021-09-18,team_0008,team_0005,2,147.88302276447848,0.24214651745239477,0.22521072393964309,0.53264275860796217,2,0.53264275860796217,0.53264275860796217,0.62990432604604518,0.32777759717331656,147.88302276447848,29,鹿島,Ｇ大阪,middle,29,29,0,0,0,0,ESTABLISHED,ESTABLISHED,0,0,1,1,0,0
2021,25256,2021-09-18,team_0030,team_0002,2,45.923822213516587,0.3267634719510959,0.238218620050312,0.43501790799859202,2,0.43501790799859202,0.43501790799859202,0.83236808092796888,0.48272724182249693,45.923822213516587,29,浦和,Ｃ大阪,middle,29,29,0,0,0,0,ESTABLISHED,ESTABLISHED,0,0,1,1,0,0
2021,25257,2021-09-18,team_0009,team_0006,0,-0.47071525917840518,0.36874531996354248,0.24062501445481208,0.39062966558164536,2,0.39062966558164536,0.36874531996354248,0.99764906303293843,0.6089744042817371,0.47071525917840518,29,柏,広島,middle,29,29,0,0,0,0,ESTABLISHED,ESTABLISHED,0,0,1,1,0,1
2021,25258,2021-09-18,team_0003,team_0032,2,216.99880848917201,0.19272769300062376,0.21142341157123218,0.59584889542814412,2,0.59584889542814412,0.59584889542814412,0.5177681752220773,0.24518193793641249,216.99880848917201,29,FC東京,横浜FC,middle,29,29,0,0,0,0,ESTABLISHED,ESTABLISHED,0,0,1,1,0,0
2021,25259,2021-09-18,team_0018,team_0033,2,-104.83887312807747,0.4668216079063171,0.23740923457164578,0.29576915752203708,0,0.4668216079063171,0.29576915752203708,1.2181760021537698,0.77022663776535527,104.83887312807747,29,名古屋,横浜FM,middle,29,29,0,0,0,0,ESTABLISHED,ESTABLISHED,0,0,1,0,1,0
2021,25260,2021-09-18,team_0026,team_0004,1,-67.857207735463135,0.43183667559682237,0.23989962502172982,0.32826369938144784,0,0.43183667559682237,0.23989962502172982,1.4275346721984441,0.87199255076421578,67.857207735463135,29,湘南,福岡,middle,29,29,0,0,0,0,ESTABLISHED,RETURNING,1,1,0,0,1,0
2021,25261,2021-09-18,team_0025,team_0024,2,29.425160129384039,0.34150119306224086,0.23934223208721889,0.41915657485054031,2,0.41915657485054031,0.41915657485054031,0.8695107418694652,0.51128685346278202,29.425160129384039,29,清水,仙台,middle,29,29,0,0,0,0,ESTABLISHED,ESTABLISHED,0,0,1,1,0,0
2021,25262,2021-09-18,team_0011,team_0023,2,78.41561610709573,0.29849112006038114,0.23516862622196344,0.46634025371765542,2,0.46634025371765542,0.46634025371765542,0.76283975309990493,0.42919395631616286,78.41561610709573,29,神戸,札幌,middle,28,29,0,0,0,0,ESTABLISHED,ESTABLISHED,0,0,1,1,0,0
2021,25263,2021-09-18,team_0027,team_0010,0,-439.64219459986225,0.74052852430724159,0.16926847703296641,0.090202998659792019,0,0.74052852430724159,0.74052852430724159,0.30039112568228793,0.10411384498245604,439.64219459986225,29,徳島,川崎Ｆ,middle,29,28,0,0,0,0,FIRST_TIME_IN_SCOPE,ESTABLISHED,1,0,0,0,1,0
2021,25284,2021-09-22,team_0008,team_0010,0,-184.10187915138658,0.5406417700605578,0.22752639995791293,0.23183182998152937,0,0.5406417700605578,0.5406417700605578,0.6149983820119026,0.31652424348349034,184.10187915138658,32,鹿島,川崎Ｆ,closing,30,29,0,0,0,0,ESTABLISHED,ESTABLISHED,0,0,1,0,1,0
2021,25286,2021-09-22,team_0003,team_0018,1,-14.004202550629316,0.38126697200047438,0.2408819792129174,0.37785104878660825,0,0.38126697200047438,0.2408819792129174,1.423448178249433,0.86439608849124783,14.004202550629316,32,FC東京,名古屋,closing,30,30,0,0,0,0,ESTABLISHED,ESTABLISHED,0,0,1,0,1,1
2021,25291,2021-09-22,team_0006,team_0002,0,22.500884006333763,0.3477535855748351,0.23972633443545974,0.41252007998970514,2,0.41252007998970514,0.3477535855748351,1.0562611374486057,0.65306691694705865,22.500884006333763,32,広島,Ｃ大阪,closing,30,30,0,0,0,0,ESTABLISHED,ESTABLISHED,0,0,1,1,0,0
2021,25264,2021-09-24,team_0025,team_0011,0,-158.28060459444782,0.51690834471933178,0.23137783891840458,0.25171381636226359,0,0.51690834471933178,0.51690834471933178,0.65988970313151729,0.35027309709202253,158.28060459444782,30,清水,神戸,closing,30,29,0,0,0,0,ESTABLISHED,ESTABLISHED,0,0,1,0,1,0
2021,25266,2021-09-25,team_0024,team_0027,0,6.7364217502208703,0.36212105737457351,0.24040552718255512,0.39747341544287146,2,0.39747341544287146,0.36212105737457351,1.0157767104228657,0.62266947892867597,6.7364217502208703,30,仙台,徳島,closing,30,30,0,0,0,0,ESTABLISHED,FIRST_TIME_IN_SCOPE,1,0,0,1,0,1
2021,25267,2021-09-25,team_0003,team_0030,0,8.1235200966168577,0.36084996059305263,0.24035671198085151,0.3987933274260958,2,0.3987933274260958,0.36084996059305263,1.0192930286697561,0.62532023986772567,8.1235200966168577,30,FC東京,浦和,closing,31,30,0,0,0,0,ESTABLISHED,ESTABLISHED,0,0,1,1,0,1
2021,25269,2021-09-25,team_0032,team_0033,1,-317.50633280035004,0.65432245192223293,0.20022820917253031,0.14544933890523676,0,0.65432245192223293,0.20022820917253031,1.6082975170694942,1.0889282986808713,317.50633280035004,30,横浜FC,横浜FM,closing,30,30,0,0,0,0,ESTABLISHED,ESTABLISHED,0,0,1,0,1,0
2021,25272,2021-09-25,team_0004,team_0029,2,-95.537010423750644,0.45802792715306229,0.23817052761928367,0.30380154522765396,0,0.45802792715306229,0.30380154522765396,1.1913806025014251,0.75120707070598125,95.537010423750644,30,福岡,鳥栖,closing,30,30,0,0,0,0,RETURNING,ESTABLISHED,1,1,0,0,1,0
2021,25265,2021-09-26,team_0023,team_0006,0,-22.635993162454724,0.38930308727304941,0.24093987393013777,0.36975703879681276,0,0.38930308727304941,0.38930308727304941,0.94339709407852446,0.56772300980348711,22.635993162454724,30,札幌,広島,closing,30,31,0,0,0,0,ESTABLISHED,ESTABLISHED,0,0,1,0,1,1
2021,25268,2021-09-26,team_0010,team_0026,2,436.52619063314273,0.08355569782090666,0.15485116131712762,0.76159314086196572,2,0.76159314086196572,0.76159314086196572,0.27234280176669617,0.087798267283664272,436.52619063314273,30,川崎Ｆ,湘南,closing,30,30,0,0,0,0,ESTABLISHED,ESTABLISHED,0,0,1,1,0,0
2021,25270,2021-09-26,team_0005,team_0009,2,-9.5019933570429203,0.37709017482633178,0.24081900898942274,0.38209081618424545,2,0.38209081618424545,0.38209081618424545,0.96209695992871569,0.58200255448505311,9.5019933570429203,30,Ｇ大阪,柏,closing,30,30,0,0,0,0,ESTABLISHED,ESTABLISHED,0,0,1,1,0,1
2021,25271,2021-09-26,team_0002,team_0008,0,-87.263700520632483,0.45019982583621637,0.23877222301080725,0.31102795115297643,0,0.45019982583621637,0.45019982583621637,0.79806373736827307,0.45603079239046784,87.263700520632483,30,Ｃ大阪,鹿島,closing,31,31,0,0,0,0,ESTABLISHED,ESTABLISHED,0,0,1,0,1,0
2021,25273,2021-09-26,team_0018,team_0020,2,200.73423692374195,0.20371284258251288,0.21495874021262373,0.58132841720486339,2,0.58132841720486339,0.58132841720486339,0.54243941986008959,0.26299207646703082,200.73423692374195,30,名古屋,大分,closing,31,30,0,0,0,0,ESTABLISHED,ESTABLISHED,0,0,1,1,0,0
2021,25247,2021-09-29,team_0010,team_0011,2,241.54773024499355,0.17692062415089835,0.20580387314684187,0.61727550270225984,2,0.61727550270225984,0.61727550270225984,0.48243983496028076,0.22013418228399273,241.54773024499355,28,川崎Ｆ,神戸,middle,31,30,0,0,0,0,ESTABLISHED,ESTABLISHED,0,0,1,1,0,0
2021,25274,2021-10-01,team_0026,team_0033,0,-276.76379741238839,0.62151528969960967,0.20962835679336614,0.16885635350702427,0,0.62151528969960967,0.62151528969960967,0.47559476704739762,0.21570719202274635,276.76379741238839,31,湘南,横浜FM,closing,31,31,0,0,0,0,ESTABLISHED,ESTABLISHED,0,0,1,0,1,0
2021,25275,2021-10-02,team_0008,team_0032,0,271.86580319382279,0.1586924280614585,0.19846417063295693,0.64284340130558471,2,0.64284340130558471,0.1586924280614585,1.840787364866185,1.1604340962282846,271.86580319382279,31,鹿島,横浜FC,closing,32,31,0,0,0,0,ESTABLISHED,ESTABLISHED,0,0,1,1,0,0
2021,25276,2021-10-02,team_0009,team_0024,1,126.91972436329797,0.25849610496171349,0.22867479902940957,0.51282909600887683,2,0.51282909600887683,0.22867479902940957,1.4754543762882002,0.92475648364598073,126.91972436329797,31,柏,仙台,closing,31,31,0,0,0,0,ESTABLISHED,ESTABLISHED,0,0,1,1,0,0
2021,25277,2021-10-02,team_0010,team_0003,2,281.71774096232753,0.1530765610308728,0.19599935169886712,0.65092408727026019,2,0.65092408727026019,0.65092408727026019,0.42936225298885733,0.18370217225151567,281.71774096232753,31,川崎Ｆ,FC東京,closing,32,32,0,0,0,0,ESTABLISHED,ESTABLISHED,0,0,1,1,0,0
2021,25278,2021-10-02,team_0005,team_0023,0,20.994914516401877,0.34911833864271563,0.23980296823753222,0.4110786931197522,2,0.4110786931197522,0.34911833864271563,1.0523443350485828,0.65013809260379285,20.994914516401877,31,Ｇ大阪,札幌,closing,31,31,0,0,0,0,ESTABLISHED,ESTABLISHED,0,0,1,1,0,0
2021,25279,2021-10-02,team_0011,team_0030,2,-1.200904479953806,0.36941824992785227,0.24064405197726646,0.38993769809488116,2,0.38993769809488116,0.38993769809488116,0.94176830109425524,0.5665554153375667,1.200904479953806,31,神戸,浦和,closing,31,31,0,0,0,0,ESTABLISHED,ESTABLISHED,0,0,1,1,0,1
2021,25282,2021-10-02,team_0004,team_0025,0,82.33646957760925,0.29515423010889658,0.23472768965154947,0.47011808023955409,2,0.47011808023955409,0.29515423010889658,1.2202572453334404,0.77291565699066034,82.33646957760925,31,福岡,清水,closing,31,31,0,0,0,0,RETURNING,ESTABLISHED,1,1,0,1,0,0
2021,25280,2021-10-03,team_0006,team_0018,2,-76.29416696678004,0.43981803578865775,0.23945885194147695,0.32072311226986533,0,0.43981803578865775,0.32072311226986533,1.1371771066856609,0.71219753658246132,76.29416696678004,31,広島,名古屋,closing,32,32,0,0,0,0,ESTABLISHED,ESTABLISHED,0,0,1,0,1,0
2021,25281,2021-10-03,team_0027,team_0029,2,-166.99493669223307,0.52496183528478435,0.23014207710845239,0.24489608760676324,0,0.52496183528478435,0.24489608760676324,1.4069212906242121,0.89873222267293496,166.99493669223307,31,徳島,鳥栖,closing,31,31,0,0,0,0,FIRST_TIME_IN_SCOPE,ESTABLISHED,1,0,0,0,1,0
2021,25283,2021-10-03,team_0020,team_0002,2,-113.6579174661947,0.47514635357823898,0.23660586936121444,0.28824777706054666,0,0.47514635357823898,0.28824777706054666,1.2439348317081633,0.78833762159412613,113.6579174661947,31,大分,Ｃ大阪,closing,31,32,0,0,0,0,ESTABLISHED,ESTABLISHED,0,0,1,0,1,0
2021,25285,2021-10-16,team_0030,team_0005,1,118.94843295397732,0.26486778028228108,0.22989224262898722,0.50523997708873181,2,0.50523997708873181,0.22989224262898722,1.4701445901529393,0.91848833344329561,118.94843295397732,32,浦和,Ｇ大阪,closing,32,32,0,0,0,0,ESTABLISHED,ESTABLISHED,0,0,1,1,0,0
2021,25287,2021-10-16,team_0033,team_0023,2,194.76602557612114,0.20784511381701354,0.21621475143749661,0.57594013474548988,2,0.57594013474548988,0.57594013474548988,0.55175155642115115,0.26977517939645901,194.76602557612114,32,横浜FM,札幌,closing,32,32,0,0,0,0,ESTABLISHED,ESTABLISHED,0,0,1,1,0,0
2021,25288,2021-10-16,team_0032,team_0027,2,-10.469293076830354,0.37798665884819438,0.240834432703323,0.38117890844848257,2,0.38117890844848257,0.38117890844848257,0.96448643809146561,0.5838146815917642,10.469293076830354,32,横浜FC,徳島,closing,32,32,0,0,0,0,ESTABLISHED,FIRST_TIME_IN_SCOPE,1,0,0,1,0,1
2021,25289,2021-10-16,team_0025,team_0009,0,-41.920462360073088,0.40736959323592181,0.24077115601251728,0.35185925075156083,0,0.40736959323592181,0.40736959323592181,0.89803441411642337,0.5329864809284105,41.920462360073088,32,清水,柏,closing,32,32,0,0,0,0,ESTABLISHED,ESTABLISHED,0,0,1,0,1,0
2021,25290,2021-10-16,team_0011,team_0004,2,137.39533158342579,0.25025106623307541,0.22699026909498615,0.52275866467193843,2,0.52275866467193843,0.52275866467193843,0.64863536563727742,0.34190947056031662,137.39533158342579,32,神戸,福岡,closing,32,32,0,0,0,0,ESTABLISHED,RETURNING,1,1,0,1,0,0
2021,25292,2021-10-16,team_0029,team_0026,1,157.67102940061022,0.23472149187531038,0.22346906181364651,0.54180944631104311,2,0.54180944631104311,0.22346906181364651,1.4984823003999861,0.95165195282062875,157.67102940061022,32,鳥栖,湘南,closing,32,32,0,0,0,0,ESTABLISHED,ESTABLISHED,0,0,1,1,0,0
2021,25293,2021-10-17,team_0020,team_0024,2,49.370419253945329,0.32371517210776085,0.23794721570836788,0.43833761218387118,2,0.43833761218387118,0.43833761218387118,0.82476586144981823,0.47687502800343734,49.370419253945329,32,大分,仙台,closing,32,32,0,0,0,0,ESTABLISHED,ESTABLISHED,0,0,1,1,0,0
2021,25294,2021-10-22,team_0030,team_0009,2,83.1796102667779,0.2944389070333569,0.23463087039200725,0.47093022257463585,2,0.47093022257463585,0.47093022257463585,0.75304534334055317,0.42166074470083298,83.1796102667779,33,浦和,柏,closing,33,33,0,0,0,0,ESTABLISHED,ESTABLISHED,0,0,1,1,0,0
2021,25296,2021-10-23,team_0024,team_0006,2,-184.93673171836667,0.54140218975809673,0.22739251354435239,0.23120529669755083,0,0.54140218975809673,0.23120529669755083,1.4644492328548526,0.93586898211678149,184.93673171836667,33,仙台,広島,closing,33,33,0,0,0,0,ESTABLISHED,ESTABLISHED,0,0,1,0,1,0
2021,25297,2021-10-23,team_0003,team_0008,0,-57.895433485368358,0.42242342858306442,0.24032116022739314,0.33725541118954239,0,0.42242342858306442,0.42242342858306442,0.86174708273272116,0.50509016827941022,57.895433485368358,33,FC東京,鹿島,closing,33,33,0,0,0,0,ESTABLISHED,ESTABLISHED,0,0,1,0,1,0
2021,25299,2021-10-23,team_0026,team_0032,2,-6.7522484951962269,0.37454451931385374,0.24076950296494923,0.384685977721197,2,0.384685977721197,0.384685977721197,0.95532791979411003,0.57686489651895367,6.7522484951962269,33,湘南,横浜FC,closing,33,33,0,0,0,0,ESTABLISHED,ESTABLISHED,0,0,1,1,0,1
2021,25301,2021-10-23,team_0005,team_0029,2,-57.070758640286385,0.42164488763450059,0.24035122528003031,0.33800388708546913,0,0.42164488763450059,0.33800388708546913,1.0846978833123784,0.67379197627587084,57.070758640286385,33,Ｇ大阪,鳥栖,closing,33,33,0,0,0,0,ESTABLISHED,ESTABLISHED,0,0,1,0,1,0
2021,25303,2021-10-23,team_0027,team_0020,1,-22.414662085947384,0.3890965957979034,0.24093942117724282,0.36996398302485373,0,0.3890965957979034,0.24093942117724282,1.4232097414985911,0.86444247191987034,22.414662085947384,33,徳島,大分,closing,33,33,0,0,0,0,FIRST_TIME_IN_SCOPE,ESTABLISHED,1,0,0,0,1,1
2021,25295,2021-10-24,team_0023,team_0004,1,28.92390729032013,0.34195253388615937,0.23937178428240594,0.41867568183143461,2,0.41867568183143461,0.23937178428240594,1.4297373529446424,0.8707761445339125,28.92390729032013,33,札幌,福岡,closing,33,33,0,0,0,0,ESTABLISHED,RETURNING,1,1,0,1,0,0
2021,25298,2021-10-24,team_0010,team_0025,2,431.82652624821776,0.085187390199193247,0.15611277894009867,0.75869983086070814,2,0.75869983086070814,0.75869983086070814,0.27614905957116537,0.089853862824000583,431.82652624821776,33,川崎Ｆ,清水,closing,33,33,0,0,0,0,ESTABLISHED,ESTABLISHED,0,0,1,1,0,0
2021,25300,2021-10-24,team_0018,team_0011,1,-6.0162316602697956,0.37386384228515368,0.24075483126246153,0.38538132645238471,2,0.38538132645238471,0.24075483126246153,1.4239761609560875,0.864746165597711,6.0162316602697956,33,名古屋,神戸,closing,33,33,0,0,0,0,ESTABLISHED,ESTABLISHED,0,0,1,1,0,1
2021,25302,2021-10-24,team_0002,team_0033,2,-184.9619521586219,0.54142515430862237,0.22738846007697752,0.23118638561440008,0,0.54142515430862237,0.23118638561440008,1.4645310296686131,0.93592108315894462,184.9619521586219,33,Ｃ大阪,横浜FM,closing,33,33,0,0,0,0,ESTABLISHED,ESTABLISHED,0,0,1,0,1,0
2021,25304,2021-11-03,team_0023,team_0026,1,72.945017118313444,0.30317514930689027,0.23575807304967425,0.46106677764343545,2,0.46106677764343545,0.23575807304967425,1.4449491139417401,0.88856346751250337,72.945017118313444,34,札幌,湘南,closing,34,34,0,0,0,0,ESTABLISHED,ESTABLISHED,0,0,1,1,0,0
2021,25305,2021-11-03,team_0003,team_0025,2,127.08390971050335,0.25836574574824639,0.22864913168682516,0.51298512256492845,2,0.51298512256492845,0.51298512256492845,0.66750843507999291,0.35621677484028436,127.08390971050335,34,FC東京,清水,closing,34,34,0,0,0,0,ESTABLISHED,ESTABLISHED,0,0,1,1,0,0
2021,25306,2021-11-03,team_0010,team_0030,1,261.11671361371145,0.16499144969742777,0.20111138001240852,0.63389717029016368,2,0.63389717029016368,0.20111138001240852,1.6038963949811045,1.0672708281208141,261.11671361371145,34,川崎Ｆ,浦和,closing,34,34,0,0,0,0,ESTABLISHED,ESTABLISHED,0,0,1,1,0,0
2021,25307,2021-11-03,team_0033,team_0005,0,186.43202144409247,0.21370552199896065,0.21792942024710438,0.56836505775393498,2,0.56836505775393498,0.21370552199896065,1.5431562770331804,0.98879107721979986,186.43202144409247,34,横浜FM,Ｇ大阪,closing,34,34,0,0,0,0,ESTABLISHED,ESTABLISHED,0,0,1,1,0,0
2021,25308,2021-11-03,team_0032,team_0029,1,-126.78374586886935,0.487503385134259,0.23526618408012392,0.27723043078561715,0,0.487503385134259,0.23526618408012392,1.4470377076432979,0.89933407148231548,126.78374586886935,34,横浜FC,鳥栖,closing,34,34,0,0,0,0,ESTABLISHED,ESTABLISHED,0,0,1,0,1,0
2021,25309,2021-11-03,team_0018,team_0009,2,105.45499423629053,0.27583970070425984,0.23182185276151882,0.49233844653422137,2,0.49233844653422137,0.49233844653422137,0.70858889952441273,0.38754916476968659,105.45499423629053,34,名古屋,柏,closing,34,34,0,0,0,0,ESTABLISHED,ESTABLISHED,0,0,1,1,0,0
2021,25310,2021-11-03,team_0011,team_0024,2,236.889070128105,0.17984840080564146,0.20689449859083986,0.61325710060351857,2,0.61325710060351857,0.61325710060351857,0.48897101726643083,0.22472085105309864,236.889070128105,34,神戸,仙台,closing,34,34,0,0,0,0,ESTABLISHED,ESTABLISHED,0,0,1,1,0,0
2021,25311,2021-11-03,team_0006,team_0008,0,-104.29247840944686,0.46630538477984673,0.23745640998922415,0.2962382052309292,0,0.46630538477984673,0.46630538477984673,0.76291452734724086,0.4289725631984001,104.29247840944686,34,広島,鹿島,closing,34,34,0,0,0,0,ESTABLISHED,ESTABLISHED,0,0,1,0,1,0
2021,25312,2021-11-03,team_0027,team_0002,0,-126.47174749910846,0.48721022070132786,0.23529999528695894,0.27748978401171326,0,0.48721022070132786,0.48721022070132786,0.71905958435549311,0.3953200257660911,126.47174749910846,34,徳島,Ｃ大阪,closing,34,34,0,0,0,0,FIRST_TIME_IN_SCOPE,ESTABLISHED,1,0,0,0,1,0
2021,25313,2021-11-03,team_0004,team_0020,2,39.044472099214317,0.33287999413857366,0.23872259069345766,0.42839741516796875,2,0.42839741516796875,0.42839741516796875,0.84770397411496101,0.49452708079175239,39.044472099214317,34,福岡,大分,closing,34,34,0,0,0,0,RETURNING,ESTABLISHED,1,1,0,1,0,0
2021,25317,2021-11-06,team_0033,team_0003,2,106.95721913420357,0.2746068697624926,0.231615355581691,0.49377777465581646,2,0.49377777465581646,0.49377777465581646,0.70566971188143979,0.38531554729440498,106.95721913420357,35,横浜FM,FC東京,closing,35,35,0,0,0,0,ESTABLISHED,ESTABLISHED,0,0,1,1,0,0
2021,25319,2021-11-06,team_0025,team_0023,1,-66.851073103465751,0.43088531664130153,0.2399470783527845,0.32916760500591402,0,0.43088531664130153,0.2399470783527845,1.4273368868187566,0.87169391198687241,66.851073103465751,35,清水,札幌,closing,35,35,0,0,0,0,ESTABLISHED,ESTABLISHED,0,0,1,0,1,0
2021,25320,2021-11-06,team_0011,team_0027,2,238.26537263361797,0.17897993656398239,0.2065734184884537,0.61444664494756396,2,0.61444664494756396,0.61444664494756396,0.48703318051940581,0.22335778451064281,238.26537263361797,35,神戸,徳島,closing,35,35,0,0,0,0,ESTABLISHED,FIRST_TIME_IN_SCOPE,1,0,0,1,0,0
2021,25314,2021-11-07,team_0024,team_0018,1,-224.87432855794941,0.57717160424267022,0.22035928329635068,0.20246911246097907,0,0.57717160424267022,0.22035928329635068,1.5124959588046263,0.98196044938697402,224.87432855794941,35,仙台,名古屋,closing,35,35,0,0,0,0,ESTABLISHED,ESTABLISHED,0,0,1,0,1,0
2021,25315,2021-11-07,team_0008,team_0030,2,57.509464823292774,0.3165611772637027,0.23725663390067372,0.44618218883562349,2,0.44618218883562349,0.44618218883562349,0.80702791522636308,0.46321585724336078,57.509464823292774,35,鹿島,浦和,closing,35,35,0,0,0,0,ESTABLISHED,ESTABLISHED,0,0,1,1,0,0
2021,25316,2021-11-07,team_0009,team_0002,2,-54.922363822167654,0.41961730047580476,0.24042606633441965,0.33995663318977559,0,0.41961730047580476,0.33995663318977559,1.0789372189488884,0.66954061830182088,54.922363822167654,35,柏,Ｃ大阪,closing,35,35,0,0,0,0,ESTABLISHED,ESTABLISHED,0,0,1,0,1,0
2021,25318,2021-11-07,team_0026,team_0006,1,-94.609683535675686,0.45715073602075657,0.2382415232724322,0.30460774070681118,0,0.45715073602075657,0.2382415232724322,1.4344703162101284,0.88204864800913185,94.609683535675686,35,湘南,広島,closing,35,35,0,0,0,0,ESTABLISHED,ESTABLISHED,0,0,1,0,1,0
2021,25321,2021-11-07,team_0004,team_0032,1,78.452854995379766,0.29845934733166102,0.23516451062744181,0.46637614204089711,2,0.46637614204089711,0.23516451062744181,1.4474699645321831,0.89155801367835263,78.452854995379766,35,福岡,横浜FC,closing,35,35,0,0,0,0,RETURNING,ESTABLISHED,1,1,0,1,0,0
2021,25322,2021-11-07,team_0029,team_0010,2,-303.14001836853504,0.64297122540086948,0.20362357209461285,0.15340520250451767,0,0.64297122540086948,0.15340520250451767,1.8746724759922724,1.1715973069524825,303.14001836853504,35,鳥栖,川崎Ｆ,closing,35,35,0,0,0,0,ESTABLISHED,ESTABLISHED,0,0,1,0,1,0
2021,25323,2021-11-07,team_0020,team_0005,0,-92.782460738963437,0.45542209535187866,0.23837879667540343,0.30619910797271793,0,0.45542209535187866,0.45542209535187866,0.78653060797024332,0.44714743865863993,92.782460738963437,35,大分,Ｇ大阪,closing,35,35,0,0,0,0,ESTABLISHED,ESTABLISHED,0,0,1,0,1,0
2021,25324,2021-11-20,team_0024,team_0026,0,-38.471650479436903,0.40412878271536373,0.2408315045647893,0.35503971271984697,0,0.40412878271536373,0.40412878271536373,0.90602168271962624,0.53911551878740593,38.471650479436903,36,仙台,湘南,closing,36,36,0,0,0,0,ESTABLISHED,ESTABLISHED,0,0,1,0,1,1
2021,25325,2021-11-20,team_0008,team_0020,1,254.80365648716679,0.16877470013592086,0.20264394187465212,0.62858135798942705,2,0.62858135798942705,0.20264394187465212,1.5963048208789623,1.0593761064469953,254.80365648716679,36,鹿島,大分,closing,36,36,0,0,0,0,ESTABLISHED,ESTABLISHED,0,0,1,1,0,0
2021,25326,2021-11-20,team_0030,team_0033,2,-64.474595711310258,0.42863871136628984,0.24005481987096994,0.33130646876274034,0,0.42863871136628984,0.33130646876274034,1.1047114444737858,0.68850850014359333,64.474595711310258,36,浦和,横浜FM,closing,36,36,0,0,0,0,ESTABLISHED,ESTABLISHED,0,0,1,0,1,0
2021,25327,2021-11-20,team_0009,team_0004,1,27.363000702963745,0.34335930476730803,0.23946206648414253,0.4171786287485495,2,0.4171786287485495,0.23946206648414253,1.4293602609631049,0.87035156877138009,27.363000702963745,36,柏,福岡,closing,36,36,0,0,0,0,ESTABLISHED,RETURNING,1,1,0,1,0,0
2021,25328,2021-11-20,team_0003,team_0027,0,161.62847343246381,0.2317581681081799,0.22274342933128144,0.54549840256053872,2,0.54549840256053872,0.2317581681081799,1.4620608298145354,0.9373786547748586,161.62847343246381,36,FC東京,徳島,closing,36,36,0,0,0,0,ESTABLISHED,FIRST_TIME_IN_SCOPE,1,0,0,1,0,0
2021,25329,2021-11-20,team_0032,team_0011,0,-212.21684293185945,0.56597241460144498,0.22271632824244886,0.21131125715610632,0,0.56597241460144498,0.56597241460144498,0.5692099394199398,0.28263495515359227,212.21684293185945,36,横浜FC,神戸,closing,36,36,0,0,0,0,ESTABLISHED,ESTABLISHED,0,0,1,0,1,0
2021,25330,2021-11-20,team_0025,team_0006,2,-114.83850081623018,0.47625957397172514,0.23649237320789401,0.28724805282038074,0,0.47625957397172514,0.28724805282038074,1.247409140969439,0.79076716259356983,114.83850081623018,36,清水,広島,closing,36,36,0,0,0,0,ESTABLISHED,ESTABLISHED,0,0,1,0,1,0
2021,25331,2021-11-20,team_0005,team_0018,0,-62.609344448957472,0.42687593029324528,0.24013510222332202,0.33298896748343271,0,0.42687593029324528,0.42687593029324528,0.85126186934878012,0.49701771906272102,62.609344448957472,36,Ｇ大阪,名古屋,closing,36,36,0,0,0,0,ESTABLISHED,ESTABLISHED,0,0,1,0,1,0
2021,25332,2021-11-20,team_0002,team_0010,0,-282.3950295272391,0.62616113202072754,0.20837359798533289,0.1654652699939396,0,0.62616113202072754,0.62616113202072754,0.46814754160944561,0.21055381112354435,282.3950295272391,36,Ｃ大阪,川崎Ｆ,closing,36,36,0,0,0,0,ESTABLISHED,ESTABLISHED,0,0,1,0,1,0
2021,25333,2021-11-20,team_0029,team_0023,2,71.113448454042555,0.30475058051310255,0.23594865945956731,0.45930076002733011,2,0.45930076002733011,0.45930076002733011,0.77805003290033203,0.44090035433086272,71.113448454042555,36,鳥栖,札幌,closing,36,36,0,0,0,0,ESTABLISHED,ESTABLISHED,0,0,1,1,0,0
2021,25334,2021-11-27,team_0023,team_0009,2,-14.361609259292436,0.38159899549994225,0.24088601559016848,0.37751498890988933,0,0.38159899549994225,0.37751498890988933,0.9741450053597478,0.59113145490532704,14.361609259292436,37,札幌,柏,closing,37,37,0,0,0,0,ESTABLISHED,ESTABLISHED,0,0,1,0,1,1
2021,25335,2021-11-27,team_0008,team_0029,2,92.439434473169058,0.28663620022760872,0.23352145384597203,0.47984234592641939,2,0.47984234592641939,0.47984234592641939,0.73429767501702325,0.40725656577858899,92.439434473169058,37,鹿島,鳥栖,closing,37,37,0,0,0,0,ESTABLISHED,ESTABLISHED,0,0,1,1,0,0
2021,25336,2021-11-27,team_0030,team_0025,0,185.95551610898406,0.21404375272101464,0.2180260402487261,0.56793020703025932,2,0.56793020703025932,0.21404375272101464,1.5415748328903827,0.98780729692083802,185.95551610898406,37,浦和,清水,closing,37,37,0,0,0,0,ESTABLISHED,ESTABLISHED,0,0,1,1,0,0
2021,25337,2021-11-27,team_0010,team_0005,2,306.83446753756198,0.13943539866145094,0.18957197178188179,0.67099262955666716,2,0.67099262955666716,0.67099262955666716,0.39899712633804479,0.16362561269118478,306.83446753756198,37,川崎Ｆ,Ｇ大阪,closing,37,37,0,0,0,0,ESTABLISHED,ESTABLISHED,0,0,1,1,0,0
2021,25338,2021-11-27,team_0026,team_0027,0,33.79112117512409,0.33757864111184321,0.23907334384344389,0.42334801504471281,2,0.42334801504471281,0.33757864111184321,1.0859567851105723,0.67518166229001619,33.79112117512409,37,湘南,徳島,closing,37,37,0,0,0,0,ESTABLISHED,FIRST_TIME_IN_SCOPE,1,0,0,1,0,0
2021,25339,2021-11-27,team_0002,team_0018,2,-98.560827188343183,0.46088768895032167,0.23793283197182546,0.30117947907785286,0,0.46088768895032167,0.30117947907785286,1.2000489159290073,0.75737961481800253,98.560827188343183,37,Ｃ大阪,名古屋,closing,37,37,0,0,0,0,ESTABLISHED,ESTABLISHED,0,0,1,0,1,0
2021,25340,2021-11-27,team_0011,team_0033,0,-11.33736907604748,0.37879160815075641,0.24084739160869093,0.38036100024055264,2,0.38036100024055264,0.37879160815075641,0.97076907168869464,0.58858182265262715,11.33736907604748,37,神戸,横浜FM,closing,37,37,0,0,0,0,ESTABLISHED,ESTABLISHED,0,0,1,1,0,1
2021,25341,2021-11-27,team_0006,team_0003,0,-6.9978584191253503,0.37477172986475388,0.24077426546340772,0.38445400467183843,2,0.38445400467183843,0.37477172986475388,0.98143815871784079,0.59668751839396972,6.9978584191253503,37,広島,FC東京,closing,37,37,0,0,0,0,ESTABLISHED,ESTABLISHED,0,0,1,1,0,1
2021,25342,2021-11-27,team_0004,team_0024,1,118.44738340800086,0.26527105125429684,0.22996686960342408,0.504762079142279,2,0.504762079142279,0.22996686960342408,1.4698200256369522,0.91810450908194619,118.44738340800086,37,福岡,仙台,closing,37,37,0,0,0,0,RETURNING,ESTABLISHED,1,1,0,1,0,0
2021,25343,2021-11-27,team_0020,team_0032,2,24.102408407276471,0.34630413421460554,0.23964212699407383,0.41405373879132062,2,0.41405373879132062,0.41405373879132062,0.88175950973684303,0.52068792342880132,24.102408407276471,37,大分,横浜FC,closing,37,37,0,0,0,0,ESTABLISHED,ESTABLISHED,0,0,1,1,0,0
2021,25344,2021-12-04,team_0024,team_0008,0,-285.95333208352281,0.6290788338616865,0.20757278329576867,0.16334838284254491,0,0.6290788338616865,0.6290788338616865,0.46349869808154653,0.20735166603183311,285.95333208352281,38,仙台,鹿島,closing,38,38,0,0,0,0,ESTABLISHED,ESTABLISHED,0,0,1,0,1,0
2021,25345,2021-12-04,team_0009,team_0020,0,52.807540993901057,0.32068630144692106,0.23766406565581749,0.44164963289726139,2,0.44164963289726139,0.32068630144692106,1.1372918877356346,0.71300570738420199,52.807540993901057,38,柏,大分,closing,38,38,0,0,0,0,ESTABLISHED,ESTABLISHED,0,0,1,1,0,0
2021,25346,2021-12-04,team_0003,team_0004,1,68.69221953103056,0.30683866764412454,0.23619536405937913,0.45696596829649638,2,0.45696596829649638,0.23619536405937913,1.443096002594475,0.88636538602716053,68.69221953103056,38,FC東京,福岡,closing,38,38,0,0,0,0,ESTABLISHED,RETURNING,1,1,0,1,0,0
2021,25347,2021-12-04,team_0033,team_0010,1,-158.15405067850406,0.51679108862460632,0.23139529048417593,0.25181362089121784,0,0.51679108862460632,0.23139529048417593,1.4636278167020311,0.92123632843805603,158.15405067850406,38,横浜FM,川崎Ｆ,closing,38,38,0,0,0,0,ESTABLISHED,ESTABLISHED,0,0,1,0,1,0
2021,25348,2021-12-04,team_0032,team_0023,0,-94.060152003095936,0.45663088028806986,0.23828317330285639,0.30508594640907383,0,0.45663088028806986,0.45663088028806986,0.78387991623141462,0.44510630563211728,94.060152003095936,38,横浜FC,札幌,closing,38,38,0,0,0,0,ESTABLISHED,ESTABLISHED,0,0,1,0,1,0
2021,25349,2021-12-04,team_0025,team_0002,2,-89.32511111812596,0.45215066428368755,0.23862900127765588,0.30922033443865654,0,0.45215066428368755,0.30922033443865654,1.1737011997525637,0.73856056981599294,89.32511111812596,38,清水,Ｃ大阪,closing,38,38,0,0,0,0,ESTABLISHED,ESTABLISHED,0,0,1,0,1,0
2021,25350,2021-12-04,team_0018,team_0030,1,31.749998780140004,0.33941051538082456,0.23920161358312814,0.42138787103604719,2,0.42138787103604719,0.23920161358312814,1.4304485111795493,0.87158142058188526,31.749998780140004,38,名古屋,浦和,closing,38,38,0,0,0,0,ESTABLISHED,ESTABLISHED,0,0,1,1,0,0
2021,25351,2021-12-04,team_0005,team_0026,1,100.52064403078521,0.27990870731747675,0.23248519359464739,0.48760609908787583,2,0.48760609908787583,0.23248519359464739,1.458928739446486,0.90518757035128217,100.52064403078521,38,Ｇ大阪,湘南,closing,38,38,0,0,0,0,ESTABLISHED,ESTABLISHED,0,0,1,1,0,0
2021,25352,2021-12-04,team_0027,team_0006,0,-57.381980440142115,0.42193868400451728,0.24033996618015038,0.33772134981533231,0,0.42193868400451728,0.42193868400451728,0.86289527407047928,0.50597389451499519,57.381980440142115,38,徳島,広島,closing,38,38,0,0,0,0,FIRST_TIME_IN_SCOPE,ESTABLISHED,1,0,0,0,1,0
2021,25353,2021-12-04,team_0029,team_0011,0,-61.599859964300094,0.42592211867198521,0.24017697818049555,0.33390090314751925,0,0.42592211867198521,0.42592211867198521,0.85349876944519742,0.49874020780070544,61.599859964300094,38,鳥栖,神戸,closing,38,38,0,0,0,0,ESTABLISHED,ESTABLISHED,0,0,1,0,1,0
2022,27328,2022-02-18,team_0010,team_0003,2,300.49364903782634,0.13844601899894249,0.18706050312437345,0.67449347787668412,2,0.67449347787668412,0.67449347787668412,0.39379327294863209,0.16011342795061601,300.49364903782634,1,川崎Ｆ,FC東京,opening,1,1,1,1,1,1,ESTABLISHED,ESTABLISHED,0,0,1,1,0,0
2022,27329,2022-02-19,team_0033,team_0002,1,145.9106391880091,0.23794155245000528,0.22513931719355232,0.53691913035644234,2,0.53691913035644234,0.22513931719355232,1.4910358808683204,0.94530741268431129,145.9106391880091,1,横浜FM,Ｃ大阪,opening,1,1,1,1,1,1,ESTABLISHED,ESTABLISHED,0,0,1,1,0,0
2022,27330,2022-02-19,team_0025,team_0023,1,-46.531959873117103,0.40439244829610277,0.24556713216549839,0.35004041953839882,0,0.40439244829610277,0.24556713216549839,1.40418491835245,0.85523049961852493,46.531959873117103,1,清水,札幌,opening,1,1,1,1,1,1,ESTABLISHED,ESTABLISHED,0,0,1,0,1,0
2022,27331,2022-02-19,team_0013,team_0030,2,-92.211479616419183,0.44721067993645436,0.24443263998034651,0.30835668008319905,0,0.44721067993645436,0.30835668008319905,1.176498113815621,0.73811518972252177,92.211479616419183,1,京都,浦和,opening,1,1,1,1,1,1,FIRST_TIME_IN_SCOPE,ESTABLISHED,1,0,0,0,1,0
2022,27332,2022-02-19,team_0005,team_0008,0,-159.40117154055815,0.50978084894734799,0.238660784879416,0.25155836617323607,0,0.50978084894734799,0.50978084894734799,0.67377435356105853,0.36055539788978963,159.40117154055815,1,Ｇ大阪,鹿島,opening,1,1,1,1,1,1,ESTABLISHED,ESTABLISHED,0,0,1,0,1,0
2022,27333,2022-02-19,team_0006,team_0029,1,-27.273830853286881,0.38647178380684111,0.24533542362222105,0.3681927925709379,0,0.38647178380684111,0.24533542362222105,1.4051289287583966,0.8544449950194799,27.273830853286881,1,広島,鳥栖,opening,1,1,1,1,1,1,ESTABLISHED,ESTABLISHED,0,0,1,0,1,1
2022,27334,2022-02-19,team_0026,team_0009,0,-31.400149991597345,0.39030032831597783,0.24542081481613193,0.36427885686789024,0,0.39030032831597783,0.39030032831597783,0.94083876360714924,0.56466415155759542,31.400149991597345,1,湘南,柏,opening,1,1,1,1,1,1,ESTABLISHED,ESTABLISHED,0,0,1,0,1,1
2022,27335,2022-02-19,team_0018,team_0011,2,-33.429562091842172,0.39218573019100378,0.24545565754496679,0.36235861226402932,0,0.39218573019100378,0.36235861226402932,1.0151209159046066,0.62064466614013725,33.429562091842172,1,名古屋,神戸,opening,1,1,1,1,1,1,ESTABLISHED,ESTABLISHED,0,0,1,0,1,1
2022,27336,2022-02-19,team_0004,team_0007,1,39.681587797249904,0.32569318575247752,0.24124934460870134,0.43305746963882125,2,0.43305746963882125,0.24124934460870134,1.4219242554146019,0.86931738031230155,39.681587797249904,1,福岡,磐田,opening,1,1,1,1,1,1,ESTABLISHED,RETURNING,1,1,0,1,0,0
2022,27400,2022-02-23,team_0033,team_0010,2,-172.34631213919147,0.52163086065329767,0.23703046315122756,0.24133867619547483,0,0.52163086065329767,0.24133867619547483,1.4215540365780674,0.90384919948442022,172.34631213919147,9,横浜FM,川崎Ｆ,middle,2,2,1,1,1,1,ESTABLISHED,ESTABLISHED,0,0,1,0,1,0
2022,27401,2022-02-23,team_0030,team_0011,1,-51.460247762646304,0.40899693148572774,0.24555827713906878,0.34544479137520345,0,0.40899693148572774,0.24555827713906878,1.4042209784962048,0.85579290704636912,51.460247762646304,9,浦和,神戸,middle,2,2,1,1,1,1,ESTABLISHED,ESTABLISHED,0,0,1,0,1,0
2022,27337,2022-02-26,team_0007,team_0025,0,-5.0633682682012022,0.36599856049175056,0.24454121911320537,0.38946022039504402,2,0.38946022039504402,0.36599856049175056,1.0051258786711541,0.61343749641406142,5.0633682682012022,2,磐田,清水,opening,2,2,1,1,1,1,RETURNING,ESTABLISHED,1,1,0,1,0,1
2022,27338,2022-02-26,team_0002,team_0013,1,28.949943617132249,0.33522200626614246,0.24224163926482259,0.42253635446903487,2,0.42253635446903487,0.24224163926482259,1.4178195416455528,0.86510849759714292,28.949943617132249,2,Ｃ大阪,京都,opening,2,2,1,1,1,1,ESTABLISHED,FIRST_TIME_IN_SCOPE,1,0,0,1,0,0
2022,27339,2022-02-26,team_0023,team_0006,1,7.7560662199509807,0.35430605755394018,0.24382717987781444,0.40186676256824538,2,0.40186676256824538,0.24382717987781444,1.4112955838264265,0.85882701116803772,7.7560662199509807,2,札幌,広島,opening,2,2,1,1,1,1,ESTABLISHED,ESTABLISHED,0,0,1,1,0,1
2022,27340,2022-02-26,team_0008,team_0010,0,-132.85359110023296,0.48522548763410983,0.24149734384211036,0.27327716852377992,0,0.48522548763410983,0.48522548763410983,0.72314157313091776,0.39799417650070901,132.85359110023296,2,鹿島,川崎Ｆ,opening,2,3,1,1,1,1,ESTABLISHED,ESTABLISHED,0,0,1,0,1,0
2022,27341,2022-02-26,team_0030,team_0005,0,77.216018668100332,0.29321002058288931,0.2368122209578758,0.46997775845923501,2,0.46997775845923501,0.29321002058288931,1.2268661329407919,0.77651119644580846,77.216018668100332,2,浦和,Ｇ大阪,opening,3,2,1,1,1,1,ESTABLISHED,ESTABLISHED,0,0,1,1,0,0
2022,27343,2022-02-26,team_0011,team_0004,1,161.52702463115133,0.22625259674541906,0.22192432547496321,0.5518230777796177,2,0.5518230777796177,0.22192432547496321,1.5054188314602734,0.96110070199180608,161.52702463115133,2,神戸,福岡,opening,3,2,1,1,1,1,ESTABLISHED,ESTABLISHED,0,0,1,1,0,0
2022,27344,2022-02-26,team_0029,team_0026,1,133.87588492241321,0.24718273171122782,0.22748549873241813,0.52533176955635408,2,0.52533176955635408,0.22748549873241813,1.4806687844582538,0.93385142563013568,133.87588492241321,2,鳥栖,湘南,opening,2,2,1,1,1,1,ESTABLISHED,ESTABLISHED,0,0,1,1,0,0
2022,27345,2022-02-27,team_0009,team_0033,2,-193.80021473843999,0.54104614436466092,0.2339926415347017,0.22496121410063746,0,0.54104614436466092,0.22496121410063746,1.4918272734121074,0.9481686062726109,193.80021473843999,2,柏,横浜FM,opening,2,3,1,1,1,1,ESTABLISHED,ESTABLISHED,0,0,1,0,1,0
2022,27409,2022-03-02,team_0010,team_0030,2,287.50407595505158,0.14538961900639458,0.19064871921356158,0.66396166178004379,2,0.66396166178004379,0.66396166178004379,0.40953086945568862,0.17040684020622571,287.50407595505158,10,川崎Ｆ,浦和,middle,4,4,1,1,1,1,ESTABLISHED,ESTABLISHED,0,0,1,1,0,0
2022,27410,2022-03-02,team_0033,team_0011,2,37.520182754052712,0.32760446167817159,0.2414593067110016,0.43093623161082667,2,0.43093623161082667,0.43093623161082667,0.841795154323978,0.48946085260208883,37.520182754052712,10,横浜FM,神戸,middle,4,4,1,1,1,1,ESTABLISHED,ESTABLISHED,0,0,1,1,0,0
2022,27346,2022-03-05,team_0013,team_0007,0,88.629889477268534,0.28362525212308776,0.23517666386781058,0.48119808400910163,2,0.48119808400910163,0.28362525212308776,1.2601014469514105,0.80005243867773324,88.629889477268534,3,京都,磐田,opening,3,3,1,1,1,1,FIRST_TIME_IN_SCOPE,RETURNING,1,1,0,1,0,0
2022,27347,2022-03-06,team_0033,team_0025,2,190.97170644549328,0.20517829648004393,0.21538410022443064,0.57943760329552541,2,0.57943760329552541,0.57943760329552541,0.54569729534632849,0.26536117349775223,190.97170644549328,3,横浜FM,清水,opening,5,3,1,1,1,1,ESTABLISHED,ESTABLISHED,0,0,1,1,0,0
2022,27348,2022-03-06,team_0018,team_0029,1,81.477885572312061,0.28961396334001566,0.23621662432823817,0.4741694123317462,2,0.4741694123317462,0.23621662432823817,1.4430059952729166,0.89207792430509703,81.477885572312061,3,名古屋,鳥栖,opening,2,3,1,1,1,1,ESTABLISHED,ESTABLISHED,0,0,1,1,0,0
2022,27349,2022-03-06,team_0008,team_0009,2,170.90045636618265,0.21940494992077331,0.21990724136522152,0.56068780871400525,2,0.56068780871400525,0.56068780871400525,0.57859101906373556,0.28949292826710127,170.90045636618265,3,鹿島,柏,opening,3,3,1,1,1,1,ESTABLISHED,ESTABLISHED,0,0,1,1,0,0
2022,27350,2022-03-06,team_0030,team_0026,2,126.20044470726884,0.25317946405984582,0.22891897653285143,0.51790155940730276,2,0.51790155940730276,0.51790155940730276,0.65797009453673794,0.34892264526038941,126.20044470726884,3,浦和,湘南,opening,5,3,1,1,1,1,ESTABLISHED,ESTABLISHED,0,0,1,1,0,0
2022,27351,2022-03-06,team_0002,team_0003,0,-0.2018759970269457,0.36155249109164667,0.24429235284157913,0.3941551560667742,2,0.3941551560667742,0.36155249109164667,1.0173480443513163,0.62265226234217963,0.2018759970269457,3,Ｃ大阪,FC東京,opening,3,2,1,1,1,1,ESTABLISHED,ESTABLISHED,0,0,1,1,0,1
2022,27352,2022-03-06,team_0006,team_0011,1,-104.98926562194083,0.45919555088263769,0.24370000975941256,0.29710443935794978,0,0.45919555088263769,0.24370000975941256,1.4118172783041469,0.87112127707452336,104.98926562194083,3,広島,神戸,opening,3,5,1,1,1,1,ESTABLISHED,ESTABLISHED,0,0,1,0,1,0
2022,27353,2022-03-06,team_0005,team_0010,1,-318.05979962066976,0.64568067891139336,0.20970825287914469,0.14461106820946196,0,0.64568067891139336,0.20970825287914469,1.5620379862018248,1.0623769457354935,318.05979962066976,3,Ｇ大阪,川崎Ｆ,opening,3,5,1,1,1,1,ESTABLISHED,ESTABLISHED,0,0,1,0,1,0
2022,27354,2022-03-06,team_0004,team_0023,1,-20.560936640750242,0.38025868390518475,0.24515484288922487,0.37458647320559041,0,0.38025868390518475,0.24515484288922487,1.4058652562799985,0.85470290380749647,20.560936640750242,3,福岡,札幌,opening,3,3,1,1,1,1,ESTABLISHED,ESTABLISHED,0,0,1,0,1,1
2022,27355,2022-03-11,team_0011,team_0008,0,-53.684196909056936,0.41107670796121037,0.24554521176763058,0.34337808027115913,0,0.41107670796121037,0.41107670796121037,0.88897544452528288,0.52503160093852264,53.684196909056936,4,神戸,鹿島,opening,6,4,0,1,1,0,ESTABLISHED,ESTABLISHED,0,0,1,0,1,0
2022,27356,2022-03-12,team_0023,team_0033,1,-159.85668900728365,0.5101993659815075,0.23860609880288489,0.25119453521560764,0,0.5101993659815075,0.23860609880288489,1.4329412088617366,0.90312276035027983,159.85668900728365,4,札幌,横浜FM,opening,4,6,1,0,1,0,ESTABLISHED,ESTABLISHED,0,0,1,0,1,0
2022,27357,2022-03-12,team_0025,team_0002,0,-34.363669181384921,0.39305406872891063,0.24547010983112866,0.36147582143996071,0,0.39305406872891063,0.39305406872891063,0.93380809711318524,0.55930370779273075,34.363669181384921,4,清水,Ｃ大阪,opening,4,4,1,1,1,1,ESTABLISHED,ESTABLISHED,0,0,1,0,1,1
2022,27358,2022-03-12,team_0007,team_0005,1,-73.158377568238166,0.42932635809633957,0.24519106586385242,0.32548257603980807,0,0.42932635809633957,0.24519106586385242,1.4057175117019491,0.85999655611352299,73.158377568238166,4,磐田,Ｇ大阪,opening,4,4,1,1,1,1,RETURNING,ESTABLISHED,1,1,0,0,1,0
2022,27359,2022-03-12,team_0003,team_0006,2,43.409689463817585,0.32240619117762803,0.24087529648785408,0.43671851233451792,2,0.43671851233451792,0.43671851233451792,0.82846642796589798,0.47925269491441558,43.409689463817585,4,FC東京,広島,opening,3,4,1,1,1,1,ESTABLISHED,ESTABLISHED,0,0,1,1,0,0
2022,27360,2022-03-12,team_0026,team_0013,1,-76.171494691474436,0.43215403942605501,0.24509805645661004,0.32274790411733489,0,0.43215403942605501,0.24509805645661004,1.4060969180731038,0.8608002677699762,76.171494691474436,4,湘南,京都,opening,4,4,1,1,1,1,ESTABLISHED,FIRST_TIME_IN_SCOPE,1,0,0,0,1,0
2022,27361,2022-03-12,team_0009,team_0004,2,17.082701156330131,0.34586720212297695,0.24319119873442016,0.41094159914260298,2,0.41094159914260298,0.41094159914260298,0.88930416912583365,0.52575588026693421,17.082701156330131,4,柏,福岡,opening,4,4,1,1,1,1,ESTABLISHED,ESTABLISHED,0,0,1,1,0,0
2022,27362,2022-03-12,team_0010,team_0018,2,227.16314167053383,0.18106966772505179,0.2066101090477902,0.61232022322715807,2,0.61232022322715807,0.61232022322715807,0.49049989274517253,0.22576957104944098,227.16314167053383,4,川崎Ｆ,名古屋,opening,6,3,0,1,1,0,ESTABLISHED,ESTABLISHED,0,0,1,1,0,0
2022,27363,2022-03-13,team_0029,team_0030,2,-8.7337910956218821,0.3693643992580592,0.24471130934411264,0.38592429139782819,2,0.38592429139782819,0.38592429139782819,0.95211406502959739,0.57340266025543629,8.7337910956218821,4,鳥栖,浦和,opening,4,6,1,0,1,0,ESTABLISHED,ESTABLISHED,0,0,1,1,0,1
2022,27364,2022-03-18,team_0033,team_0029,1,120.89821063223962,0.25736780205302712,0.22987967820392025,0.51275251974305269,2,0.51275251974305269,0.22987967820392025,1.4701992451873196,0.92223864207975315,120.89821063223962,5,横浜FM,鳥栖,opening,7,5,0,1,1,0,ESTABLISHED,ESTABLISHED,0,0,1,1,0,0
2022,27365,2022-03-19,team_0025,team_0011,1,-146.77245828172386,0.49813766119071551,0.24009707936993591,0.2617652594393487,0,0.49813766119071551,0.24009707936993591,1.4267119400524215,0.89411462932800712,146.77245828172386,5,清水,神戸,opening,5,7,1,0,1,0,ESTABLISHED,ESTABLISHED,0,0,1,0,1,0
2022,27366,2022-03-19,team_0013,team_0003,0,-62.381320604526536,0.41921980299661682,0.24544010388209872,0.33534009312128454,0,0.41921980299661682,0.41921980299661682,0.86935990711823152,0.50999945987953588,62.381320604526536,5,京都,FC東京,opening,5,4,1,1,1,1,FIRST_TIME_IN_SCOPE,ESTABLISHED,1,0,0,0,1,0
2022,27367,2022-03-19,team_0005,team_0004,0,59.544019109638612,0.30832933713236282,0.23908505299598515,0.45258560987165197,2,0.45258560987165197,0.30832933713236282,1.1765867908736078,0.74040370270074496,59.544019109638612,5,Ｇ大阪,福岡,opening,5,5,1,1,1,1,ESTABLISHED,ESTABLISHED,0,0,1,1,0,0
2022,27368,2022-03-19,team_0006,team_0010,0,-332.956507428853,0.65712454700604839,0.20622221986806863,0.13665323312588293,0,0.65712454700604839,0.65712454700604839,0.41988170920011708,0.17876528635687847,332.956507428853,5,広島,川崎Ｆ,opening,5,7,1,0,1,0,ESTABLISHED,ESTABLISHED,0,0,1,0,1,0
2022,27369,2022-03-19,team_0008,team_0026,2,281.4831957986712,0.14869598533396133,0.19229743818036288,0.65900657648567584,2,0.65900657648567584,0.65900657648567584,0.41702176503674504,0.17536531566518737,281.4831957986712,5,鹿島,湘南,opening,5,5,1,1,1,1,ESTABLISHED,ESTABLISHED,0,0,1,1,0,0
2022,27370,2022-03-19,team_0030,team_0007,2,94.405087142314187,0.27883255399925189,0.23430046153002757,0.48686698447072069,2,0.48686698447072069,0.48686698447072069,0.71976432571067661,0.39594979106910122,94.405087142314187,5,浦和,磐田,opening,7,5,0,1,1,0,ESTABLISHED,RETURNING,1,1,0,1,0,0
2022,27371,2022-03-19,team_0002,team_0023,1,18.155724474797353,0.34490028276000984,0.24311177900633665,0.41198793823365343,2,0.41198793823365343,0.24311177900633665,1.4142339454964239,0.86157004537690396,18.155724474797353,5,Ｃ大阪,札幌,opening,5,5,1,1,1,1,ESTABLISHED,ESTABLISHED,0,0,1,1,0,0
2022,27372,2022-03-20,team_0018,team_0009,1,99.767132166671217,0.27441814541386167,0.23345829473605262,0.4921235598500856,2,0.4921235598500856,0.23345829473605262,1.4547518270931603,0.90507710260086449,99.767132166671217,5,名古屋,柏,opening,4,5,1,1,1,1,ESTABLISHED,ESTABLISHED,0,0,1,1,0,0
2022,27373,2022-04-01,team_0004,team_0029,1,-66.708673646585112,0.423276241873215,0.24535585446821259,0.33136790365857238,0,0.423276241873215,0.24535585446821259,1.4050456550304311,0.8584552508947908,66.708673646585112,6,福岡,鳥栖,middle,6,6,0,0,0,0,ESTABLISHED,ESTABLISHED,0,0,1,0,1,0
2022,27374,2022-04-02,team_0009,team_0007,2,69.299828483055308,0.29994213609171216,0.23786993163778866,0.46218793227049915,2,0.46218793227049915,0.46218793227049915,0.77178369080659859,0.43578920957610667,69.299828483055308,6,柏,磐田,middle,6,6,0,0,0,0,ESTABLISHED,RETURNING,1,1,0,1,0,0
2022,27375,2022-04-02,team_0010,team_0002,0,322.47053570318485,0.12728189589025418,0.18091088795711749,0.6918072161526283,2,0.6918072161526283,0.12728189589025418,2.0613509996341404,1.2729628629431913,322.47053570318485,6,川崎Ｆ,Ｃ大阪,middle,8,6,0,0,0,0,ESTABLISHED,ESTABLISHED,0,0,1,1,0,0
2022,27376,2022-04-02,team_0026,team_0006,0,-83.573818736530029,0.43910257066687541,0.24482646333857366,0.31607096599455087,0,0.43910257066687541,0.43910257066687541,0.82302224703197702,0.47444677892810999,83.573818736530029,6,湘南,広島,middle,6,6,0,0,0,0,ESTABLISHED,ESTABLISHED,0,0,1,0,1,0
2022,27377,2022-04-02,team_0008,team_0025,2,243.76322232883626,0.17068897268497044,0.20236070314263857,0.62695032417239094,2,0.62695032417239094,0.62695032417239094,0.4668879692831337,0.20925064020771789,243.76322232883626,6,鹿島,清水,middle,6,6,0,0,0,0,ESTABLISHED,ESTABLISHED,0,0,1,1,0,0
2022,27378,2022-04-02,team_0023,team_0030,1,-30.026106431286735,0.38902468737364121,0.24539454579473477,0.3655807668316241,0,0.38902468737364121,0.24539454579473477,1.4048879727276491,0.85441889597969223,30.026106431286735,6,札幌,浦和,middle,6,8,0,0,0,0,ESTABLISHED,ESTABLISHED,0,0,1,0,1,1
2022,27379,2022-04-02,team_0033,team_0003,2,82.908468461529083,0.28841141844094115,0.23601264299061481,0.47557593856844393,2,0.47557593856844393,0.47557593856844393,0.74322870718534095,0.41390371014689953,82.908468461529083,6,横浜FM,FC東京,middle,8,5,0,1,1,0,ESTABLISHED,ESTABLISHED,0,0,1,1,0,0
2022,27380,2022-04-02,team_0005,team_0018,2,-86.167325743227593,0.44153726946644772,0.24471688280169387,0.31374584773185832,0,0.44153726946644772,0.31374584773185832,1.1591720229444882,0.72578627456133016,86.167325743227593,6,Ｇ大阪,名古屋,middle,6,5,0,1,1,0,ESTABLISHED,ESTABLISHED,0,0,1,0,1,0
2022,27381,2022-04-02,team_0011,team_0013,0,124.16232447990615,0.25478503238301203,0.22929115224875377,0.51592381536823417,2,0.51592381536823417,0.25478503238301203,1.3673350996193863,0.87409716372406532,124.16232447990615,6,神戸,京都,middle,8,6,0,0,0,0,ESTABLISHED,FIRST_TIME_IN_SCOPE,1,0,0,1,0,0
2022,27382,2022-04-05,team_0002,team_0009,0,31.060122113673287,0.33334073302245709,0.24205648264552465,0.42460278433201826,2,0.42460278433201826,0.33334073302245709,1.0985900898471341,0.68331344350026035,31.060122113673287,7,Ｃ大阪,柏,middle,7,7,0,0,0,0,ESTABLISHED,ESTABLISHED,0,0,1,1,0,0
2022,27383,2022-04-06,team_0013,team_0005,1,-15.527487186736153,0.37561360681605899,0.2449856132789531,0.37940077990498794,2,0.37940077990498794,0.2449856132789531,1.4065557914719693,0.85507725757364073,15.527487186736153,7,京都,Ｇ大阪,middle,7,7,0,0,0,0,FIRST_TIME_IN_SCOPE,ESTABLISHED,1,0,0,1,0,1
2022,27384,2022-04-06,team_0003,team_0011,2,-2.4733545618496464,0.36362812243257481,0.2444119734961312,0.391959904071294,2,0.391959904071294,0.391959904071294,0.93659572995560958,0.5616753824691032,2.4733545618496464,7,FC東京,神戸,middle,6,9,0,0,0,0,ESTABLISHED,ESTABLISHED,0,0,1,1,0,1
2022,27385,2022-04-06,team_0007,team_0010,1,-377.8782943592546,0.69001713998143843,0.19524768041380222,0.11473517960475924,0,0.69001713998143843,0.19524768041380222,1.6334863704158695,1.136914110786466,377.8782943592546,7,磐田,川崎Ｆ,middle,7,9,0,0,0,0,RETURNING,ESTABLISHED,1,1,0,0,1,0
2022,27386,2022-04-06,team_0006,team_0033,2,-154.60132351160314,0.50536452675495203,0.23922492207103158,0.25541055117401634,0,0.50536452675495203,0.25541055117401634,1.3648830238877097,0.86703531554512991,154.60132351160314,7,広島,横浜FM,middle,7,9,0,0,0,0,ESTABLISHED,ESTABLISHED,0,0,1,0,1,0
2022,27387,2022-04-06,team_0004,team_0008,0,-207.88323110119768,0.55361667695406724,0.23178296234137749,0.21460036070455538,0,0.55361667695406724,0.55361667695406724,0.59128275057665525,0.29903472753979926,207.88323110119768,7,福岡,鹿島,middle,7,7,0,0,0,0,ESTABLISHED,ESTABLISHED,0,0,1,0,1,0
2022,27388,2022-04-06,team_0029,team_0023,2,53.518805899743256,0.31355712668662955,0.23978591980192429,0.4466569535114463,2,0.4466569535114463,0.4466569535114463,0.80596442081163089,0.46200388612846366,53.518805899743256,7,鳥栖,札幌,middle,7,7,0,0,0,0,ESTABLISHED,ESTABLISHED,0,0,1,1,0,0
2022,27389,2022-04-06,team_0030,team_0025,1,104.93601240578914,0.27019576579493915,0.23262077750564547,0.49718345669941527,2,0.49718345669941527,0.23262077750564547,1.4583457156916291,0.90906801258513292,104.93601240578914,7,浦和,清水,middle,9,7,0,0,0,0,ESTABLISHED,ESTABLISHED,0,0,1,1,0,0
2022,27390,2022-04-06,team_0018,team_0026,2,190.31754827589975,0.20563246308769961,0.21553567198105508,0.57883186493124528,2,0.57883186493124528,0.57883186493124528,0.54674323229989386,0.26612293376913199,190.31754827589975,7,名古屋,湘南,middle,6,7,0,0,0,0,ESTABLISHED,ESTABLISHED,0,0,1,1,0,0
2022,27391,2022-04-09,team_0010,team_0009,2,265.90494723119195,0.15751092792872601,0.19651370054967543,0.64597537152159856,2,0.64597537152159856,0.64597537152159856,0.43699390050586423,0.18876076448996598,265.90494723119195,8,川崎Ｆ,柏,middle,10,8,0,0,0,0,ESTABLISHED,ESTABLISHED,0,0,1,1,0,0
2022,27392,2022-04-10,team_0025,team_0005,1,-64.923399228812968,0.42160241486764299,0.24539317825975002,0.33300440687260691,0,0.42160241486764299,0.24539317825975002,1.4048935455442366,0.85807198663572626,64.923399228812968,8,清水,Ｇ大阪,middle,8,8,0,0,0,0,ESTABLISHED,ESTABLISHED,0,0,1,0,1,0
2022,27393,2022-04-10,team_0003,team_0030,1,36.931208135280031,0.32812597952694744,0.24151564003342213,0.43035838043963043,2,0.43035838043963043,0.24151564003342213,1.4208210459433244,0.86817351836904955,36.931208135280031,8,FC東京,浦和,middle,7,10,0,0,0,0,ESTABLISHED,ESTABLISHED,0,0,1,1,0,0
2022,27394,2022-04-10,team_0006,team_0004,2,50.023702668825536,0.31660576858729778,0.2401748962083341,0.44321933520436818,2,0.44321933520436818,0.44321933520436818,0.81369051813701854,0.46792790216170332,50.023702668825536,8,広島,福岡,middle,8,8,0,0,0,0,ESTABLISHED,ESTABLISHED,0,0,1,1,0,0
2022,27395,2022-04-10,team_0008,team_0033,0,58.667944147024173,0.30908724296917683,0.23918933029033987,0.45172342674048321,2,0.45172342674048321,0.30908724296917683,1.1741317022286717,0.73862602781883924,58.667944147024173,8,鹿島,横浜FM,middle,8,10,0,0,0,0,ESTABLISHED,ESTABLISHED,0,0,1,1,0,0
2022,27396,2022-04-10,team_0026,team_0007,1,-57.505975306155051,0.41465324885728599,0.24550960798410279,0.33983714315861119,0,0.41465324885728599,0.24550960798410279,1.404419196121913,0.85668235230241097,57.505975306155051,8,湘南,磐田,middle,8,8,0,0,0,0,ESTABLISHED,RETURNING,1,1,0,0,1,0
2022,27397,2022-04-10,team_0018,team_0023,0,78.708076274976293,0.29194876819140786,0.23660577198709698,0.47144545982149505,2,0.47144545982149505,0.29194876819140786,1.2311769435065407,0.77957965978957566,78.708076274976293,8,名古屋,札幌,middle,7,8,0,0,0,0,ESTABLISHED,ESTABLISHED,0,0,1,1,0,0
2022,27398,2022-04-10,team_0013,team_0029,2,-76.410930757663664,0.43237876456015029,0.24509022911889966,0.32253100632095022,0,0.43237876456015029,0.32253100632095022,1.1315560037369592,0.70598485384862097,76.410930757663664,8,京都,鳥栖,middle,8,8,0,0,0,0,FIRST_TIME_IN_SCOPE,ESTABLISHED,1,0,0,0,1,0
2022,27399,2022-04-10,team_0011,team_0002,0,40.718492095272723,0.32477772885941331,0.24114681902292723,0.43407545211765947,2,0.43407545211765947,0.32477772885941331,1.1246142418281551,0.70249840190027879,40.718492095272723,8,神戸,Ｃ大阪,middle,10,8,0,0,0,0,ESTABLISHED,ESTABLISHED,0,0,1,1,0,0
2022,27402,2022-04-16,team_0023,team_0003,1,-42.625148010069097,0.40074702322077388,0.24555444215876662,0.35369853462045941,0,0.40074702322077388,0.24555444215876662,1.4042365960119054,0.85488892975934161,42.625148010069097,9,札幌,FC東京,middle,9,8,0,0,0,0,ESTABLISHED,ESTABLISHED,0,0,1,0,1,1
2022,27403,2022-04-17,team_0005,team_0026,0,145.83326757765667,0.23800032386917963,0.22515477480788387,0.5368449013229365,2,0.5368449013229365,0.23800032386917963,1.4354832445167158,0.91954062711869744,145.83326757765667,9,Ｇ大阪,湘南,middle,9,9,0,0,0,0,ESTABLISHED,ESTABLISHED,0,0,1,1,0,0
2022,27404,2022-04-17,team_0008,team_0018,1,127.40619185448168,0.25223220697646381,0.22869711149470989,0.51907068152882629,2,0.51907068152882629,0.22869711149470989,1.4753568081393715,0.92796360447562198,127.40619185448168,9,鹿島,名古屋,middle,9,8,0,0,0,0,ESTABLISHED,ESTABLISHED,0,0,1,1,0,0
2022,27405,2022-04-17,team_0029,team_0025,1,106.674070584736,0.26878336582464379,0.23233356527111643,0.49888306890423972,2,0.49888306890423972,0.23233356527111643,1.459581158592733,0.9104405691926919,106.674070584736,9,鳥栖,清水,middle,9,9,0,0,0,0,ESTABLISHED,ESTABLISHED,0,0,1,1,0,0
2022,27406,2022-04-17,team_0007,team_0006,1,-82.730387209610171,0.43831078254301348,0.24486049097429463,0.31682872648269189,0,0.43831078254301348,0.24486049097429463,1.407066655215881,0.86273246210969656,82.730387209610171,9,磐田,広島,middle,9,9,0,0,0,0,RETURNING,ESTABLISHED,1,1,0,0,1,0
2022,27407,2022-04-17,team_0009,team_0013,0,32.722057491982241,0.3318616534098987,0.24190721357271053,0.42623113301739085,2,0.42623113301739085,0.3318616534098987,1.1030371035086601,0.68660092891595603,32.722057491982241,9,柏,京都,middle,9,9,0,0,0,0,ESTABLISHED,FIRST_TIME_IN_SCOPE,1,0,0,1,0,0
2022,27408,2022-04-17,team_0004,team_0002,1,-79.883383724172063,0.43563817255060922,0.24496950578168392,0.31939232166770687,0,0.43563817255060922,0.24496950578168392,1.4066215423811785,0.86186311972307705,79.883383724172063,9,福岡,Ｃ大阪,middle,9,9,0,0,0,0,ESTABLISHED,ESTABLISHED,0,0,1,0,1,0
2022,27342,2022-04-20,team_0003,team_0018,1,7.5433464525044656,0.35449922559717756,0.24384054472063824,0.40166022968218423,2,0.40166022968218423,0.24384054472063824,1.4112407725598488,0.85877776286572483,7.5433464525044656,2,FC東京,名古屋,opening,9,9,0,0,0,0,ESTABLISHED,ESTABLISHED,0,0,1,1,0,1
2022,27411,2022-04-28,team_0007,team_0018,2,-131.74848645906309,0.48419723334957943,0.2416001196058542,0.27420264704456643,0,0.48419723334957943,0.27420264704456643,1.2938878582004234,0.81959937613406431,131.74848645906309,10,磐田,名古屋,middle,10,10,0,0,0,0,RETURNING,ESTABLISHED,1,1,0,0,1,0
2022,27412,2022-04-29,team_0023,team_0026,2,116.00751469398597,0.26126362421123756,0.23074391967313154,0.50799245611563093,2,0.50799245611563093,0.50799245611563093,0.67728868168000078,0.3635728610412407,116.00751469398597,10,札幌,湘南,middle,10,10,0,0,0,0,ESTABLISHED,ESTABLISHED,0,0,1,1,0,0
2022,27413,2022-04-29,team_0025,team_0006,1,-72.143610779123946,0.42837419356792972,0.24522009640336254,0.32640571002870783,0,0.42837419356792972,0.24522009640336254,1.4055991190478758,0.85973784012766841,72.143610779123946,10,清水,広島,middle,10,10,0,0,0,0,ESTABLISHED,ESTABLISHED,0,0,1,0,1,0
2022,27414,2022-04-29,team_0009,team_0029,0,-34.963547434644397,0.39361187869197739,0.24547886407757424,0.36090925723044837,0,0.39361187869197739,0.39361187869197739,0.93238993465583264,0.55822191832692336,34.963547434644397,10,柏,鳥栖,middle,10,10,0,0,0,0,ESTABLISHED,ESTABLISHED,0,0,1,0,1,1
2022,27415,2022-04-29,team_0002,team_0008,0,-123.28708220522117,0.47631134674707171,0.24234535651696013,0.28134329673596814,0,0.47631134674707171,0.47631134674707171,0.74168354876944609,0.41213512798946134,123.28708220522117,10,Ｃ大阪,鹿島,middle,10,10,0,0,0,0,ESTABLISHED,ESTABLISHED,0,0,1,0,1,0
2022,27416,2022-04-29,team_0003,team_0005,2,68.304441385199198,0.30079337282313562,0.23799841145759543,0.46120821571926907,2,0.46120821571926907,0.46120821571926907,0.77390567695736889,0.43741648379907044,68.304441385199198,10,FC東京,Ｇ大阪,middle,10,10,0,0,0,0,ESTABLISHED,ESTABLISHED,0,0,1,1,0,0
2022,27417,2022-04-29,team_0013,team_0004,0,63.631334909406178,0.30480353416960454,0.2385879623319245,0.45660850349847099,2,0.45660850349847099,0.30480353416960454,1.1880878601922336,0.74871366733988531,63.631334909406178,10,京都,福岡,middle,10,10,0,0,0,0,FIRST_TIME_IN_SCOPE,ESTABLISHED,1,0,0,1,0,0
2022,27418,2022-05-03,team_0018,team_0013,1,59.218789622038457,0.30861060885940084,0.23912385812518955,0.45226553301540962,2,0.45226553301540962,0.23912385812518955,1.430773626454493,0.87871712352857934,59.218789622038457,11,名古屋,京都,middle,11,11,0,0,0,0,ESTABLISHED,FIRST_TIME_IN_SCOPE,1,0,0,1,0,0
2022,27419,2022-05-03,team_0006,team_0009,0,45.586514640257974,0.32049269759285098,0.24064995796387584,0.43885734444327323,2,0.43885734444327323,0.32049269759285098,1.1378957873026629,0.71223834506445749,45.586514640257974,11,広島,柏,middle,11,11,0,0,0,0,ESTABLISHED,ESTABLISHED,0,0,1,1,0,0
2022,27420,2022-05-03,team_0008,team_0007,2,234.95357307766517,0.17614460254723341,0.2046315370311918,0.61922386042157473,2,0.61922386042157473,0.61922386042157473,0.47928842317647669,0.21789145542651922,234.95357307766517,11,鹿島,磐田,middle,11,11,0,0,0,0,ESTABLISHED,RETURNING,1,1,0,1,0,0
2022,27421,2022-05-03,team_0026,team_0025,0,-56.264661496071312,0.41349125801517911,0.24552299376575107,0.34098574821906996,0,0.41349125801517911,0.41349125801517911,0.88311890618037714,0.5205453253808332,56.264661496071312,11,湘南,清水,middle,11,11,0,0,0,0,ESTABLISHED,ESTABLISHED,0,0,1,0,1,0
2022,27422,2022-05-03,team_0029,team_0002,1,35.30844324907207,0.32956442470390118,0.24166889638296263,0.4287666789131363,2,0.4287666789131363,0.24166889638296263,1.4201866864258759,0.86751963768964779,35.30844324907207,11,鳥栖,Ｃ大阪,middle,11,11,0,0,0,0,ESTABLISHED,ESTABLISHED,0,0,1,1,0,0
2022,27426,2022-05-03,team_0004,team_0003,2,-87.133370645138029,0.44244413934056664,0.24467416033380104,0.31288170032563245,0,0.44244413934056664,0.31288170032563245,1.1619301141158924,0.72775381891925928,87.133370645138029,11,福岡,FC東京,middle,11,11,0,0,0,0,ESTABLISHED,ESTABLISHED,0,0,1,0,1,0
2022,27423,2022-05-04,team_0005,team_0023,1,-32.663584875945162,0.39147392510934631,0.24544306079912831,0.36308301409152532,0,0.39147392510934631,0.24544306079912831,1.404690290219627,0.85443728365849292,32.663584875945162,11,Ｇ大阪,札幌,middle,11,11,0,0,0,0,ESTABLISHED,ESTABLISHED,0,0,1,0,1,1
2022,27427,2022-05-06,team_0002,team_0007,2,87.934753463000334,0.28420475293736064,0.23527994631432919,0.48051530074831028,2,0.48051530074831028,0.48051530074831028,0.73289620768999675,0.40599334748647836,87.934753463000334,12,Ｃ大阪,磐田,middle,12,12,0,0,0,0,ESTABLISHED,RETURNING,1,1,0,1,0,0
2022,27428,2022-05-07,team_0025,team_0010,0,-329.32257568587829,0.6543570581348237,0.20708074732931997,0.13856219453585633,0,0.6543570581348237,0.6543570581348237,0.42410211605632137,0.18155096093027581,329.32257568587829,12,清水,川崎Ｆ,middle,12,11,0,0,0,0,ESTABLISHED,ESTABLISHED,0,0,1,0,1,0
2022,27429,2022-05-07,team_0006,team_0008,2,-179.27484465884186,0.5279334430220719,0.23609422490167056,0.23597233207625753,0,0.5279334430220719,0.23597233207625753,1.4440407177943275,0.91819248064605219,179.27484465884186,12,広島,鹿島,middle,12,12,0,0,0,0,ESTABLISHED,ESTABLISHED,0,0,1,0,1,0
2022,27430,2022-05-07,team_0033,team_0018,2,120.54407647144626,0.25764885427501572,0.22994296820849691,0.51240817751648737,2,0.51240817751648737,0.51240817751648737,0.66863374984317503,0.3570024860905554,120.54407647144626,12,横浜FM,名古屋,middle,11,12,0,0,0,0,ESTABLISHED,ESTABLISHED,0,0,1,1,0,0
2022,27431,2022-05-07,team_0023,team_0013,2,20.883606334091837,0.34244598101259843,0.24290409362231449,0.41464992536508705,2,0.41464992536508705,0.41464992536508705,0.88032066807990728,0.51890635848525724,20.883606334091837,12,札幌,京都,middle,12,12,0,0,0,0,ESTABLISHED,FIRST_TIME_IN_SCOPE,1,0,0,1,0,0
2022,27432,2022-05-07,team_0004,team_0026,1,117.06355221525882,0.26041978745638966,0.23055910422316936,0.50902110832044101,2,0.50902110832044101,0.23055910422316936,1.4672480319606735,0.91896024650845287,117.06355221525882,12,福岡,湘南,middle,12,12,0,0,0,0,ESTABLISHED,ESTABLISHED,0,0,1,1,0,0
2022,27433,2022-05-08,team_0005,team_0011,2,-52.974784032465777,0.41041316134090583,0.24554999149140419,0.34403684716768995,0,0.41041316134090583,0.34403684716768995,1.0670065134854547,0.65902141919696955,52.974784032465777,12,Ｇ大阪,神戸,middle,12,11,0,0,0,0,ESTABLISHED,ESTABLISHED,0,0,1,0,1,0
2022,27434,2022-05-08,team_0003,team_0029,0,1.9101735530277892,0.35962536538023737,0.24417587875553298,0.3961987558642297,2,0.3961987558642297,0.35962536538023737,1.0226924411075005,0.62667498657879472,1.9101735530277892,12,FC東京,鳥栖,middle,12,12,0,0,0,0,ESTABLISHED,ESTABLISHED,0,0,1,1,0,1
2022,27435,2022-05-08,team_0009,team_0030,1,-33.337104933008277,0.39209980025610652,0.24545417271775591,0.36244602702613749,0,0.39209980025610652,0.24545417271775591,1.4046450183465309,0.85444878133695634,33.337104933008277,12,柏,浦和,middle,12,11,0,0,0,0,ESTABLISHED,ESTABLISHED,0,0,1,0,1,1
2022,27436,2022-05-13,team_0030,team_0006,1,25.206793088554377,0.33856793015376574,0.24255800541191769,0.41887406443431668,2,0.41887406443431668,0.24255800541191769,1.4165143996328597,0.8638021003499019,25.206793088554377,13,浦和,広島,middle,12,13,0,0,0,0,ESTABLISHED,ESTABLISHED,0,0,1,1,0,0
2022,27437,2022-05-14,team_0007,team_0003,2,-92.301319691455319,0.4472949967278213,0.2444281114261945,0.30827689184598428,0,0.4472949967278213,0.30827689184598428,1.1767569003666367,0.73829877410736988,92.301319691455319,13,磐田,FC東京,middle,13,13,0,0,0,0,RETURNING,ESTABLISHED,1,1,0,0,1,0
2022,27438,2022-05-14,team_0018,team_0002,2,1.2610881332543613,0.3602173254425578,0.24421221209334032,0.39557046246410177,2,0.39557046246410177,0.39557046246410177,0.92742634717762829,0.55473119193037201,1.2610881332543613,13,名古屋,Ｃ大阪,middle,13,13,0,0,0,0,ESTABLISHED,ESTABLISHED,0,0,1,1,0,1
2022,27439,2022-05-14,team_0013,team_0025,1,35.616159734933262,0.32929148703420486,0.24164005584283724,0.42906845712295782,2,0.42906845712295782,0.24164005584283724,1.4203060326123134,0.86764242923312851,35.616159734933262,13,京都,清水,middle,13,13,0,0,0,0,FIRST_TIME_IN_SCOPE,ESTABLISHED,1,0,0,1,0,0
2022,27440,2022-05-14,team_0008,team_0023,2,139.07520562547597,0.24316584774207589,0.22648639354897665,0.53034775870894746,2,0.53034775870894746,0.53034775870894746,0.63422233909983572,0.33099894372065342,139.07520562547597,13,鹿島,札幌,middle,13,13,0,0,0,0,ESTABLISHED,ESTABLISHED,0,0,1,1,0,0
2022,27441,2022-05-14,team_0011,team_0029,2,-51.798497913031952,0.40931317979425291,0.24555665336949545,0.34513016683625164,0,0.40931317979425291,0.34513016683625164,1.0638336379311639,0.65668984755522453,51.798497913031952,13,神戸,鳥栖,middle,12,13,0,0,0,0,ESTABLISHED,ESTABLISHED,0,0,1,0,1,0
2022,27442,2022-05-14,team_0010,team_0004,2,327.43040143152825,0.12486248892735248,0.17951235184238748,0.69562515923026003,2,0.69562515923026003,0.69562515923026003,0.36294432804991367,0.14045936929872288,327.43040143152825,13,川崎Ｆ,福岡,middle,12,13,0,0,0,0,ESTABLISHED,ESTABLISHED,0,0,1,1,0,0
2022,27443,2022-05-14,team_0026,team_0033,0,-286.81542406137805,0.62084811497404047,0.216698186924518,0.16245369810144158,0,0.62084811497404047,0.62084811497404047,0.47666880832581121,0.2171054601619461,286.81542406137805,13,湘南,横浜FM,middle,13,12,0,0,0,0,ESTABLISHED,ESTABLISHED,0,0,1,0,1,0
2022,27444,2022-05-14,team_0009,team_0005,0,12.15212494319303,0.35032089436627672,0.24353957834446679,0.40613952728925645,2,0.40613952728925645,0.35032089436627672,1.0489057034942035,0.64634378214397592,12.15212494319303,13,柏,Ｇ大阪,middle,13,13,0,0,0,0,ESTABLISHED,ESTABLISHED,0,0,1,1,0,0
2022,27424,2022-05-18,team_0011,team_0010,0,-275.92755065815322,0.61194070291292924,0.21901648984511585,0.16904280724195495,0,0.61194070291292924,0.61194070291292924,0.49111989182916299,0.22713371156002793,275.92755065815322,11,神戸,川崎Ｆ,middle,13,13,0,0,0,0,ESTABLISHED,ESTABLISHED,0,0,1,0,1,0
2022,27425,2022-05-18,team_0030,team_0033,1,-141.29445856891084,0.49306491505201844,0.24067139482310718,0.26626369012487433,0,0.49306491505201844,0.24067139482310718,1.4243227828710094,0.89058929377405482,141.29445856891084,11,浦和,横浜FM,middle,13,13,0,0,0,0,ESTABLISHED,ESTABLISHED,0,0,1,0,1,0
2022,27445,2022-05-21,team_0006,team_0013,2,41.650008010508145,0.32395612720933298,0.2410537212910262,0.43499015149964082,2,0.43499015149964082,0.43499015149964082,0.83243188838045756,0.48229059780712014,41.650008010508145,14,広島,京都,middle,14,14,0,0,0,0,ESTABLISHED,FIRST_TIME_IN_SCOPE,1,0,0,1,0,0
2022,27446,2022-05-21,team_0025,team_0018,0,-79.77382815494002,0.43553533150659501,0.24497352031928515,0.31949114817411983,0,0.43553533150659501,0.43553533150659501,0.83117935737735305,0.48070698139661017,79.77382815494002,14,清水,名古屋,middle,14,14,0,0,0,0,ESTABLISHED,ESTABLISHED,0,0,1,0,1,0
2022,27447,2022-05-21,team_0002,team_0005,2,18.823864249447752,0.34429863875701144,0.2430616775307877,0.41263968371220078,2,0.41263968371220078,0.41263968371220078,0.88518050334755249,0.52261267288371516,18.823864249447752,14,Ｃ大阪,Ｇ大阪,middle,14,14,0,0,0,0,ESTABLISHED,ESTABLISHED,0,0,1,1,0,0
2022,27448,2022-05-21,team_0003,team_0009,1,41.459709043597513,0.32412390923031892,0.24107281646828446,0.43480327430139659,2,0.43480327430139659,0.24107281646828446,1.4226562481055656,0.87008066578134169,41.459709043597513,14,FC東京,柏,middle,14,14,0,0,0,0,ESTABLISHED,ESTABLISHED,0,0,1,1,0,0
2022,27449,2022-05-21,team_0026,team_0011,2,-149.1297691417758,0.50031664121122577,0.23984078642708725,0.25984257236168706,0,0.50031664121122577,0.25984257236168706,1.3476793222668511,0.85567336199501054,149.1297691417758,14,湘南,神戸,middle,14,14,0,0,0,0,ESTABLISHED,ESTABLISHED,0,0,1,0,1,0
2022,27450,2022-05-21,team_0030,team_0008,1,-137.17504970084724,0.48924232698995046,0.24108349131525469,0.2696741816947949,0,0.48924232698995046,0.24108349131525469,1.4226119684941629,0.88803648594554208,137.17504970084724,14,浦和,鹿島,middle,14,14,0,0,0,0,ESTABLISHED,ESTABLISHED,0,0,1,0,1,0
2022,27451,2022-05-21,team_0004,team_0033,2,-203.69549438003014,0.54989427352752351,0.23245720163507008,0.21764852483740643,0,0.54989427352752351,0.21764852483740643,1.5248737886892874,0.96849389333945668,203.69549438003014,14,福岡,横浜FM,middle,14,14,0,0,0,0,ESTABLISHED,ESTABLISHED,0,0,1,0,1,0
2022,27453,2022-05-21,team_0029,team_0010,1,-254.67670103855039,0.59419807814362358,0.22334101044761373,0.18246091140876255,0,0.59419807814362358,0.22334101044761373,1.4990554807174776,0.98956252631422592,254.67670103855039,14,鳥栖,川崎Ｆ,middle,14,14,0,0,0,0,ESTABLISHED,ESTABLISHED,0,0,1,0,1,0
2022,27452,2022-05-22,team_0007,team_0023,0,-75.561032686920726,0.43158109905438657,0.24511772240267465,0.32330117854293872,0,0.43158109905438657,0.43158109905438657,0.84029983929483865,0.48770639683534689,75.561032686920726,14,磐田,札幌,middle,14,14,0,0,0,0,RETURNING,ESTABLISHED,1,1,0,0,1,0
2022,27454,2022-05-25,team_0008,team_0029,1,108.2533262706479,0.26750327407665275,0.2320701761025056,0.50042654982084167,2,0.50042654982084167,0.2320701761025056,1.460715469854192,0.91170094783855693,108.2533262706479,15,鹿島,鳥栖,middle,15,15,0,0,0,0,ESTABLISHED,ESTABLISHED,0,0,1,1,0,0
2022,27456,2022-05-25,team_0002,team_0030,2,2.3980292294761512,0.35918061860468659,0.24414825641623092,0.39667112497908241,2,0.39667112497908241,0.39667112497908241,0.92464774216476886,0.552624819326337,2.3980292294761512,15,Ｃ大阪,浦和,middle,15,15,0,0,0,0,ESTABLISHED,ESTABLISHED,0,0,1,1,0,1
2022,27457,2022-05-25,team_0018,team_0004,2,72.867781501861373,0.29689951582803698,0.23740107718033635,0.46569940699162676,2,0.46569940699162676,0.46569940699162676,0.76421490236453948,0.42998571763440613,72.867781501861373,15,名古屋,福岡,middle,15,15,0,0,0,0,ESTABLISHED,ESTABLISHED,0,0,1,1,0,0
2022,27458,2022-05-25,team_0023,team_0009,0,58.591711907924491,0.30915322877479356,0.23919836603282976,0.45164840519237665,2,0.45164840519237665,0.30915322877479356,1.1739182389926557,0.73847140153788549,58.591711907924491,15,札幌,柏,middle,15,15,0,0,0,0,ESTABLISHED,ESTABLISHED,0,0,1,1,0,0
2022,27459,2022-05-25,team_0010,team_0026,0,429.31365846946755,0.082847013685472037,0.15063057355100895,0.76652241276351896,2,0.76652241276351896,0.082847013685472037,2.4907595805935707,1.4514157792627693,429.31365846946755,15,川崎Ｆ,湘南,middle,15,15,0,0,0,0,ESTABLISHED,ESTABLISHED,0,0,1,1,0,0
2022,27460,2022-05-25,team_0033,team_0013,2,184.46385379120329,0.20972522388709633,0.2168798695343428,0.57339490657856096,2,0.57339490657856096,0.57339490657856096,0.55618060841403472,0.273013453076841,184.46385379120329,15,横浜FM,京都,middle,15,15,0,0,0,0,ESTABLISHED,FIRST_TIME_IN_SCOPE,1,0,0,1,0,0
2022,27461,2022-05-25,team_0025,team_0003,0,-63.289875593680108,0.42007125275540091,0.24542417229060773,0.33450457495399144,0,0.42007125275540091,0.42007125275540091,0.86733093267593697,0.50844368689037056,63.289875593680108,15,清水,FC東京,middle,15,15,0,0,0,0,ESTABLISHED,ESTABLISHED,0,0,1,0,1,0
2022,27462,2022-05-25,team_0011,team_0007,1,75.603010144138352,0.29457626463429842,0.23703288873943221,0.46839084662626934,2,0.46839084662626934,0.23703288873943221,1.4395563764223611,0.88828397375446522,75.603010144138352,15,神戸,磐田,middle,15,15,0,0,0,0,ESTABLISHED,RETURNING,1,1,0,1,0,0
2022,27463,2022-05-28,team_0006,team_0018,2,-36.874259829729453,0.39538945162156486,0.24550400124261762,0.35910654713581752,0,0.39538945162156486,0.35910654713581752,1.0241361458477487,0.62734945100391115,36.874259829729453,16,広島,名古屋,middle,15,16,0,0,0,0,ESTABLISHED,ESTABLISHED,0,0,1,0,1,1
2022,27464,2022-05-28,team_0004,team_0030,1,-39.500913339712042,0.39783512800037452,0.24553173498826991,0.35663313701135552,0,0.39783512800037452,0.24553173498826991,1.4043290733471252,0.85468234639544471,39.500913339712042,16,福岡,浦和,middle,16,16,0,0,0,0,ESTABLISHED,ESTABLISHED,0,0,1,0,1,1
2022,27465,2022-05-29,team_0013,team_0010,2,-309.22891932483412,0.63877433429759733,0.21173074614694351,0.14949491955545929,0,0.63877433429759733,0.14949491955545929,1.9004928696354548,1.1762214508832547,309.22891932483412,16,京都,川崎Ｆ,middle,16,16,0,0,0,0,FIRST_TIME_IN_SCOPE,ESTABLISHED,1,0,0,0,1,0
2022,27466,2022-05-29,team_0011,team_0023,2,-23.785241464833916,0.38324045149910657,0.24524801738661264,0.37151153111428081,0,0.38324045149910657,0.37151153111428081,0.99017537596745797,0.6020175892196189,23.785241464833916,16,神戸,札幌,middle,16,16,0,0,0,0,ESTABLISHED,ESTABLISHED,0,0,1,0,1,1
2022,27467,2022-05-29,team_0003,team_0008,2,-133.95350889290648,0.48624850041652457,0.24139381125499343,0.27235768832848201,0,0.48624850041652457,0.27235768832848201,1.3006390459622026,0.82417191000420087,133.95350889290648,16,FC東京,鹿島,middle,16,16,0,0,0,0,ESTABLISHED,ESTABLISHED,0,0,1,0,1,0
2022,27468,2022-05-29,team_0026,team_0002,0,-130.46337662261135,0.48300097752172949,0.24171806250395608,0.27528095997431423,0,0.48300097752172949,0.48300097752172949,0.72773660147709995,0.40149521790853371,130.46337662261135,16,湘南,Ｃ大阪,middle,16,16,0,0,0,0,ESTABLISHED,ESTABLISHED,0,0,1,0,1,0
2022,27469,2022-05-29,team_0009,team_0025,2,81.887986252213295,0.28926899827735775,0.23615835730235418,0.4745726444202879,2,0.4745726444202879,0.4745726444202879,0.74534057587410996,0.41552122907962163,81.887986252213295,16,柏,清水,middle,16,16,0,0,0,0,ESTABLISHED,ESTABLISHED,0,0,1,1,0,0
2022,27470,2022-05-29,team_0007,team_0033,0,-227.15157287488546,0.57056157453100986,0.22850166892763998,0.20093675654135013,0,0.57056157453100986,0.57056157453100986,0.56113418468727361,0.27700595410136003,227.15157287488546,16,磐田,横浜FM,middle,16,16,0,0,0,0,RETURNING,ESTABLISHED,1,1,0,0,1,0
2022,27471,2022-05-29,team_0029,team_0005,2,73.496222139487145,0.29636501467951049,0.23731715341919699,0.46631783190129245,2,0.46631783190129245,0.46631783190129245,0.76288783463527787,0.42896830977951439,73.496222139487145,16,鳥栖,Ｇ大阪,middle,16,15,0,0,0,0,ESTABLISHED,ESTABLISHED,0,0,1,1,0,0
2022,27472,2022-06-18,team_0008,team_0013,2,154.8231267943404,0.2312279968779388,0.22332733810267008,0.54544466501939115,2,0.54544466501939115,0.54544466501939115,0.60615391786549466,0.30996203904354191,154.8231267943404,17,鹿島,京都,middle,17,17,0,0,0,0,ESTABLISHED,FIRST_TIME_IN_SCOPE,1,0,0,1,0,0
2022,27473,2022-06-18,team_0026,team_0003,2,-146.65733635155493,0.49803118588752343,0.24010945533440212,0.26185935877807459,0,0.49803118588752343,0.26185935877807459,1.3399477179059336,0.85053921888103123,146.65733635155493,17,湘南,FC東京,middle,17,17,0,0,0,0,ESTABLISHED,ESTABLISHED,0,0,1,0,1,0
2022,27474,2022-06-18,team_0025,team_0004,2,-58.78226104379155,0.4158482879203062,0.24549401948005686,0.33865769259963707,0,0.4158482879203062,0.33865769259963707,1.082765438092322,0.67057075972436053,58.78226104379155,17,清水,福岡,middle,17,17,0,0,0,0,ESTABLISHED,ESTABLISHED,0,0,1,0,1,0
2022,27475,2022-06-18,team_0007,team_0029,2,-155.01987716439726,0.50575008908288455,0.23917661191499445,0.25507329900212106,0,0.50575008908288455,0.25507329900212106,1.3662043280615626,0.86790439415406484,155.01987716439726,17,磐田,鳥栖,middle,17,17,0,0,0,0,RETURNING,ESTABLISHED,1,1,0,0,1,0
2022,27476,2022-06-18,team_0030,team_0018,2,-30.079831623494101,0.3890745511009126,0.24539561354013018,0.36552983535895722,0,0.3890745511009126,0.36552983535895722,1.0064073742346844,0.61415040327874548,30.079831623494101,17,浦和,名古屋,middle,17,17,0,0,0,0,ESTABLISHED,ESTABLISHED,0,0,1,0,1,1
2022,27477,2022-06-18,team_0009,team_0011,2,9.5025342849114622,0.35272125751236361,0.24371552460403623,0.40356321788360022,2,0.40356321788360022,0.40356321788360022,0.90742212973105807,0.5395463774954895,9.5025342849114622,17,柏,神戸,middle,17,17,0,0,0,0,ESTABLISHED,ESTABLISHED,0,0,1,1,0,0
2022,27478,2022-06-18,team_0010,team_0023,2,252.66403328461479,0.16529969712312934,0.2000329338760701,0.63466736900080056,2,0.63466736900080056,0.63466736900080056,0.45465424568063995,0.20080509577686373,252.66403328461479,17,川崎Ｆ,札幌,middle,17,17,0,0,0,0,ESTABLISHED,ESTABLISHED,0,0,1,1,0,0
2022,27479,2022-06-18,team_0005,team_0033,0,-182.73993580496108,0.53107425546243348,0.23560975301233136,0.23331599152523508,0,0.53107425546243348,0.53107425546243348,0.63285342672146749,0.32983966150604643,182.73993580496108,17,Ｇ大阪,横浜FM,middle,16,17,0,0,0,0,ESTABLISHED,ESTABLISHED,0,0,1,0,1,0
2022,27480,2022-06-18,team_0006,team_0002,2,-17.757940430318968,0.37767045037398705,0.2450641777390922,0.37726537188692078,0,0.37767045037398705,0.37726537188692078,0.97480643494915953,0.59048983734776272,17.757940430318968,17,広島,Ｃ大阪,middle,16,17,0,0,0,0,ESTABLISHED,ESTABLISHED,0,0,1,0,1,1
2022,27481,2022-06-25,team_0033,team_0009,2,171.44631591451457,0.21901013400252375,0.21978784228412246,0.56120202371335381,2,0.56120202371335381,0.56120202371335381,0.57767432471372959,0.28881579840496985,171.44631591451457,18,横浜FM,柏,middle,18,18,0,0,0,0,ESTABLISHED,ESTABLISHED,0,0,1,1,0,0
2022,27482,2022-06-25,team_0010,team_0007,1,325.65042872323716,0.12572654922924378,0.18001462423441697,0.6942588265363393,2,0.6942588265363393,0.18001462423441697,1.7147171856454226,1.1701784998741327,325.65042872323716,18,川崎Ｆ,磐田,middle,18,18,0,0,0,0,ESTABLISHED,RETURNING,1,1,0,1,0,0
2022,27483,2022-06-25,team_0004,team_0006,0,-81.312863711565114,0.43698007031134456,0.24491589777716541,0.31810403191149006,0,0.43698007031134456,0.43698007031134456,0.82786769062138188,0.47816541332895973,81.312863711565114,18,福岡,広島,middle,18,17,0,0,0,0,ESTABLISHED,ESTABLISHED,0,0,1,0,1,0
2022,27484,2022-06-26,team_0023,team_0005,2,27.133947326718044,0.33684389384769814,0.24239705691905117,0.42075904923325075,2,0.42075904923325075,0.42075904923325075,0.86569493875509695,0.50774022107066474,27.133947326718044,18,札幌,Ｇ大阪,middle,18,17,0,0,0,0,ESTABLISHED,ESTABLISHED,0,0,1,1,0,0
2022,27485,2022-06-26,team_0018,team_0008,1,-102.3891109420199,0.45675826387350787,0.24386347443464207,0.29937826169185011,0,0.45675826387350787,0.24386347443464207,1.4111467412903898,0.86999790048442605,102.3891109420199,18,名古屋,鹿島,middle,18,18,0,0,0,0,ESTABLISHED,ESTABLISHED,0,0,1,0,1,0
2022,27486,2022-06-26,team_0002,team_0025,1,120.25035881557619,0.25788208215505198,0.22999537700001754,0.51212254084493058,2,0.51212254084493058,0.22999537700001754,1.469696070260873,0.92167978457943756,120.25035881557619,18,Ｃ大阪,清水,middle,18,18,0,0,0,0,ESTABLISHED,ESTABLISHED,0,0,1,1,0,0
2022,27487,2022-06-26,team_0011,team_0030,0,-42.6915498986084,0.40080894502215209,0.24555480360041063,0.35363625137743721,0,0.40080894502215209,0.40080894502215209,0.91427041154098199,0.54438568022498846,42.6915498986084,18,神戸,浦和,middle,18,18,0,0,0,0,ESTABLISHED,ESTABLISHED,0,0,1,0,1,1
2022,27488,2022-06-26,team_0013,team_0026,0,81.628542660862422,0.28948721293546575,0.23619523841463549,0.47431754864989867,2,0.47431754864989867,0.28948721293546575,1.2396441524248438,0.78559374818920769,81.628542660862422,18,京都,湘南,middle,18,18,0,0,0,0,FIRST_TIME_IN_SCOPE,ESTABLISHED,1,0,0,1,0,0
2022,27489,2022-06-26,team_0029,team_0003,2,38.070228055219332,0.32711768508374028,0.2414063559968927,0.43147595891936696,2,0.43147595891936696,0.43147595891936696,0.84054348514552335,0.48850259389689688,38.070228055219332,18,鳥栖,FC東京,middle,18,18,0,0,0,0,ESTABLISHED,ESTABLISHED,0,0,1,1,0,0
2022,27455,2022-06-29,team_0005,team_0006,2,-95.916833541989263,0.45068776988973108,0.24423851659271553,0.30507371351755347,0,0.45068776988973108,0.30507371351755347,1.1872018479114077,0.74569446255987282,95.916833541989263,15,Ｇ大阪,広島,middle,18,18,0,0,0,0,ESTABLISHED,ESTABLISHED,0,0,1,0,1,0
2022,27490,2022-07-02,team_0003,team_0004,1,71.167139181930906,0.2983480704156608,0.237626172876925,0.46402575670741425,2,0.46402575670741425,0.237626172876925,1.4370565423543731,0.88554532629092075,71.167139181930906,19,FC東京,福岡,middle,19,19,0,0,0,0,ESTABLISHED,ESTABLISHED,0,0,1,1,0,0
2022,27491,2022-07-02,team_0009,team_0008,0,-138.76220626078612,0.49071589306934899,0.24092673990399768,0.26835736702665325,0,0.49071589306934899,0.49071589306934899,0.71188994784475157,0.38943167201039725,138.76220626078612,19,柏,鹿島,middle,19,19,0,0,0,0,ESTABLISHED,ESTABLISHED,0,0,1,0,1,0
2022,27492,2022-07-02,team_0006,team_0007,2,104.86216599376667,0.27025585860734935,0.23263291853915663,0.49711122285349385,2,0.49711122285349385,0.49711122285349385,0.69894148948479207,0.38005342607954984,104.86216599376667,19,広島,磐田,middle,19,19,0,0,0,0,ESTABLISHED,RETURNING,1,1,0,1,0,0
2022,27493,2022-07-02,team_0025,team_0033,0,-255.24648278093014,0.59467975470368895,0.22322873525484418,0.18209151004146687,0,0.59467975470368895,0.59467975470368895,0.51973224572162013,0.24727288751972068,255.24648278093014,19,清水,横浜FM,middle,19,19,0,0,0,0,ESTABLISHED,ESTABLISHED,0,0,1,0,1,0
2022,27494,2022-07-02,team_0005,team_0030,1,-74.348002277063188,0.43044269581413602,0.24515556067854688,0.32440174350731704,0,0.43044269581413602,0.24515556067854688,1.4058623283824185,0.86030753314484676,74.348002277063188,19,Ｇ大阪,浦和,middle,19,19,0,0,0,0,ESTABLISHED,ESTABLISHED,0,0,1,0,1,0
2022,27495,2022-07-02,team_0002,team_0010,2,-211.16345454985458,0.55652283914874234,0.23124491659424279,0.21223224425701487,0,0.55652283914874234,0.21223224425701487,1.5500741121449966,0.98376991893319476,211.16345454985458,19,Ｃ大阪,川崎Ｆ,middle,19,19,0,0,0,0,ESTABLISHED,ESTABLISHED,0,0,1,0,1,0
2022,27496,2022-07-02,team_0026,team_0018,1,-114.36366503917293,0.46797339009809574,0.24305037323005976,0.28897623667184447,0,0.46797339009809574,0.24305037323005976,1.414486559881649,0.87547909666807811,114.36366503917293,19,湘南,名古屋,middle,19,19,0,0,0,0,ESTABLISHED,ESTABLISHED,0,0,1,0,1,0
2022,27497,2022-07-02,team_0013,team_0023,2,-48.634798408119195,0.40635635889251992,0.24556674398958592,0.34807689711789419,0,0.40635635889251992,0.34807689711789419,1.0553318548880757,0.65043224823746593,48.634798408119195,19,京都,札幌,middle,19,19,0,0,0,0,FIRST_TIME_IN_SCOPE,ESTABLISHED,1,0,0,0,1,0
2022,27498,2022-07-02,team_0029,team_0011,0,97.152131037580375,0.27656668534567702,0.23387242590957519,0.48956088874474779,2,0.48956088874474779,0.27656668534567702,1.2853033104411025,0.81772193614111788,97.152131037580375,19,鳥栖,神戸,middle,19,19,0,0,0,0,ESTABLISHED,ESTABLISHED,0,0,1,1,0,0
2022,27499,2022-07-06,team_0008,team_0002,1,115.8559926297437,0.26138481709435962,0.2307703555647253,0.50784482734091507,2,0.50784482734091507,0.2307703555647253,1.4663321946914958,0.91794263714239466,115.8559926297437,20,鹿島,Ｃ大阪,middle,20,20,0,0,0,0,ESTABLISHED,ESTABLISHED,0,0,1,1,0,0
2022,27500,2022-07-06,team_0009,team_0018,0,-49.343565622388724,0.40701856169337486,0.24556547576874044,0.34741596253788465,0,0.40701856169337486,0.40701856169337486,0.89889648845324166,0.53262724009184659,49.343565622388724,20,柏,名古屋,middle,20,20,0,0,0,0,ESTABLISHED,ESTABLISHED,0,0,1,0,1,0
2022,27501,2022-07-06,team_0003,team_0023,2,7.0835975892966871,0.35491682011468439,0.24386925572809756,0.40121392415721813,2,0.40121392415721813,0.40121392415721813,0.91326051722238277,0.54398292771289325,7.0835975892966871,20,FC東京,札幌,middle,20,20,0,0,0,0,ESTABLISHED,ESTABLISHED,0,0,1,1,0,1
2022,27503,2022-07-06,team_0033,team_0006,2,145.1353441163501,0.23853084389430365,0.22529399360005789,0.53617516250563857,2,0.53617516250563857,0.53617516250563857,0.62329437557795064,0.32278782691786234,145.1353441163501,20,横浜FM,広島,middle,20,20,0,0,0,0,ESTABLISHED,ESTABLISHED,0,0,1,1,0,0
2022,27504,2022-07-06,team_0007,team_0004,0,-11.433414318486712,0.37184474517474336,0.24482661583879817,0.38332863898645841,2,0.38332863898645841,0.37184474517474336,0.98927886350523997,0.60145994145487225,11.433414318486712,20,磐田,福岡,middle,20,20,0,0,0,0,RETURNING,ESTABLISHED,1,1,0,1,0,1
2022,27505,2022-07-06,team_0030,team_0013,1,87.666265751333412,0.28442872745849118,0.23531971156016784,0.48025156098134097,2,0.48025156098134097,0.23531971156016784,1.4468102147210888,0.89627720635709629,87.666265751333412,20,浦和,京都,middle,20,20,0,0,0,0,ESTABLISHED,FIRST_TIME_IN_SCOPE,1,0,0,1,0,0
2022,27506,2022-07-06,team_0026,team_0005,2,-50.005915179907106,0.40763751171966162,0.24556377250635231,0.34679871577398613,0,0.40763751171966162,0.34679871577398613,1.0590107371564643,0.65314182504306251,50.005915179907106,20,湘南,Ｇ大阪,middle,20,20,0,0,0,0,ESTABLISHED,ESTABLISHED,0,0,1,0,1,0
2022,27507,2022-07-06,team_0011,team_0025,2,71.252540006481922,0.29827525492018536,0.23761493951674742,0.46410980556306725,2,0.46410980556306725,0.46410980556306725,0.76763410483265371,0.43260728767290269,71.252540006481922,20,神戸,清水,middle,20,20,0,0,0,0,ESTABLISHED,ESTABLISHED,0,0,1,1,0,0
2022,27508,2022-07-09,team_0010,team_0005,2,264.09838079874817,0.15855753965081851,0.19699756951685077,0.6444448908323307,2,0.6444448908323307,0.6444448908323307,0.43936596711322767,0.19036797143090056,264.09838079874817,21,川崎Ｆ,Ｇ大阪,middle,20,21,0,0,0,0,ESTABLISHED,ESTABLISHED,0,0,1,1,0,0
2022,27509,2022-07-09,team_0007,team_0011,0,-80.232700538845393,0.43596608248115726,0.24495661608317934,0.31907730143566349,0,0.43596608248115726,0.43596608248115726,0.83019083113350411,0.47994832816603999,80.232700538845393,21,磐田,神戸,middle,21,21,0,0,0,0,RETURNING,ESTABLISHED,1,1,0,0,1,0
2022,27510,2022-07-10,team_0018,team_0025,0,147.04419146846317,0.23708146694868665,0.22491230716577451,0.53800622588553881,2,0.53800622588553881,0.23708146694868665,1.4393514545133674,0.92208093307940087,147.04419146846317,21,名古屋,清水,middle,21,21,0,0,0,0,ESTABLISHED,ESTABLISHED,0,0,1,1,0,0
2022,27511,2022-07-10,team_0006,team_0026,1,117.93072171833614,0.25972794313349579,0.23040659900997312,0.50986545785653103,2,0.50986545785653103,0.23040659900997312,1.4679097090342201,0.91969539240700282,117.93072171833614,21,広島,湘南,middle,21,21,0,0,0,0,ESTABLISHED,ESTABLISHED,0,0,1,1,0,0
2022,27512,2022-07-10,team_0030,team_0003,2,34.125361894638445,0.33061453926220952,0.24177881684570204,0.42760664389208852,2,0.42760664389208852,0.42760664389208852,0.84955156231844553,0.49539712396334906,34.125361894638445,21,浦和,FC東京,middle,21,21,0,0,0,0,ESTABLISHED,ESTABLISHED,0,0,1,1,0,0
2022,27513,2022-07-10,team_0002,team_0033,1,-144.6021597019992,0.49612941463137872,0.24032818470253473,0.26354240066608647,0,0.49612941463137872,0.24032818470253473,1.4257498534691062,0.89270025996866476,144.6021597019992,21,Ｃ大阪,横浜FM,middle,21,21,0,0,0,0,ESTABLISHED,ESTABLISHED,0,0,1,0,1,0
2022,27514,2022-07-10,team_0004,team_0013,2,-4.7002861299708911,0.36566602404638893,0.24452356030320577,0.38981041565040531,2,0.38981041565040531,0.38981041565040531,0.9420947717669319,0.56583474153398094,4.7002861299708911,21,福岡,京都,middle,21,21,0,0,0,0,ESTABLISHED,FIRST_TIME_IN_SCOPE,1,0,0,1,0,1
2022,27515,2022-07-10,team_0029,team_0009,0,67.317743688419796,0.3016382047002017,0.23812476605220931,0.46023702924758891,2,0.46023702924758891,0.3016382047002017,1.1985269774615781,0.75623072443242267,67.317743688419796,21,鳥栖,柏,middle,20,21,0,0,0,0,ESTABLISHED,ESTABLISHED,0,0,1,1,0,0
2022,27516,2022-07-10,team_0023,team_0008,1,-165.37370209290816,0.51525958632246416,0.23792812568447511,0.24681228799306071,0,0.51525958632246416,0.23792812568447511,1.435786643842081,0.90716228842434377,165.37370209290816,21,札幌,鹿島,middle,21,21,0,0,0,0,ESTABLISHED,ESTABLISHED,0,0,1,0,1,0
2022,27518,2022-07-16,team_0008,team_0011,1,137.58310081588274,0.24431483575893922,0.22677540157317694,0.52890976266788381,2,0.52890976266788381,0.22677540157317694,1.4837951716826665,0.93731155562963653,137.58310081588274,22,鹿島,神戸,middle,22,22,0,0,0,0,ESTABLISHED,ESTABLISHED,0,0,1,1,0,0
2022,27520,2022-07-16,team_0025,team_0030,0,-111.51243884308519,0.46530535883393243,0.24325789881500948,0.29143674235105815,0,0.46530535883393243,0.46530535883393243,0.76506140325409178,0.43000813941980021,111.51243884308519,22,清水,浦和,middle,22,22,0,0,0,0,ESTABLISHED,ESTABLISHED,0,0,1,0,1,0
2022,27522,2022-07-16,team_0009,team_0023,2,8.014647428588205,0.35407128390056591,0.2438108649536187,0.4021178511458155,2,0.4021178511458155,0.4021178511458155,0.91101007127244693,0.54227327587092411,8.014647428588205,22,柏,札幌,middle,22,22,0,0,0,0,ESTABLISHED,ESTABLISHED,0,0,1,1,0,1
2022,27523,2022-07-16,team_0026,team_0004,1,-38.071967138271248,0.39650434877462204,0.2455176268765355,0.35797802434884246,0,0.39650434877462204,0.2455176268765355,1.4043865344206299,0.85460761586790224,38.071967138271248,22,湘南,福岡,middle,22,22,0,0,0,0,ESTABLISHED,ESTABLISHED,0,0,1,0,1,1
2022,27524,2022-07-16,team_0005,team_0002,0,-97.219980037827327,0.45191037396215161,0.24416667293399075,0.30392295310385764,0,0.45191037396215161,0.45191037396215161,0.7942714065058647,0.45238876376533255,97.219980037827327,22,Ｇ大阪,Ｃ大阪,middle,22,22,0,0,0,0,ESTABLISHED,ESTABLISHED,0,0,1,0,1,0
2022,27525,2022-07-16,team_0029,team_0033,1,-189.1232591140033,0.53683960483059778,0.23468944574319428,0.22847094942620799,0,0.53683960483059778,0.23468944574319428,1.4494921462748003,0.92609598050324449,189.1232591140033,22,鳥栖,横浜FM,middle,21,22,0,0,0,0,ESTABLISHED,ESTABLISHED,0,0,1,0,1,0
2022,27519,2022-07-17,team_0003,team_0007,2,105.74686516505358,0.26953637522733559,0.23248713303994376,0.49797649173272068,2,0.49797649173272068,0.49797649173272068,0.69720240842767456,0.37872772745281058,105.74686516505358,22,FC東京,磐田,middle,22,22,0,0,0,0,ESTABLISHED,RETURNING,1,1,0,1,0,0
2022,27521,2022-07-17,team_0013,team_0006,1,-70.904338533120608,0.42721149452379586,0.24525397968177776,0.32753452579442627,0,0.42721149452379586,0.24525397968177776,1.4054609536274336,0.85943008182682923,70.904338533120608,22,京都,広島,middle,22,22,0,0,0,0,FIRST_TIME_IN_SCOPE,ESTABLISHED,1,0,0,0,1,0
2022,27526,2022-07-30,team_0023,team_0018,1,-55.536731236182504,0.41280998876661401,0.24553002849303582,0.34165998274035014,0,0.41280998876661401,0.24553002849303582,1.4043360235735978,0.85636856853734766,55.536731236182504,23,札幌,名古屋,middle,23,22,0,0,0,0,ESTABLISHED,ESTABLISHED,0,0,1,0,1,0
2022,27527,2022-07-30,team_0030,team_0010,2,-158.63405372638681,0.50907580191713953,0.238752431307444,0.25217176677541658,0,0.50907580191713953,0.25217176677541658,1.3776448094759985,0.87540796196059634,158.63405372638681,23,浦和,川崎Ｆ,middle,23,21,0,0,0,0,ESTABLISHED,ESTABLISHED,0,0,1,0,1,0
2022,27528,2022-07-30,team_0033,team_0008,2,60.301387994634979,0.30767474351269974,0.23899425797018697,0.45333099851711334,2,0.45333099851711334,0.45333099851711334,0.79113273926330907,0.4506290003206222,60.301387994634979,23,横浜FM,鹿島,middle,23,23,0,0,0,0,ESTABLISHED,ESTABLISHED,0,0,1,1,0,0
2022,27529,2022-07-30,team_0005,team_0013,1,-22.515397003885255,0.38206556556381005,0.24521274234357826,0.37272169209261158,0,0.38206556556381005,0.24521274234357826,1.4056291091268582,0.85459936046647522,22.515397003885255,23,Ｇ大阪,京都,middle,23,23,0,0,0,0,ESTABLISHED,FIRST_TIME_IN_SCOPE,1,0,0,0,1,1
2022,27530,2022-07-30,team_0002,team_0004,2,89.653461437436363,0.28277296973130323,0.23502372542466232,0.48220330484403451,2,0.48220330484403451,0.48220330484403451,0.72938945957950974,0.40331012143758743,89.653461437436363,23,Ｃ大阪,福岡,middle,23,23,0,0,0,0,ESTABLISHED,ESTABLISHED,0,0,1,1,0,0
2022,27531,2022-07-30,team_0011,team_0009,0,23.592610913169892,0.34001422336005982,0.24268965276978779,0.41729612387015241,2,0.41729612387015241,0.34001422336005982,1.078767828834982,0.66861554792559874,23.592610913169892,23,神戸,柏,middle,23,23,0,0,0,0,ESTABLISHED,ESTABLISHED,0,0,1,1,0,0
2022,27532,2022-07-30,team_0006,team_0003,0,34.656274469245091,0.33014314964265995,0.24172967875187143,0.42812717160546859,2,0.42812717160546859,0.33014314964265995,1.1082289317839642,0.69043431262703714,34.656274469245091,23,広島,FC東京,middle,23,23,0,0,0,0,ESTABLISHED,ESTABLISHED,0,0,1,1,0,0
2022,27533,2022-07-30,team_0007,team_0026,2,-43.052899099012166,0.40114593760935607,0.24555668213604698,0.35329738025459695,0,0.40114593760935607,0.35329738025459695,1.0404451397178467,0.63944042578772042,43.052899099012166,23,磐田,湘南,middle,23,23,0,0,0,0,RETURNING,ESTABLISHED,1,1,0,0,1,1
2022,27534,2022-07-31,team_0025,team_0029,1,-92.959705470171912,0.44791289031124626,0.24439465371047142,0.30769245597828243,0,0.44791289031124626,0.24439465371047142,1.4089709270856989,0.86624004411424016,92.959705470171912,23,清水,鳥栖,middle,23,22,0,0,0,0,ESTABLISHED,ESTABLISHED,0,0,1,0,1,0
2022,27535,2022-08-06,team_0008,team_0006,0,116.62234769809902,0.26077216137995135,0.23063643980668525,0.50859139881336346,2,0.50859139881336346,0.26077216137995135,1.3441081978021305,0.85831617570450514,116.62234769809902,24,鹿島,広島,middle,24,24,0,0,0,0,ESTABLISHED,ESTABLISHED,0,0,1,1,0,0
2022,27536,2022-08-06,team_0013,team_0009,0,-56.182846362310784,0.41341468189346087,0.24552381448861776,0.34106150361792126,0,0.41341468189346087,0.41341468189346087,0.88330411738334813,0.52068722814930823,56.182846362310784,24,京都,柏,middle,24,24,0,0,0,0,FIRST_TIME_IN_SCOPE,ESTABLISHED,1,0,0,0,1,0
2022,27537,2022-08-06,team_0018,team_0030,2,-43.384116735358248,0.40145486408643138,0.24555827287964596,0.35298686303392263,0,0.40145486408643138,0.35298686303392263,1.0413244379426954,0.64009087268497378,43.384116735358248,24,名古屋,浦和,middle,23,24,0,0,0,0,ESTABLISHED,ESTABLISHED,0,0,1,0,1,1
2022,27538,2022-08-06,team_0002,team_0011,2,76.208835522367281,0.29406278711642952,0.23695031596989655,0.46898689691367396,2,0.46898689691367396,0.46898689691367396,0.75718044927651607,0.42459329065428553,76.208835522367281,24,Ｃ大阪,神戸,middle,24,24,0,0,0,0,ESTABLISHED,ESTABLISHED,0,0,1,1,0,0
2022,27540,2022-08-07,team_0003,team_0025,0,112.79241373253581,0.26384148818130587,0.23130043237258682,0.50485807944610739,2,0.50485807944610739,0.26384148818130587,1.3324067797178887,0.85031092492087224,112.79241373253581,24,FC東京,清水,middle,24,24,0,0,0,0,ESTABLISHED,ESTABLISHED,0,0,1,1,0,0
2022,27541,2022-08-07,team_0010,team_0033,2,4.256102818665795,0.35748810833700989,0.24404058641013743,0.39847130525285263,2,0.39847130525285263,0.39847130525285263,0.920119790238208,0.54919032602198437,4.256102818665795,24,川崎Ｆ,横浜FM,middle,22,24,0,0,0,0,ESTABLISHED,ESTABLISHED,0,0,1,1,0,1
2022,27542,2022-08-07,team_0029,team_0007,2,116.34388451710106,0.26099468886374705,0.23068516021114044,0.50832015092511251,2,0.50832015092511251,0.50832015092511251,0.67664381155132669,0.36308294474302782,116.34388451710106,24,鳥栖,磐田,middle,23,24,0,0,0,0,ESTABLISHED,RETURNING,1,1,0,1,0,0
2022,27543,2022-08-07,team_0026,team_0023,0,-48.358534742076017,0.40609828024280947,0.24556708303550476,0.34833463672168574,0,0.40609828024280947,0.40609828024280947,0.90116007911094376,0.53435946414114377,48.358534742076017,24,湘南,札幌,middle,24,24,0,0,0,0,ESTABLISHED,ESTABLISHED,0,0,1,0,1,0
2022,27544,2022-08-13,team_0023,team_0011,0,-3.3800714125547984,0.36445752270618126,0.24445808726947313,0.39108439002434564,2,0.39108439002434564,0.36445752270618126,1.0093452701097574,0.61662099699692785,3.3800714125547984,25,札幌,神戸,middle,25,25,0,0,0,0,ESTABLISHED,ESTABLISHED,0,0,1,1,0,1
2022,27545,2022-08-13,team_0007,team_0030,0,-176.28434254642548,0.52521671362326328,0.23650367361767102,0.23827961275906567,0,0.52521671362326328,0.52521671362326328,0.64394431371014638,0.33813033051395858,176.28434254642548,25,磐田,浦和,middle,25,25,0,0,0,0,RETURNING,ESTABLISHED,1,1,0,0,1,0
2022,27549,2022-08-14,team_0008,team_0004,2,131.5923348970091,0.24895856990417806,0.2279171934236332,0.52312423667218866,2,0.52312423667218866,0.52312423667218866,0.64793629690851584,0.34133711023632207,131.5923348970091,25,鹿島,福岡,middle,25,24,0,0,0,0,ESTABLISHED,ESTABLISHED,0,0,1,1,0,0
2022,27550,2022-08-14,team_0009,team_0006,0,0.48967402894709267,0.36092118792042083,0.24425477224849007,0.39482403983108905,2,0.39482403983108905,0.36092118792042083,1.0190956604935799,0.62396814424374925,0.48967402894709267,25,柏,広島,middle,25,25,0,0,0,0,ESTABLISHED,ESTABLISHED,0,0,1,1,0,1
2022,27551,2022-08-14,team_0005,team_0025,0,-9.1766495744259373,0.36977101551734587,0.24473079444685919,0.38549819003579489,2,0.38549819003579489,0.36977101551734587,0.99487134190741999,0.60569058915350205,9.1766495744259373,25,Ｇ大阪,清水,middle,24,25,0,0,0,0,ESTABLISHED,ESTABLISHED,0,0,1,1,0,1
2022,27552,2022-08-14,team_0029,team_0018,1,-26.257137972432474,0.38552952793389939,0.24531138945351236,0.36915908261258823,0,0.38552952793389939,0.24531138945351236,1.4052268980841414,0.85446634407289102,26.257137972432474,25,鳥栖,名古屋,middle,24,24,0,0,0,0,ESTABLISHED,ESTABLISHED,0,0,1,0,1,1
2022,27553,2022-08-19,team_0018,team_0007,2,173.05047240086606,0.21785239591930941,0.2194357479066715,0.56271185617401909,2,0.56271185617401909,0.56271185617401909,0.57498758261378491,0.28683263459791558,173.05047240086606,26,名古屋,磐田,middle,25,26,0,0,0,0,ESTABLISHED,RETURNING,1,1,0,1,0,0
2022,27554,2022-08-20,team_0023,team_0029,0,-44.347983600169982,0.40235404700686078,0.24556218849083727,0.35208376450230194,0,0.40235404700686078,0.40235404700686078,0.91042286401666939,0.54144445077159953,44.347983600169982,26,札幌,鳥栖,middle,26,25,0,0,0,0,ESTABLISHED,ESTABLISHED,0,0,1,0,1,0
2022,27555,2022-08-20,team_0025,team_0009,1,-58.189221939873732,0.41529296263671878,0.2455014929631146,0.33920554440016659,0,0.41529296263671878,0.2455014929631146,1.4044522504499037,0.85679664328828542,58.189221939873732,26,清水,柏,middle,26,26,0,0,0,0,ESTABLISHED,ESTABLISHED,0,0,1,0,1,0
2022,27556,2022-08-20,team_0006,team_0005,2,154.18158143613005,0.23170750140808619,0.22345982297214248,0.54483267561977122,2,0.54483267561977122,0.54483267561977122,0.60727654866975467,0.31079995187497589,154.18158143613005,26,広島,Ｇ大阪,middle,26,25,0,0,0,0,ESTABLISHED,ESTABLISHED,0,0,1,1,0,0
2022,27561,2022-08-20,team_0004,team_0010,0,-246.00691673409801,0.58682983372393427,0.22502300398503505,0.18814716229103057,0,0.58682983372393427,0.58682983372393427,0.53302039262202539,0.25674429330120829,246.00691673409801,26,福岡,川崎Ｆ,middle,25,23,0,0,0,0,ESTABLISHED,ESTABLISHED,0,0,1,0,1,0
2022,27557,2022-08-21,team_0026,team_0008,1,-209.72803971345706,0.55525215988861421,0.23148142715508327,0.21326641295630264,0,0.55525215988861421,0.23148142715508327,1.4632556369460867,0.94440832076380699,209.72803971345706,26,湘南,鹿島,middle,25,26,0,0,0,0,ESTABLISHED,ESTABLISHED,0,0,1,0,1,0
2022,27562,2022-08-26,team_0029,team_0004,1,74.321886852248326,0.29566341809219371,0.23720628317321865,0.46713029873458767,2,0.46713029873458767,0.23720628317321865,1.4388251232835125,0.88748182722424018,74.321886852248326,27,鳥栖,福岡,middle,26,26,0,0,0,0,ESTABLISHED,ESTABLISHED,0,0,1,1,0,0
2022,27563,2022-08-27,team_0025,team_0013,2,11.017927675953842,0.35134781545113114,0.24361586074596489,0.40503632380290405,2,0.40503632380290405,0.40503632380290405,0.90377852749512999,0.53677575102324238,11.017927675953842,27,清水,京都,middle,27,25,0,0,0,0,ESTABLISHED,FIRST_TIME_IN_SCOPE,1,0,0,1,0,0
2022,27564,2022-08-27,team_0018,team_0005,0,150.08187476119883,0.23478550788568586,0.22429897448044328,0.54091551763387091,2,0.54091551763387091,0.23478550788568586,1.4490829140331665,0.92845284611186474,150.08187476119883,27,名古屋,Ｇ大阪,middle,26,26,0,0,0,0,ESTABLISHED,ESTABLISHED,0,0,1,1,0,0
2022,27565,2022-08-27,team_0009,team_0003,0,22.306445990654993,0.34116805934779454,0.24279248001839698,0.41603946063380848,2,0.41603946063380848,0.34116805934779454,1.075380080443523,0.66609654718150502,22.306445990654993,27,柏,FC東京,middle,27,25,0,0,0,0,ESTABLISHED,ESTABLISHED,0,0,1,1,0,0
2022,27566,2022-08-27,team_0002,team_0006,0,14.662403569379421,0.34805124382283187,0.24336561191113093,0.40858314426603709,2,0.40858314426603709,0.34805124382283187,1.0554055576837686,0.65120418752015718,14.662403569379421,27,Ｃ大阪,広島,middle,25,27,0,0,0,0,ESTABLISHED,ESTABLISHED,0,0,1,1,0,0
2022,27568,2022-08-27,team_0010,team_0008,2,119.11454715556738,0.25878503595456631,0.23019732684857025,0.51101763719686344,2,0.51101763719686344,0.51101763719686344,0.67135117431170865,0.35906425525477192,119.11454715556738,27,川崎Ｆ,鹿島,middle,24,27,0,0,0,0,ESTABLISHED,ESTABLISHED,0,0,1,1,0,0
2022,27502,2022-08-31,team_0010,team_0029,2,209.53034363142297,0.19256436275752159,0.21097611449547271,0.59645952274700575,2,0.59645952274700575,0.59645952274700575,0.51674389767284623,0.24443687147339155,209.53034363142297,20,川崎Ｆ,鳥栖,middle,25,27,0,0,0,0,ESTABLISHED,ESTABLISHED,0,0,1,1,0,0
2022,27539,2022-08-31,team_0004,team_0005,0,37.447588648407645,0.32766872522848239,0.24146627047849412,0.43086500429302355,2,0.43086500429302355,0.32766872522848239,1.1157521650350761,0.69597995473911434,37.447588648407645,24,福岡,Ｇ大阪,middle,27,27,0,0,0,0,ESTABLISHED,ESTABLISHED,0,0,1,1,0,0
2022,27571,2022-09-02,team_0023,team_0002,2,-110.81313587449654,0.46465073636952969,0.24330747509640116,0.2920417885340692,0,0.46465073636952969,0.2920417885340692,1.2308583755352722,0.77630366342857182,110.81313587449654,28,札幌,Ｃ大阪,middle,27,26,0,0,0,0,ESTABLISHED,ESTABLISHED,0,0,1,0,1,0
2022,27572,2022-09-03,team_0008,team_0030,1,20.758550408682822,0.34255837319564242,0.24291379592062845,0.41452783088372908,2,0.41452783088372908,0.24291379592062845,1.4150486478778315,0.86235908203092637,20.758550408682822,28,鹿島,浦和,middle,28,26,0,0,0,0,ESTABLISHED,ESTABLISHED,0,0,1,1,0,0
2022,27573,2022-09-03,team_0003,team_0033,1,-172.30829518814471,0.52159619836990789,0.23703547950915496,0.2413683221209372,0,0.52159619836990789,0.23703547950915496,1.4395454464810433,0.91243612060524193,172.30829518814471,28,FC東京,横浜FM,middle,26,25,0,0,0,0,ESTABLISHED,ESTABLISHED,0,0,1,0,1,0
2022,27574,2022-09-03,team_0026,team_0010,2,-333.47134065530395,0.65751535817981277,0.20610018279222081,0.13638445902796645,0,0.65751535817981277,0.13638445902796645,1.9922774768091733,1.2206355341977324,333.47134065530395,28,湘南,川崎Ｆ,middle,26,26,0,0,0,0,ESTABLISHED,ESTABLISHED,0,0,1,0,1,0
2022,27575,2022-09-03,team_0007,team_0009,1,-126.86090032259403,0.47964475132538781,0.24203962607879637,0.27831562259581583,0,0.47964475132538781,0.24203962607879637,1.4186538221027993,0.88202260168966062,126.86090032259403,28,磐田,柏,middle,27,28,0,0,0,0,RETURNING,ESTABLISHED,1,1,0,0,1,0
2022,27576,2022-09-03,team_0013,team_0011,2,-78.017892009009074,0.43388707056035575,0.24503603646218963,0.32107689297745451,0,0.43388707056035575,0.32107689297745451,1.1360746425518822,0.70923723441369324,78.017892009009074,28,京都,神戸,middle,26,26,0,0,0,0,FIRST_TIME_IN_SCOPE,ESTABLISHED,1,0,0,0,1,0
2022,27577,2022-09-03,team_0005,team_0029,0,-67.173047768243578,0.42371169448264795,0.24534555603845018,0.33094274947890173,0,0.42371169448264795,0.42371169448264795,0.85870202087461278,0.50182575637653226,67.173047768243578,28,Ｇ大阪,鳥栖,middle,28,28,0,0,0,0,ESTABLISHED,ESTABLISHED,0,0,1,0,1,0
2022,27578,2022-09-03,team_0006,team_0025,2,125.26898582126614,0.25391255663256718,0.22908951351135357,0.51699792985607917,2,0.51699792985607917,0.51699792985607917,0.65971640862857328,0.3502445913798683,125.26898582126614,28,広島,清水,middle,28,28,0,0,0,0,ESTABLISHED,ESTABLISHED,0,0,1,1,0,0
2022,27579,2022-09-03,team_0004,team_0018,0,-83.815068583679022,0.43932904928504324,0.24481658491568381,0.31585436579927301,0,0.43932904928504324,0.43932904928504324,0.82250660388334274,0.47405105561985272,83.815068583679022,28,福岡,名古屋,middle,28,27,0,0,0,0,ESTABLISHED,ESTABLISHED,0,0,1,0,1,0
2022,27548,2022-09-07,team_0033,team_0026,2,272.5707228587421,0.15369306074867992,0.19471890151568497,0.65158803773563523,2,0.65158803773563523,0.65158803773563523,0.42834276071675387,0.18292790297867759,272.5707228587421,25,横浜FM,湘南,middle,26,27,0,0,0,0,ESTABLISHED,ESTABLISHED,0,0,1,1,0,0
2022,27581,2022-09-10,team_0030,team_0009,2,88.470225611003343,0.28375830660614865,0.23520042824069207,0.48104126515315931,2,0.48104126515315931,0.48104126515315931,0.73180222221694802,0.40515618648642754,88.470225611003343,29,浦和,柏,middle,27,29,0,0,0,0,ESTABLISHED,ESTABLISHED,0,0,1,1,0,0
2022,27582,2022-09-10,team_0010,team_0006,2,121.38035393541259,0.25698542101336824,0.22979333355807396,0.51322124542855785,2,0.51322124542855785,0.51322124542855785,0.66704824914632332,0.3558000386632747,121.38035393541259,29,川崎Ｆ,広島,middle,27,29,0,0,0,0,ESTABLISHED,ESTABLISHED,0,0,1,1,0,0
2022,27583,2022-09-10,team_0033,team_0004,2,272.99523998007567,0.15345225128449602,0.19460411103771175,0.65194363767779229,2,0.65194363767779229,0.65194363767779229,0.42779716607155227,0.1825615848100261,272.99523998007567,29,横浜FM,福岡,middle,27,29,0,0,0,0,ESTABLISHED,ESTABLISHED,0,0,1,1,0,0
2022,27584,2022-09-10,team_0025,team_0026,1,37.087836582080172,0.32798726095817737,0.24150069593984708,0.43051204310197566,2,0.43051204310197566,0.24150069593984708,1.4208829241551646,0.86823745686642118,37.087836582080172,29,清水,湘南,middle,29,28,0,0,0,0,ESTABLISHED,ESTABLISHED,0,0,1,1,0,0
2022,27585,2022-09-10,team_0013,team_0008,1,-148.93991453634862,0.50014124028361784,0.23986163048045317,0.25999712923592894,0,0.50014124028361784,0.23986163048045317,1.4276930615678245,0.89555010825919501,148.93991453634862,29,京都,鹿島,middle,27,29,0,0,0,0,FIRST_TIME_IN_SCOPE,ESTABLISHED,1,0,0,0,1,0
2022,27586,2022-09-10,team_0005,team_0003,1,-90.089620846909156,0.44521914189977257,0.2445370153158809,0.31024384278434658,0,0.44521914189977257,0.2445370153158809,1.4083885896408119,0.86519564752740574,90.089620846909156,29,Ｇ大阪,FC東京,middle,29,27,0,0,0,0,ESTABLISHED,ESTABLISHED,0,0,1,0,1,0
2022,27587,2022-09-10,team_0002,team_0029,2,6.1034070004914156,0.35580760268617406,0.2439296719864979,0.40026272532732798,2,0.40026272532732798,0.40026272532732798,0.91563413416329864,0.54578553363652671,6.1034070004914156,29,Ｃ大阪,鳥栖,middle,27,29,0,0,0,0,ESTABLISHED,ESTABLISHED,0,0,1,1,0,1
2022,27588,2022-09-10,team_0011,team_0018,1,-42.95060227186832,0.401050532069608,0.24555616547990861,0.35339330245048328,0,0.401050532069608,0.24555616547990861,1.4042295779548113,0.8549138549355535,42.95060227186832,29,神戸,名古屋,middle,27,28,0,0,0,0,ESTABLISHED,ESTABLISHED,0,0,1,0,1,1
2022,27580,2022-09-11,team_0023,team_0007,2,87.833952738056041,0.28428883192555848,0.23529488399280987,0.48041628408163156,2,0.48041628408163156,0.48041628408163156,0.73310229242816605,0.40615106023832814,87.833952738056041,29,札幌,磐田,middle,28,28,0,0,0,0,ESTABLISHED,RETURNING,1,1,0,1,0,0
2022,27517,2022-09-14,team_0018,team_0010,1,-166.62420603979058,0.51640426594207445,0.23777046514024028,0.24582526891768522,0,0.51640426594207445,0.23777046514024028,1.4364495028584774,0.90809729253415061,166.62420603979058,22,名古屋,川崎Ｆ,middle,29,28,0,0,0,0,ESTABLISHED,ESTABLISHED,0,0,1,0,1,0
2022,27558,2022-09-14,team_0030,team_0002,0,42.912851929694398,0.32284352688414364,0.24092601242435521,0.43623046069150123,2,0.43623046069150123,0.32284352688414364,1.1305875100281371,0.70688324738052544,42.912851929694398,26,浦和,Ｃ大阪,middle,28,28,0,0,0,0,ESTABLISHED,ESTABLISHED,0,0,1,1,0,0
2022,27559,2022-09-14,team_0013,team_0033,0,-253.85256766074281,0.59350081439343294,0.22350303240319699,0.18299615320337009,0,0.59350081439343294,0.59350081439343294,0.52171669274560017,0.24868278547945807,253.85256766074281,26,京都,横浜FM,middle,28,28,0,0,0,0,FIRST_TIME_IN_SCOPE,ESTABLISHED,1,0,0,0,1,0
2022,27560,2022-09-14,team_0011,team_0003,2,-28.808419874133733,0.38789482989953145,0.2453694585890927,0.36673571151137579,0,0.38789482989953145,0.36673571151137579,1.0031138224688467,0.61169222934609424,28.808419874133733,26,神戸,FC東京,middle,28,28,0,0,0,0,ESTABLISHED,ESTABLISHED,0,0,1,0,1,1
2022,27597,2022-09-16,team_0029,team_0008,1,-65.823353695749802,0.42244613606353509,0.24537481352345,0.33217905041301493,0,0.42244613606353509,0.24537481352345,1.4049683863513636,0.85826283147307092,65.823353695749802,30,鳥栖,鹿島,closing,30,30,0,0,0,0,ESTABLISHED,ESTABLISHED,0,0,1,0,1,0
2022,27589,2022-09-17,team_0009,team_0010,1,-221.93070238568771,0.56600091406284414,0.22941906501405626,0.20458002092309954,0,0.56600091406284414,0.22941906501405626,1.4722049695707773,0.95600499704468211,221.93070238568771,30,柏,川崎Ｆ,closing,30,29,0,0,0,0,ESTABLISHED,ESTABLISHED,0,0,1,0,1,0
2022,27592,2022-09-17,team_0026,team_0030,1,-143.58408989042937,0.49518667732160598,0.24043498300305738,0.26437833967533669,0,0.49518667732160598,0.24043498300305738,1.4253055669286496,0.89204476693186574,143.58408989042937,30,湘南,浦和,closing,29,29,0,0,0,0,ESTABLISHED,ESTABLISHED,0,0,1,0,1,0
2022,27593,2022-09-17,team_0007,team_0002,1,-210.70389399869873,0.55611619858184824,0.23132081693175532,0.21256298448639649,0,0.55611619858184824,0.23132081693175532,1.4639497140895223,0.94531593518135371,210.70389399869873,30,磐田,Ｃ大阪,closing,29,29,0,0,0,0,RETURNING,ESTABLISHED,1,1,0,0,1,0
2022,27594,2022-09-17,team_0018,team_0006,1,-36.38519848177657,0.39493434611742778,0.24549796524915163,0.35956768863342059,0,0.39493434611742778,0.24549796524915163,1.4044666199727374,0.85453538089555114,36.38519848177657,30,名古屋,広島,closing,30,30,0,0,0,0,ESTABLISHED,ESTABLISHED,0,0,1,0,1,1
2022,27596,2022-09-17,team_0004,team_0025,2,-27.220878593998123,0.38642269775943894,0.24533420107707254,0.36824310116348841,0,0.38642269775943894,0.36824310116348841,0.99901195792625197,0.60862815078933452,27.220878593998123,30,福岡,清水,closing,30,30,0,0,0,0,ESTABLISHED,ESTABLISHED,0,0,1,0,1,1
2022,27590,2022-09-18,team_0003,team_0013,2,83.287644004645699,0.28809307097964915,0.23595823771711444,0.47594869130323636,2,0.47594869130323636,0.47594869130323636,0.74244522194038087,0.4133036816398421,83.287644004645699,30,FC東京,京都,closing,29,29,0,0,0,0,ESTABLISHED,FIRST_TIME_IN_SCOPE,1,0,0,1,0,0
2022,27591,2022-09-18,team_0033,team_0023,1,247.09798797311851,0.16865536981639204,0.20149237767382935,0.6298522525097785,2,0.6298522525097785,0.20149237767382935,1.6020037262323357,1.0627729166725401,247.09798797311851,30,横浜FM,札幌,closing,29,29,0,0,0,0,ESTABLISHED,ESTABLISHED,0,0,1,1,0,0
2022,27595,2022-09-18,team_0011,team_0005,2,77.506664816437478,0.29296414189611603,0.23677218079796233,0.47026367730592161,2,0.47026367730592161,0.47026367730592161,0.75446172604390638,0.42250962561819527,77.506664816437478,30,神戸,Ｇ大阪,closing,29,30,0,0,0,0,ESTABLISHED,ESTABLISHED,0,0,1,1,0,0
2022,27598,2022-10-01,team_0023,team_0010,2,-239.68836184468978,0.58141460177034232,0.22621679526724234,0.19236860296241529,0,0.58141460177034232,0.19236860296241529,1.6483419403328912,1.041485451093628,239.68836184468978,31,札幌,川崎Ｆ,closing,30,30,0,0,0,0,ESTABLISHED,ESTABLISHED,0,0,1,0,1,0
2022,27599,2022-10-01,team_0008,team_0003,0,78.583513149789951,0.29205396874269562,0.23662309257626735,0.47132293868103714,2,0.47132293868103714,0.29205396874269562,1.2308166693305054,0.77932338364025366,78.583513149789951,31,鹿島,FC東京,closing,31,30,0,0,0,0,ESTABLISHED,ESTABLISHED,0,0,1,1,0,0
2022,27601,2022-10-01,team_0018,team_0033,0,-153.28467937751975,0.50415111394323131,0.23937578451757019,0.2564731015391985,0,0.50415111394323131,0.50415111394323131,0.68487922659813305,0.36894533583027661,153.28467937751975,31,名古屋,横浜FM,closing,31,30,0,0,0,0,ESTABLISHED,ESTABLISHED,0,0,1,0,1,0
2022,27602,2022-10-01,team_0005,team_0009,1,-75.056675357514905,0.43110775877945384,0.24513365524395314,0.32375858597659291,0,0.43110775877945384,0.24513365524395314,1.4059516855777103,0.86049672011876166,75.056675357514905,31,Ｇ大阪,柏,closing,31,31,0,0,0,0,ESTABLISHED,ESTABLISHED,0,0,1,0,1,0
2022,27603,2022-10-01,team_0002,team_0026,1,147.1715399540542,0.23698495339730843,0.22488674026055017,0.53812830634214148,2,0.53812830634214148,0.22488674026055017,1.4921583801340372,0.94654450764730202,147.1715399540542,31,Ｃ大阪,湘南,closing,30,30,0,0,0,0,ESTABLISHED,ESTABLISHED,0,0,1,1,0,0
2022,27604,2022-10-01,team_0006,team_0030,2,19.376278959823821,0.34380145221987607,0.24301987794076754,0.41317866983935642,2,0.41317866983935642,0.41317866983935642,0.88387516494869134,0.52161737315434831,19.376278959823821,31,広島,浦和,closing,31,30,0,0,0,0,ESTABLISHED,ESTABLISHED,0,0,1,1,0,0
2022,27605,2022-10-01,team_0004,team_0011,0,-80.977190358502185,0.43666495891695167,0.24492869069388046,0.31840635038916787,0,0.43666495891695167,0.43666495891695167,0.82858906233990692,0.47871903600520782,80.977190358502185,31,福岡,神戸,closing,31,30,0,0,0,0,ESTABLISHED,ESTABLISHED,0,0,1,0,1,0
2022,27606,2022-10-01,team_0029,team_0013,0,97.983179937394198,0.27588298412952333,0.23374151748351149,0.49037549838696531,2,0.49037549838696531,0.27588298412952333,1.2877784737111151,0.81944867908692354,97.983179937394198,31,鳥栖,京都,closing,31,30,0,0,0,0,ESTABLISHED,FIRST_TIME_IN_SCOPE,1,0,0,1,0,0
2022,27607,2022-10-08,team_0023,team_0004,0,82.098299919442525,0.28909216165857554,0.23612841118611036,0.47477942715531407,2,0.47477942715531407,0.28909216165857554,1.2410097432344354,0.78656208563448193,82.098299919442525,32,札幌,福岡,closing,31,32,0,0,0,0,ESTABLISHED,ESTABLISHED,0,0,1,1,0,0
2022,27608,2022-10-08,team_0030,team_0029,2,64.684453065838852,0.30389784513917734,0.23845707131062549,0.45764508355019712,2,0.45764508355019712,0.45764508355019712,0.78166132202518535,0.44336453053554881,64.684453065838852,32,浦和,鳥栖,closing,31,32,0,0,0,0,ESTABLISHED,ESTABLISHED,0,0,1,1,0,0
2022,27609,2022-10-08,team_0009,team_0002,1,-61.006933936109817,0.41793204971982895,0.24546242654904316,0.3366055237311279,0,0.41793204971982895,0.24546242654904316,1.4046113921407748,0.85729742653858265,61.006933936109817,32,柏,Ｃ大阪,closing,32,31,0,0,0,0,ESTABLISHED,ESTABLISHED,0,0,1,0,1,0
2022,27610,2022-10-08,team_0003,team_0026,0,108.83148554631612,0.26703541745681569,0.23197317690439584,0.50099140563878841,2,0.50099140563878841,0.26703541745681569,1.3203739797280793,0.84204102258975166,108.83148554631612,32,FC東京,湘南,closing,31,31,0,0,0,0,ESTABLISHED,ESTABLISHED,0,0,1,1,0,0
2022,27611,2022-10-08,team_0010,team_0025,2,258.03813685209843,0.1621055500858829,0.19861233495634598,0.6392821149577711,2,0.6392821149577711,0.6392821149577711,0.44740942757799856,0.19584246155479712,258.03813685209843,32,川崎Ｆ,清水,closing,31,31,0,0,0,0,ESTABLISHED,ESTABLISHED,0,0,1,1,0,0
2022,27612,2022-10-08,team_0033,team_0005,0,295.36088988060101,0.14115887823256146,0.1884831353954658,0.67035798637197264,2,0.67035798637197264,0.14115887823256146,1.9578692269864575,1.2225137946599434,295.36088988060101,32,横浜FM,Ｇ大阪,closing,31,32,0,0,0,0,ESTABLISHED,ESTABLISHED,0,0,1,1,0,0
2022,27613,2022-10-08,team_0007,team_0008,1,-210.12550402923102,0.55560417312811827,0.23141610290369391,0.21297972396818771,0,0.55560417312811827,0.23141610290369391,1.4635378776044663,0.94477756689469083,210.12550402923102,32,磐田,鹿島,closing,30,32,0,0,0,0,RETURNING,ESTABLISHED,1,1,0,0,1,0
2022,27614,2022-10-08,team_0013,team_0018,1,-76.057719396211269,0.43204725560512014,0.24510175335591095,0.32285099103896892,0,0.43204725560512014,0.24510175335591095,1.4060818348387698,0.86076895627708017,76.057719396211269,32,京都,名古屋,closing,31,32,0,0,0,0,FIRST_TIME_IN_SCOPE,ESTABLISHED,1,0,0,0,1,0
2022,27615,2022-10-08,team_0011,team_0006,2,-69.246586579481345,0.42565640400225668,0.24529660246039667,0.32904699353734668,0,0.42565640400225668,0.32904699353734668,1.1115547009175355,0.69153173432801962,69.246586579481345,32,神戸,広島,closing,31,32,0,0,0,0,ESTABLISHED,ESTABLISHED,0,0,1,0,1,0
2022,27546,2022-10-12,team_0003,team_0002,2,-46.313418683745113,0.40418841392572341,0.24556688284380332,0.35024470323047324,0,0.40418841392572341,0.35024470323047324,1.049123216704573,0.64585331358147002,46.313418683745113,25,FC東京,Ｃ大阪,middle,32,32,0,0,0,0,ESTABLISHED,ESTABLISHED,0,0,1,0,1,0
2022,27547,2022-10-12,team_0010,team_0013,2,251.70318426161248,0.16587552835464103,0.20028575509000651,0.63383871655535251,2,0.63383871655535251,0.63383871655535251,0.45596074719885199,0.20170316009273687,251.70318426161248,25,川崎Ｆ,京都,middle,32,32,0,0,0,0,ESTABLISHED,FIRST_TIME_IN_SCOPE,1,0,0,1,0,0
2022,27567,2022-10-12,team_0030,team_0023,1,102.37114960936401,0.27228687196879697,0.23303949019267142,0.49467363783853163,2,0.49467363783853163,0.23303949019267142,1.4565473539720761,0.90707057222287624,102.37114960936401,27,浦和,札幌,middle,32,32,0,0,0,0,ESTABLISHED,ESTABLISHED,0,0,1,1,0,0
2022,27569,2022-10-12,team_0033,team_0007,0,317.9542121977006,0.12951683282005805,0.18218136127756096,0.68830180590238099,2,0.68830180590238099,0.12951683282005805,2.0439444231231532,1.2646903687490469,317.9542121977006,27,横浜FM,磐田,middle,32,31,0,0,0,0,ESTABLISHED,RETURNING,1,1,0,1,0,0
2022,27570,2022-10-12,team_0011,team_0026,2,78.334825146071807,0.29226405103896835,0.23665762633510437,0.47107832262592736,2,0.47107832262592736,0.47107832262592736,0.75273090871410253,0.4211832484284771,78.334825146071807,27,神戸,湘南,middle,32,32,0,0,0,0,ESTABLISHED,ESTABLISHED,0,0,1,1,0,0
2022,27600,2022-10-22,team_0025,team_0007,1,41.446306909798977,0.32413572678315,0.24107415980329899,0.43479011341355112,2,0.43479011341355112,0.24107415980329899,1.4226506758005188,0.8700748430176779,41.446306909798977,31,清水,磐田,closing,32,32,0,0,0,0,ESTABLISHED,RETURNING,1,1,0,1,0,0
2022,27616,2022-10-29,team_0010,team_0011,2,155.78983754823639,0.23050656501396757,0.22312711111684752,0.54636632386918493,2,0.54636632386918493,0.54636632386918493,0.60446560536800531,0.3087024963498457,155.78983754823639,33,川崎Ｆ,神戸,closing,33,33,0,0,0,0,ESTABLISHED,ESTABLISHED,0,0,1,1,0,0
2022,27617,2022-10-29,team_0033,team_0030,2,95.676994696655129,0.27778231538744563,0.23410317311341663,0.48811451149913759,2,0.48811451149913759,0.48811451149913759,0.71720524594475299,0.39399406374154711,95.676994696655129,33,横浜FM,浦和,closing,33,33,0,0,0,0,ESTABLISHED,ESTABLISHED,0,0,1,1,0,0
2022,27618,2022-10-29,team_0026,team_0029,2,-37.807970559693103,0.39625856310565588,0.24551476463112959,0.35822667226321442,0,0.39625856310565588,0.35822667226321442,1.0265893301979889,0.62917135268078572,37.807970559693103,33,湘南,鳥栖,closing,33,33,0,0,0,0,ESTABLISHED,ESTABLISHED,0,0,1,0,1,1
2022,27619,2022-10-29,team_0025,team_0008,0,-145.61418867262296,0.49706612719823129,0.2402209992055149,0.26271287359625384,0,0.49706612719823129,0.49706612719823129,0.69903220902349639,0.37966666282388295,145.61418867262296,33,清水,鹿島,closing,33,33,0,0,0,0,ESTABLISHED,ESTABLISHED,0,0,1,0,1,0
2022,27620,2022-10-29,team_0018,team_0003,2,1.7766707868502181,0.35974709725668103,0.24418339070941336,0.39606951203390561,2,0.39606951203390561,0.39606951203390561,0.92616554769304349,0.55377553657791878,1.7766707868502181,33,名古屋,FC東京,closing,33,33,0,0,0,0,ESTABLISHED,ESTABLISHED,0,0,1,1,0,1
2022,27621,2022-10-29,team_0013,team_0002,1,-111.91347896193633,0.46568073204759231,0.24322923219093331,0.29109003576147446,0,0.46568073204759231,0.24322923219093331,1.4137509379598356,0.87429394813032235,111.91347896193633,33,京都,Ｃ大阪,closing,33,33,0,0,0,0,FIRST_TIME_IN_SCOPE,ESTABLISHED,1,0,0,0,1,0
2022,27622,2022-10-29,team_0005,team_0007,2,42.203434652874193,0.32346836759285802,0.24099796635857235,0.43553366604856975,2,0.43553366604856975,0.43553366604856975,0.83118318131789037,0.48133404678672342,42.203434652874193,33,Ｇ大阪,磐田,closing,33,33,0,0,0,0,ESTABLISHED,RETURNING,1,1,0,1,0,0
2022,27623,2022-10-29,team_0006,team_0023,0,109.97175515394224,0.26611392131551259,0.23178097348372859,0.50210510520075879,2,0.50210510520075879,0.26611392131551259,1.3238307862620382,0.8444207328246236,109.97175515394224,33,広島,札幌,closing,33,33,0,0,0,0,ESTABLISHED,ESTABLISHED,0,0,1,1,0,0
2022,27624,2022-10-29,team_0004,team_0009,2,-61.13328051903045,0.41805041919644198,0.24546046380426004,0.33648911699929801,0,0.41805041919644198,0.33648911699929801,1.0891894721757898,0.67526368414169446,61.13328051903045,33,福岡,柏,closing,33,33,0,0,0,0,ESTABLISHED,ESTABLISHED,0,0,1,0,1,0
2022,27625,2022-11-05,team_0023,team_0025,2,91.363777160165,0.28135158951233924,0.23476590463869637,0.48388250584896425,2,0.48388250584896425,0.48388250584896425,0.72591315824604097,0.40065101467068981,91.363777160165,34,札幌,清水,closing,34,34,0,0,0,0,ESTABLISHED,ESTABLISHED,0,0,1,1,0,0
2022,27626,2022-11-05,team_0008,team_0005,1,137.84737017592829,0.24411111392163942,0.22672434809244862,0.52916453798591201,2,0.52916453798591201,0.22672434809244862,1.4840203249753932,0.93756057803495596,137.84737017592829,34,鹿島,Ｇ大阪,closing,34,34,0,0,0,0,ESTABLISHED,ESTABLISHED,0,0,1,1,0,0
2022,27627,2022-11-05,team_0030,team_0004,1,110.1785592754045,0.26594697014478069,0.23174598731905824,0.5023070425361611,2,0.5023070425361611,0.23174598731905824,1.4621133893826939,0.91325438391098224,110.1785592754045,34,浦和,福岡,closing,34,34,0,0,0,0,ESTABLISHED,ESTABLISHED,0,0,1,1,0,0
2022,27628,2022-11-05,team_0009,team_0026,0,20.474025117263864,0.34281413006376055,0.242935805602226,0.41425006433401351,2,0.41425006433401351,0.34281413006376055,1.0705668735521205,0.66251418908818871,20.474025117263864,34,柏,湘南,closing,34,34,0,0,0,0,ESTABLISHED,ESTABLISHED,0,0,1,1,0,0
2022,27629,2022-11-05,team_0003,team_0010,0,-183.32573226708905,0.53160446591217669,0.23552679267584781,0.2328687414119755,0,0.53160446591217669,0.53160446591217669,0.63185555129011606,0.32909509714838658,183.32573226708905,34,FC東京,川崎Ｆ,closing,34,34,0,0,0,0,ESTABLISHED,ESTABLISHED,0,0,1,0,1,0
2022,27630,2022-11-05,team_0007,team_0013,1,-45.681079611647647,0.40359812426906255,0.24556585412682524,0.35083602160411215,0,0.40359812426906255,0.24556585412682524,1.4041901228030116,0.85514824042789339,45.681079611647647,34,磐田,京都,closing,34,34,0,0,0,0,RETURNING,FIRST_TIME_IN_SCOPE,1,1,0,0,1,0
2022,27631,2022-11-05,team_0002,team_0018,0,19.8960394727942,0.34333386279092537,0.24298023868391941,0.41368589852515514,2,0.41368589852515514,0.34333386279092537,1.0690519443182629,0.66138583478654667,19.8960394727942,34,Ｃ大阪,名古屋,closing,34,34,0,0,0,0,ESTABLISHED,ESTABLISHED,0,0,1,1,0,0
2022,27632,2022-11-05,team_0011,team_0033,0,-119.73404298190644,0.472993801900772,0.24263610527092908,0.28437009282829889,0,0.472993801900772,0.472993801900772,0.74867299437992441,0.4174741621112234,119.73404298190644,34,神戸,横浜FM,closing,34,34,0,0,0,0,ESTABLISHED,ESTABLISHED,0,0,1,0,1,0
2022,27633,2022-11-05,team_0029,team_0006,1,-78.533687381847813,0.43437122501537018,0.24501802988655927,0.32061074509807064,0,0.43437122501537018,0.24501802988655927,1.406423479771411,0.86146738619006569,78.533687381847813,34,鳥栖,広島,closing,34,34,0,0,0,0,ESTABLISHED,ESTABLISHED,0,0,1,0,1,0
2023,28163,2023-02-17,team_0010,team_0033,0,41.108483056948899,0.31832952785529051,0.2484052504344553,0.43326522171025417,2,0.43326522171025417,0.31832952785529051,1.144668181622257,0.71409855338103134,41.108483056948899,1,川崎Ｆ,横浜FM,opening,1,1,1,1,1,1,ESTABLISHED,ESTABLISHED,0,0,1,1,0,0
2023,28164,2023-02-18,team_0003,team_0030,2,-37.887928682934444,0.38429844255880397,0.25749060983573496,0.35821094760546102,0,0.38429844255880397,0.35821094760546102,1.0266332269932432,0.62587989488018136,37.887928682934444,1,FC東京,浦和,opening,1,1,1,1,1,1,ESTABLISHED,ESTABLISHED,0,0,1,0,1,1
2023,28165,2023-02-18,team_0032,team_0018,0,-218.81074673708281,0.53639792174056955,0.25350391559943181,0.21009816265999856,0,0.53639792174056955,0.53639792174056955,0.62287900204041624,0.32333236014381417,218.81074673708281,1,横浜FC,名古屋,opening,1,1,1,1,1,1,RETURNING,ESTABLISHED,1,1,0,0,1,0
2023,28166,2023-02-18,team_0013,team_0008,0,-131.64179553721442,0.46426713295799155,0.25959980881796191,0.27613305822404666,0,0.46426713295799155,0.46426713295799155,0.76729517483579057,0.43065123141153749,131.64179553721442,1,京都,鹿島,opening,1,1,1,1,1,1,ESTABLISHED,ESTABLISHED,0,0,1,0,1,0
2023,28167,2023-02-18,team_0002,team_0019,1,170.36252101548848,0.2207532303847547,0.2210511818079921,0.5581955878072532,2,0.5581955878072532,0.2210511818079921,1.5093610123862795,0.96707556433551534,170.36252101548848,1,Ｃ大阪,新潟,opening,1,1,1,1,1,1,ESTABLISHED,RETURNING,1,1,0,1,0,0
2023,28168,2023-02-18,team_0011,team_0004,2,69.057558887943287,0.295884440528562,0.2436825876601367,0.46043297181130133,2,0.46043297181130133,0.46043297181130133,0.77558798912244153,0.43806138358402424,69.057558887943287,1,神戸,福岡,opening,1,1,1,1,1,1,ESTABLISHED,ESTABLISHED,0,0,1,1,0,0
2023,28169,2023-02-18,team_0006,team_0023,1,58.451834713306653,0.30433016648158001,0.24556181788525222,0.45010801563316782,2,0.45010801563316782,0.24556181788525222,1.4042065594316242,0.86439104660053956,58.451834713306653,1,広島,札幌,opening,1,1,1,1,1,1,ESTABLISHED,ESTABLISHED,0,0,1,1,0,0
2023,28170,2023-02-18,team_0009,team_0005,1,0.25108994740980961,0.35208446043889047,0.25391964577247517,0.39399589378863437,2,0.39399589378863437,0.25391964577247517,1.370737417240947,0.83583212656911832,0.25108994740980961,1,柏,Ｇ大阪,opening,1,1,1,1,1,1,ESTABLISHED,ESTABLISHED,0,0,1,1,0,1
2023,28171,2023-02-18,team_0029,team_0026,0,-7.635228353872435,0.35870118834051573,0.25478527053241951,0.38651354112706476,2,0.38651354112706476,0.35870118834051573,1.0252655815402276,0.625572417390728,7.635228353872435,1,鳥栖,湘南,opening,1,1,1,1,1,1,ESTABLISHED,ESTABLISHED,0,0,1,1,0,1
2023,28172,2023-02-24,team_0026,team_0032,1,179.31085989754706,0.2146765234362428,0.21870974696434037,0.56661372959941692,2,0.56661372959941692,0.21870974696434037,1.5200097845543452,0.97755158777375784,179.31085989754706,2,湘南,横浜FC,opening,2,2,1,1,1,1,ESTABLISHED,RETURNING,1,1,0,1,0,0
2023,28173,2023-02-25,team_0033,team_0030,2,166.26814341432259,0.223566766847592,0.22210704892624661,0.55432618422616131,2,0.55432618422616131,0.55432618422616131,0.59000198530627745,0.29793879048782518,166.26814341432259,2,横浜FM,浦和,opening,2,2,1,1,1,1,ESTABLISHED,ESTABLISHED,0,0,1,1,0,0
2023,28174,2023-02-25,team_0023,team_0011,0,-12.936563816308762,0.36316383124075524,0.25533015165118317,0.38150601710806165,2,0.38150601710806165,0.36316383124075524,1.0129012208020025,0.61630063327182616,12.936563816308762,2,札幌,神戸,opening,2,2,1,1,1,1,ESTABLISHED,ESTABLISHED,0,0,1,1,0,1
2023,28175,2023-02-25,team_0005,team_0029,1,11.258559210924886,0.34289787292158097,0.25260235375037388,0.4044997733280451,2,0.4044997733280451,0.25260235375037388,1.3759387510158345,0.83980225949606591,11.258559210924886,2,Ｇ大阪,鳥栖,opening,2,2,1,1,1,1,ESTABLISHED,ESTABLISHED,0,0,1,1,0,0
2023,28176,2023-02-25,team_0004,team_0002,2,-76.162962210365095,0.41697172667553251,0.25949484691814728,0.32353342640632032,0,0.41697172667553251,0.32353342640632032,1.1284528430025178,0.69881002161342098,76.162962210365095,2,福岡,Ｃ大阪,opening,2,2,1,1,1,1,ESTABLISHED,ESTABLISHED,0,0,1,0,1,0
2023,28177,2023-02-25,team_0008,team_0010,0,-100.53494759434034,0.43780369952867598,0.25994428656501295,0.30225201390631107,0,0.43780369952867598,0.43780369952867598,0.82598464365800428,0.47499199229185762,100.53494759434034,2,鹿島,川崎Ｆ,opening,2,2,1,1,1,1,ESTABLISHED,ESTABLISHED,0,0,1,0,1,0
2023,28178,2023-02-25,team_0018,team_0013,2,144.67789514286733,0.23873781224157209,0.22750232608196164,0.53375986167646639,2,0.53375986167646639,0.53375986167646639,0.62780923840114944,0.32613291795054311,144.67789514286733,2,名古屋,京都,opening,2,2,1,1,1,1,ESTABLISHED,ESTABLISHED,0,0,1,1,0,0
2023,28179,2023-02-26,team_0006,team_0019,0,180.23497853415302,0.21405467329061051,0.21846537635636812,0.56747995035302135,2,0.56747995035302135,0.21405467329061051,1.5415238139240202,0.98747067129552601,180.23497853415302,2,広島,新潟,opening,2,2,1,1,1,1,ESTABLISHED,RETURNING,1,1,0,1,0,0
2023,28180,2023-02-26,team_0009,team_0003,1,-60.532359895839591,0.40360855015478908,0.25886859450723071,0.33752285533798027,0,0.40360855015478908,0.25886859450723071,1.3514347031467093,0.82609729984124169,60.532359895839591,2,柏,FC東京,opening,2,2,1,1,1,1,ESTABLISHED,ESTABLISHED,0,0,1,0,1,0
2023,28181,2023-03-03,team_0033,team_0006,1,174.16748455171546,0.21815713212976784,0.22006114454784217,0.56178172332238996,2,0.56178172332238996,0.22006114454784217,1.5138498414821784,0.97149585720218123,174.16748455171546,3,横浜FM,広島,opening,3,3,1,1,1,1,ESTABLISHED,ESTABLISHED,0,0,1,1,0,0
2023,28182,2023-03-04,team_0010,team_0026,1,216.67354978753406,0.19040933947401187,0.20848653909077516,0.60110412143521297,2,0.60110412143521297,0.20848653909077516,1.5678808005431202,1.0240754401658276,216.67354978753406,3,川崎Ｆ,湘南,opening,3,3,1,1,1,1,ESTABLISHED,ESTABLISHED,0,0,1,1,0,0
2023,28183,2023-03-04,team_0019,team_0023,1,-91.277651687256139,0.42989584465940489,0.25984884005616615,0.31025531528442912,0,0.42989584465940489,0.25984884005616615,1.3476552014354128,0.82889253748386627,91.277651687256139,3,新潟,札幌,opening,3,3,1,1,1,1,RETURNING,ESTABLISHED,1,1,0,0,1,0
2023,28184,2023-03-04,team_0013,team_0003,2,-94.833265788230392,0.43293421699534063,0.25989636101614444,0.30716942198851482,0,0.43293421699534063,0.30716942198851482,1.1803558204606386,0.73499236454253136,94.833265788230392,3,京都,FC東京,opening,3,3,1,1,1,1,ESTABLISHED,ESTABLISHED,0,0,1,0,1,0
2023,28185,2023-03-04,team_0030,team_0002,2,17.446668593700451,0.33776099873493037,0.25180660486527551,0.41043239639979406,2,0.41043239639979406,0.41043239639979406,0.89054404964507483,0.52507901773508425,17.446668593700451,3,浦和,Ｃ大阪,opening,3,3,1,1,1,1,ESTABLISHED,ESTABLISHED,0,0,1,1,0,0
2023,28186,2023-03-04,team_0004,team_0009,2,8.8411481620908035,0.34491018029920378,0.25290246762411162,0.40218735207668466,2,0.40218735207668466,0.40218735207668466,0.91083724898865792,0.54030265262147981,8.8411481620908035,3,福岡,柏,opening,3,3,1,1,1,1,ESTABLISHED,ESTABLISHED,0,0,1,1,0,0
2023,28187,2023-03-04,team_0029,team_0018,2,-113.56096718764593,0.44891057737756779,0.25992388460715166,0.29116553801528067,0,0.44891057737756779,0.29116553801528067,1.233863314390641,0.77152742676789965,113.56096718764593,3,鳥栖,名古屋,opening,3,3,1,1,1,1,ESTABLISHED,ESTABLISHED,0,0,1,0,1,0
2023,28188,2023-03-04,team_0032,team_0008,0,-236.02289795918296,0.55010327396176661,0.25148944215713293,0.19840728388110043,0,0.55010327396176661,0.55010327396176661,0.59764924754278237,0.30501945391350271,236.02289795918296,3,横浜FC,鹿島,opening,3,3,1,1,1,1,RETURNING,ESTABLISHED,1,1,0,0,1,0
2023,28189,2023-03-04,team_0011,team_0005,2,89.270092966370612,0.28005572815338114,0.23981862434744416,0.48012564749917463,2,0.48012564749917463,0.48012564749917463,0.73370744371156305,0.40621352584357351,89.270092966370612,3,神戸,Ｇ大阪,opening,3,3,1,1,1,1,ESTABLISHED,ESTABLISHED,0,0,1,1,0,0
2023,28190,2023-03-11,team_0019,team_0010,2,-301.68111748882711,0.60021042255365187,0.24174864802336762,0.15804092942298048,0,0.60021042255365187,0.15804092942298048,1.8449012325211569,1.1275900366900777,301.68111748882711,4,新潟,川崎Ｆ,opening,4,4,1,1,1,1,RETURNING,ESTABLISHED,1,1,0,0,1,0
2023,28191,2023-03-11,team_0011,team_0030,0,17.574473285871363,0.33765512823750549,0.25178975479057336,0.41055511697192115,2,0.41055511697192115,0.33765512823750549,1.0857302350490634,0.67065431383940011,17.574473285871363,4,神戸,浦和,opening,4,4,1,1,1,1,ESTABLISHED,ESTABLISHED,0,0,1,1,0,0
2023,28192,2023-03-12,team_0002,team_0029,2,28.913480465964085,0.3283002237358954,0.25022853594465094,0.4214712403194536,2,0.4214712403194536,0.4214712403194536,0.86400373561318689,0.50509088288355386,28.913480465964085,4,Ｃ大阪,鳥栖,opening,4,4,1,1,1,1,ESTABLISHED,ESTABLISHED,0,0,1,1,0,0
2023,28193,2023-03-12,team_0023,team_0033,2,-194.99754928699031,0.51710193235252555,0.25587438888560071,0.22702367876187377,0,0.51710193235252555,0.22702367876187377,1.4827009552145081,0.93035850452512237,194.99754928699031,4,札幌,横浜FM,opening,4,4,1,1,1,1,ESTABLISHED,ESTABLISHED,0,0,1,0,1,0
2023,28194,2023-03-12,team_0008,team_0004,1,122.372672593792,0.25497801527987451,0.23274364275323475,0.5122783419668907,2,0.5122783419668907,0.23274364275323475,1.4578176768253326,0.91612520565998634,122.372672593792,4,鹿島,福岡,opening,4,4,1,1,1,1,ESTABLISHED,ESTABLISHED,0,0,1,1,0,0
2023,28195,2023-03-12,team_0009,team_0018,0,-123.49413851402869,0.45735747797757809,0.25978802780251647,0.28285449421990538,0,0.45735747797757809,0.45735747797757809,0.78228996634637826,0.44195739099677422,123.49413851402869,4,柏,名古屋,opening,4,4,1,1,1,1,ESTABLISHED,ESTABLISHED,0,0,1,0,1,0
2023,28196,2023-03-12,team_0003,team_0032,2,180.3387549136346,0.21398490812356513,0.21843790478310529,0.5675771870933296,2,0.5675771870933296,0.5675771870933296,0.56637852637618147,0.28049414827280084,180.3387549136346,4,FC東京,横浜FC,opening,4,4,1,1,1,1,ESTABLISHED,RETURNING,1,1,0,1,0,0
2023,28197,2023-03-12,team_0026,team_0013,0,72.057553275350529,0.29351236975691064,0.24313219637919734,0.46335543386389205,2,0.46335543386389205,0.29351236975691064,1.2258354949226671,0.77293629469386427,72.057553275350529,4,湘南,京都,opening,4,4,1,1,1,1,ESTABLISHED,ESTABLISHED,0,0,1,1,0,0
2023,28198,2023-03-12,team_0005,team_0006,0,-85.938528067197467,0.42533158729075876,0.2597519535346286,0.31491645917461264,0,0.42533158729075876,0.42533158729075876,0.85488620886970845,0.49688723818989011,85.938528067197467,4,Ｇ大阪,広島,opening,4,4,1,1,1,1,ESTABLISHED,ESTABLISHED,0,0,1,0,1,0
2023,28199,2023-03-18,team_0033,team_0008,2,98.560605602978058,0.27290662050924352,0.23792333415248951,0.48917004533826708,2,0.48917004533826708,0.48917004533826708,0.71504510897709461,0.39203277903172162,98.560605602978058,5,横浜FM,鹿島,opening,5,5,1,1,1,1,ESTABLISHED,ESTABLISHED,0,0,1,1,0,0
2023,28200,2023-03-18,team_0032,team_0013,0,-136.30926206287427,0.4682165184747859,0.25946112151020267,0.27232236001501137,0,0.4682165184747859,0.4682165184747859,0.75882444373865388,0.42427321256255524,136.30926206287427,5,横浜FC,京都,opening,5,5,1,1,1,1,RETURNING,ESTABLISHED,1,1,0,0,1,0
2023,28201,2023-03-18,team_0018,team_0003,1,71.062769583768159,0.29429808833480736,0.24331561249770672,0.46238629916748597,2,0.46238629916748597,0.24331561249770672,1.4133958615115947,0.87298371674504671,71.062769583768159,5,名古屋,FC東京,opening,5,5,1,1,1,1,ESTABLISHED,ESTABLISHED,0,0,1,1,0,0
2023,28202,2023-03-18,team_0030,team_0019,2,140.94079749834646,0.24141955828312028,0.22840508554077071,0.530175356176109,2,0.530175356176109,0.530175356176109,0.63454746644866455,0.33118748216674976,140.94079749834646,5,浦和,新潟,opening,5,5,1,1,1,1,ESTABLISHED,RETURNING,1,1,0,1,0,0
2023,28203,2023-03-18,team_0005,team_0023,1,-76.82351227978279,0.41753665401248102,0.25951547602594027,0.32294786996157865,0,0.41753665401248102,0.25951547602594027,1.3489389402895655,0.82694951440174891,76.82351227978279,5,Ｇ大阪,札幌,opening,5,5,1,1,1,1,ESTABLISHED,ESTABLISHED,0,0,1,0,1,0
2023,28204,2023-03-18,team_0029,team_0011,0,-63.360568725783878,0.40602534039051313,0.25900156692008686,0.33497309268940001,0,0.40602534039051313,0.40602534039051313,0.90133970657316576,0.53209468075116728,63.360568725783878,5,鳥栖,神戸,opening,5,5,1,1,1,1,ESTABLISHED,ESTABLISHED,0,0,1,0,1,0
2023,28205,2023-03-18,team_0010,team_0002,1,168.07627912913563,0.22232172711639897,0.22164198943077987,0.55603628345282119,2,0.55603628345282119,0.22164198943077987,1.5066918590677589,0.96444449148131883,168.07627912913563,5,川崎Ｆ,Ｃ大阪,opening,5,5,1,1,1,1,ESTABLISHED,ESTABLISHED,0,0,1,1,0,0
2023,28206,2023-03-19,team_0006,team_0009,2,135.3965247581466,0.24542759483816379,0.22972653654659525,0.52484586861524096,2,0.52484586861524096,0.52484586861524096,0.64465064308462938,0.3387804344737449,135.3965247581466,5,広島,柏,opening,5,5,1,1,1,1,ESTABLISHED,ESTABLISHED,0,0,1,1,0,0
2023,28207,2023-03-19,team_0004,team_0026,2,-7.7440358724024918,0.35879266733182297,0.25479675388200562,0.38641057878617147,2,0.38641057878617147,0.38641057878617147,0.95085479920753679,0.57014554174541265,7.7440358724024918,5,福岡,湘南,opening,5,5,1,1,1,1,ESTABLISHED,ESTABLISHED,0,0,1,1,0,1
2023,28208,2023-03-31,team_0009,team_0030,0,-144.1946000762282,0.4748722371321269,0.25917625881353729,0.26595150405433576,0,0.4748722371321269,0.4748722371321269,0.74470948558629357,0.41366170297596228,144.1946000762282,6,柏,浦和,middle,6,6,0,0,0,0,ESTABLISHED,ESTABLISHED,0,0,1,0,1,0
2023,28209,2023-04-01,team_0032,team_0004,1,-177.23506963599357,0.50248403527706365,0.25730966732046845,0.24020629740246782,0,0.50248403527706365,0.25730966732046845,1.3574749882258732,0.86177820127575744,177.23506963599357,6,横浜FC,福岡,middle,6,6,0,0,0,0,RETURNING,ESTABLISHED,1,1,0,0,1,0
2023,28210,2023-04-01,team_0019,team_0018,0,-158.19137207097765,0.48662852779454996,0.2585164062664827,0.25485506593896723,0,0.48662852779454996,0.48662852779454996,0.72025422356420643,0.39533210541808367,158.19137207097765,6,新潟,名古屋,middle,6,6,0,0,0,0,RETURNING,ESTABLISHED,1,1,0,0,1,0
2023,28211,2023-04-01,team_0013,team_0011,0,-75.216433672697349,0.41616222591224578,0.25946446281762697,0.32437331127012731,0,0.41616222591224578,0.41616222591224578,0.87668012860269884,0.51340639898133023,75.216433672697349,6,京都,神戸,middle,6,6,0,0,0,0,ESTABLISHED,ESTABLISHED,0,0,1,0,1,0
2023,28212,2023-04-01,team_0008,team_0006,0,8.6207853509231427,0.34509376582420137,0.25292952334588159,0.40197671082991704,2,0.40197671082991704,0.34509376582420137,1.0639391138799441,0.65446079539193969,8.6207853509231427,6,鹿島,広島,middle,6,6,0,0,0,0,ESTABLISHED,ESTABLISHED,0,0,1,1,0,0
2023,28213,2023-04-01,team_0026,team_0005,2,43.571059668158796,0.31632835530964115,0.24801923388569858,0.43565241080466033,2,0.43565241080466033,0.43565241080466033,0.83091057650938638,0.4800653701807433,43.571059668158796,6,湘南,Ｇ大阪,middle,6,6,0,0,0,0,ESTABLISHED,ESTABLISHED,0,0,1,1,0,0
2023,28214,2023-04-01,team_0029,team_0003,2,-70.845147467044853,0.41242399560492682,0.25931154399672962,0.32826446039834362,0,0.41242399560492682,0.32826446039834362,1.1139357137662049,0.68856466416462903,70.845147467044853,6,鳥栖,FC東京,middle,6,6,0,0,0,0,ESTABLISHED,ESTABLISHED,0,0,1,0,1,0
2023,28215,2023-04-01,team_0002,team_0033,2,-157.9416237834937,0.48641946716566703,0.25852988711783914,0.255050645716494,0,0.48641946716566703,0.255050645716494,1.3662931428912779,0.8583911410183066,157.9416237834937,6,Ｃ大阪,横浜FM,middle,6,6,0,0,0,0,ESTABLISHED,ESTABLISHED,0,0,1,0,1,0
2023,28216,2023-04-01,team_0023,team_0010,0,-151.73610843047481,0.48121638880525158,0.25884502271907123,0.25993858847567719,0,0.48121638880525158,0.48121638880525158,0.73143823726280333,0.40370525080942776,151.73610843047481,6,札幌,川崎Ｆ,middle,6,6,0,0,0,0,ESTABLISHED,ESTABLISHED,0,0,1,0,1,0
2023,28217,2023-04-08,team_0033,team_0032,2,359.84016440858068,0.11477671342067736,0.16565434461452522,0.71956894196479737,2,0.71956894196479737,0.71956894196479737,0.32910293797504259,0.11925663414406336,359.84016440858068,7,横浜FM,横浜FC,middle,7,7,0,0,0,0,ESTABLISHED,RETURNING,1,1,0,1,0,0
2023,28218,2023-04-09,team_0002,team_0023,0,36.615060024673994,0.32199185655313933,0.24909424627084234,0.42891389717601824,2,0.42891389717601824,0.32199185655313933,1.1332290239651732,0.7057101172962178,36.615060024673994,7,Ｃ大阪,札幌,middle,7,7,0,0,0,0,ESTABLISHED,ESTABLISHED,0,0,1,1,0,0
2023,28219,2023-04-09,team_0011,team_0019,1,172.17048154622512,0.21951743350239256,0.22058180174001943,0.5599007647575881,2,0.5599007647575881,0.22058180174001943,1.5114866699444618,0.96916949776644379,172.17048154622512,7,神戸,新潟,middle,7,7,0,0,0,0,ESTABLISHED,RETURNING,1,1,0,1,0,0
2023,28220,2023-04-09,team_0006,team_0029,2,126.18603166565936,0.25216233513815589,0.23187318167693985,0.51596448318490429,2,0.51596448318490429,0.51596448318490429,0.66171734690654604,0.35164139718177156,126.18603166565936,7,広島,鳥栖,middle,7,7,0,0,0,0,ESTABLISHED,ESTABLISHED,0,0,1,1,0,0
2023,28221,2023-04-09,team_0003,team_0026,1,27.34434264652964,0.32959016088699272,0.25045235195392612,0.41995748715908116,2,0.41995748715908116,0.25045235195392612,1.3844865883105428,0.84681564186588465,27.34434264652964,7,FC東京,湘南,middle,7,7,0,0,0,0,ESTABLISHED,ESTABLISHED,0,0,1,1,0,0
2023,28222,2023-04-09,team_0018,team_0030,1,8.2738081208992753,0.34538288496921987,0.25297202225287418,0.40164509277790589,2,0.40164509277790589,0.25297202225287418,1.3744763803502105,0.8386589173191944,8.2738081208992753,7,名古屋,浦和,middle,7,7,0,0,0,0,ESTABLISHED,ESTABLISHED,0,0,1,1,0,0
2023,28223,2023-04-09,team_0005,team_0010,2,-259.45963126016181,0.56840364222910622,0.24836748908930603,0.1832288686815878,0,0.56840364222910622,0.1832288686815878,1.6970192590168818,1.0518841910909993,259.45963126016181,7,Ｇ大阪,川崎Ｆ,middle,7,7,0,0,0,0,ESTABLISHED,ESTABLISHED,0,0,1,0,1,0
2023,28224,2023-04-09,team_0004,team_0013,2,26.695565869399161,0.33012394636060116,0.25054416582583033,0.4193318878135685,2,0.4193318878135685,0.4193318878135685,0.86909257758125114,0.5089296555002123,26.695565869399161,7,福岡,京都,middle,7,7,0,0,0,0,ESTABLISHED,ESTABLISHED,0,0,1,1,0,0
2023,28225,2023-04-09,team_0009,team_0008,2,-146.68830458297361,0.47697243920577198,0.25907305561740057,0.2639545051768275,0,0.47697243920577198,0.2639545051768275,1.331978519561801,0.83638452635832938,146.68830458297361,7,柏,鹿島,middle,7,7,0,0,0,0,ESTABLISHED,ESTABLISHED,0,0,1,0,1,0
2023,28226,2023-04-15,team_0032,team_0006,0,-284.7168627284268,0.58761900696116387,0.24455170852591951,0.16782928451291654,0,0.58761900696116387,0.58761900696116387,0.53167648843707171,0.25803029030276037,284.7168627284268,8,横浜FC,広島,middle,8,8,0,0,0,0,RETURNING,ESTABLISHED,1,1,0,0,1,0
2023,28227,2023-04-15,team_0030,team_0023,2,63.435134531462154,0.30035036199096377,0.24469184841302982,0.45495778959600641,2,0.45495778959600641,0.45495778959600641,0.78755063445326745,0.44715545174995941,63.435134531462154,8,浦和,札幌,middle,8,8,0,0,0,0,ESTABLISHED,ESTABLISHED,0,0,1,1,0,0
2023,28228,2023-04-15,team_0010,team_0018,0,84.808667115407161,0.28351787458277772,0.2407025350777742,0.47577959033944811,2,0.47577959033944811,0.28351787458277772,1.2604801081271766,0.79765056501882037,84.808667115407161,8,川崎Ｆ,名古屋,middle,8,8,0,0,0,0,ESTABLISHED,ESTABLISHED,0,0,1,1,0,0
2023,28229,2023-04-15,team_0026,team_0033,1,-178.35173613751476,0.50340814995619498,0.25722810774090993,0.23936374230289501,0,0.50340814995619498,0.25722810774090993,1.3577920089936171,0.8624248505017148,178.35173613751476,8,湘南,横浜FM,middle,8,8,0,0,0,0,ESTABLISHED,ESTABLISHED,0,0,1,0,1,0
2023,28230,2023-04-15,team_0029,team_0009,1,38.124989745204175,0.32075966297252489,0.24886494484844035,0.43037539217903487,2,0.43037539217903487,0.24886494484844035,1.3908449198310919,0.85231361066104239,38.124989745204175,8,鳥栖,柏,middle,8,8,0,0,0,0,ESTABLISHED,ESTABLISHED,0,0,1,1,0,0
2023,28231,2023-04-15,team_0008,team_0011,0,-23.323255681073078,0.3719378777484677,0.25631080589385657,0.37175131635767572,0,0.3719378777484677,0.3719378777484677,0.98902843395407614,0.59835629983872174,23.323255681073078,8,鹿島,神戸,middle,8,8,0,0,0,0,ESTABLISHED,ESTABLISHED,0,0,1,0,1,1
2023,28232,2023-04-15,team_0003,team_0002,0,-12.854227487076287,0.36309443575738726,0.25532191745173982,0.38158364679087292,2,0.38158364679087292,0.36309443575738726,1.0130923249497488,0.61644405879265551,12.854227487076287,8,FC東京,Ｃ大阪,middle,8,8,0,0,0,0,ESTABLISHED,ESTABLISHED,0,0,1,1,0,1
2023,28233,2023-04-15,team_0013,team_0005,2,6.5220187813627035,0.34684349869154296,0.25318467468365524,0.39997182662480185,2,0.39997182662480185,0.39997182662480185,0.91636116779270149,0.54443670092323559,6.5220187813627035,8,京都,Ｇ大阪,middle,8,8,0,0,0,0,ESTABLISHED,ESTABLISHED,0,0,1,1,0,0
2023,28234,2023-04-15,team_0019,team_0004,2,-80.998115889200562,0.42110690002481671,0.25963492612631595,0.31925817384886723,0,0.42110690002481671,0.31925817384886723,1.1417551811118367,0.70815074998470751,80.998115889200562,8,新潟,福岡,middle,8,8,0,0,0,0,RETURNING,ESTABLISHED,1,1,0,0,1,0
2023,28235,2023-04-22,team_0006,team_0003,0,120.9241554664211,0.25605168762246472,0.23307141964088784,0.51087689273664738,2,0.51087689273664738,0.25605168762246472,1.3623759501073478,0.86877657767505356,120.9241554664211,9,広島,FC東京,middle,9,9,0,0,0,0,ESTABLISHED,ESTABLISHED,0,0,1,1,0,0
2023,28236,2023-04-22,team_0011,team_0033,0,-87.322820961082698,0.42651514897203779,0.25978002126066663,0.31370482976729558,0,0.42651514897203779,0.42651514897203779,0.85210739340326636,0.49478125402408429,87.322820961082698,9,神戸,横浜FM,middle,9,9,0,0,0,0,ESTABLISHED,ESTABLISHED,0,0,1,0,1,0
2023,28237,2023-04-23,team_0023,team_0004,1,37.739065238671856,0.32107445391219652,0.24892376675141786,0.43000177933638561,2,0.43000177933638561,0.24892376675141786,1.3906085870180707,0.85210584333835149,37.739065238671856,9,札幌,福岡,middle,9,9,0,0,0,0,ESTABLISHED,ESTABLISHED,0,0,1,1,0,0
2023,28238,2023-04-23,team_0019,team_0008,0,-93.80935218598438,0.43205937320670446,0.25988406742382369,0.30805655936947174,0,0.43205937320670446,0.43205937320670446,0.83919226220327792,0.48499512783366888,93.80935218598438,9,新潟,鹿島,middle,9,9,0,0,0,0,RETURNING,ESTABLISHED,1,1,0,0,1,0
2023,28239,2023-04-23,team_0013,team_0029,0,10.991525069429827,0.34312000809820636,0.25263580281888437,0.40424418908290927,2,0.40424418908290927,0.34312000809820636,1.0696750151718384,0.6587295370341415,10.991525069429827,9,京都,鳥栖,middle,9,9,0,0,0,0,ESTABLISHED,ESTABLISHED,0,0,1,1,0,0
2023,28240,2023-04-23,team_0002,team_0009,2,110.52976832023364,0.26382163080503507,0.23537607957054729,0.50080228962441764,2,0.50080228962441764,0.50080228962441764,0.69154388727295824,0.37420210575885265,110.52976832023364,9,Ｃ大阪,柏,middle,9,9,0,0,0,0,ESTABLISHED,ESTABLISHED,0,0,1,1,0,0
2023,28241,2023-04-23,team_0018,team_0026,1,115.72326094659434,0.25992519478486487,0.23423507535096036,0.5058397298641748,2,0.5058397298641748,0.23423507535096036,1.4514300723758917,0.90983085901576066,115.72326094659434,9,名古屋,湘南,middle,9,9,0,0,0,0,ESTABLISHED,ESTABLISHED,0,0,1,1,0,0
2023,28242,2023-04-23,team_0010,team_0030,1,48.004636873913341,0.31273638310133201,0.2473093526908918,0.43995426420777617,2,0.43995426420777617,0.2473093526908918,1.3971152859588483,0.85790701045651307,48.004636873913341,9,川崎Ｆ,浦和,middle,9,9,0,0,0,0,ESTABLISHED,ESTABLISHED,0,0,1,1,0,0
2023,28243,2023-04-23,team_0005,team_0032,1,140.59847709493056,0.24166601141710098,0.22848729836448725,0.5298466902184118,2,0.5298466902184118,0.22848729836448725,1.4762746572192076,0.93437182499458382,140.59847709493056,9,Ｇ大阪,横浜FC,middle,9,9,0,0,0,0,ESTABLISHED,RETURNING,1,1,0,1,0,0
2023,28244,2023-04-29,team_0032,team_0023,0,-203.64039709353528,0.52414753777271339,0.25507175342906269,0.22078070879822387,0,0.52414753777271339,0.52414753777271339,0.64598207365690241,0.34024128658259389,203.64039709353528,10,横浜FC,札幌,middle,10,10,0,0,0,0,RETURNING,ESTABLISHED,1,1,0,0,1,0
2023,28245,2023-04-29,team_0002,team_0006,0,-34.76547123011801,0.38164366965589064,0.25725696449915425,0.36109936584495517,0,0.38164366965589064,0.38164366965589064,0.9632679076539683,0.57893844907358116,34.76547123011801,10,Ｃ大阪,広島,middle,10,10,0,0,0,0,ESTABLISHED,ESTABLISHED,0,0,1,0,1,1
2023,28246,2023-04-29,team_0011,team_0026,2,61.771135093083331,0.30167706197605804,0.24498492832972657,0.45333800969421539,2,0.45333800969421539,0.45333800969421539,0.7911172734714077,0.44986599647630932,61.771135093083331,10,神戸,湘南,middle,10,10,0,0,0,0,ESTABLISHED,ESTABLISHED,0,0,1,1,0,0
2023,28247,2023-04-29,team_0009,team_0013,1,-15.238021056192338,0.36510461216362711,0.25555738926696275,0.37933799856941014,2,0.37933799856941014,0.25555738926696275,1.3643082790343954,0.83139349565681886,15.238021056192338,10,柏,京都,middle,10,10,0,0,0,0,ESTABLISHED,ESTABLISHED,0,0,1,1,0,1
2023,28248,2023-04-29,team_0003,team_0019,2,102.47396462166216,0.26992041858206273,0.23710335927619317,0.49297622214174425,2,0.49297622214174425,0.49297622214174425,0.70729433705240541,0.38614814666122943,102.47396462166216,10,FC東京,新潟,middle,10,10,0,0,0,0,ESTABLISHED,RETURNING,1,1,0,1,0,0
2023,28249,2023-04-29,team_0033,team_0018,1,91.307448904947478,0.27848089976529899,0.23940926921200667,0.48210983102269428,2,0.48210983102269428,0.23940926921200667,1.4295807680948296,0.88847976046343513,91.307448904947478,10,横浜FM,名古屋,middle,10,10,0,0,0,0,ESTABLISHED,ESTABLISHED,0,0,1,1,0,0
2023,28250,2023-04-29,team_0004,team_0010,0,-144.63264493419251,0.47524132702632377,0.25915858437904143,0.26560008859463474,0,0.47524132702632377,0.47524132702632377,0.74393254706718082,0.41307824377992014,144.63264493419251,10,福岡,川崎Ｆ,middle,10,10,0,0,0,0,ESTABLISHED,ESTABLISHED,0,0,1,0,1,0
2023,28251,2023-04-29,team_0008,team_0005,2,108.42927237149456,0.26540547802772613,0.23583149377839485,0.49876302819387902,2,0.49876302819387902,0.49876302819387902,0.69562418942724125,0.37729506313024497,108.42927237149456,10,鹿島,Ｇ大阪,middle,10,10,0,0,0,0,ESTABLISHED,ESTABLISHED,0,0,1,1,0,0
2023,28253,2023-05-03,team_0023,team_0008,0,-14.919204731784475,0.36483564051637907,0.25552624758133358,0.37963811190228736,2,0.37963811190228736,0.36483564051637907,1.0083083267702422,0.61285252276996915,14.919204731784475,11,札幌,鹿島,middle,11,11,0,0,0,0,ESTABLISHED,ESTABLISHED,0,0,1,1,0,1
2023,28254,2023-05-03,team_0013,team_0010,0,-207.17937220618546,0.52701892502343461,0.25472391559300883,0.21825715938355644,0,0.52701892502343461,0.52701892502343461,0.64051882022514695,0.33623155808320082,207.17937220618546,11,京都,川崎Ｆ,middle,11,11,0,0,0,0,ESTABLISHED,ESTABLISHED,0,0,1,0,1,0
2023,28255,2023-05-03,team_0005,team_0002,0,-99.7704147269435,0.43715098360262666,0.2599398781389769,0.30290913825839644,0,0.43715098360262666,0.43715098360262666,0.82747664332316551,0.47612170154684125,99.7704147269435,11,Ｇ大阪,Ｃ大阪,middle,11,11,0,0,0,0,ESTABLISHED,ESTABLISHED,0,0,1,0,1,0
2023,28256,2023-05-03,team_0018,team_0011,1,36.989838713865311,0.32168587099184909,0.24903754200362635,0.42927658700452465,2,0.42927658700452465,0.24903754200362635,1.3901516227833484,0.85170480106599311,36.989838713865311,11,名古屋,神戸,middle,11,11,0,0,0,0,ESTABLISHED,ESTABLISHED,0,0,1,1,0,0
2023,28257,2023-05-03,team_0004,team_0003,2,-38.281014269781508,0.38463281810625694,0.25751927557791343,0.35784790631582958,0,0.38463281810625694,0.35784790631582958,1.0276472255458755,0.62661789348149788,38.281014269781508,11,福岡,FC東京,middle,11,11,0,0,0,0,ESTABLISHED,ESTABLISHED,0,0,1,0,1,1
2023,28258,2023-05-03,team_0029,team_0033,0,-207.70048941972232,0.52744105583645562,0.2546717656803747,0.21788717848316971,0,0.52744105583645562,0.52744105583645562,0.63971816236570422,0.3356444864910802,207.70048941972232,11,鳥栖,横浜FM,middle,10,11,0,0,0,0,ESTABLISHED,ESTABLISHED,0,0,1,0,1,0
2023,28259,2023-05-03,team_0032,team_0019,2,-105.43769157930728,0.44198743411693003,0.25995774649810538,0.29805481938496464,0,0.44198743411693003,0.29805481938496464,1.210477851727203,0.75565795847031547,105.43769157930728,11,横浜FC,新潟,middle,11,11,0,0,0,0,RETURNING,RETURNING,1,1,0,0,1,0
2023,28261,2023-05-03,team_0026,team_0009,0,80.132093670894164,0.28716660764170909,0.24161041862361987,0.47122297373467098,2,0.47122297373467098,0.28716660764170909,1.247692717224794,0.78855813062385649,80.132093670894164,11,湘南,柏,middle,11,11,0,0,0,0,ESTABLISHED,ESTABLISHED,0,0,1,1,0,0
2023,28262,2023-05-06,team_0023,team_0003,2,1.083350703009728,0.35138781367127686,0.25382447288671484,0.3947877134420083,2,0.3947877134420083,0.3947877134420083,0.92940709287463541,0.55418217043365114,1.083350703009728,12,札幌,FC東京,middle,12,12,0,0,0,0,ESTABLISHED,ESTABLISHED,0,0,1,1,0,1
2023,28263,2023-05-06,team_0018,team_0005,2,194.97210522211753,0.20428447707784372,0.21450701803094982,0.58120850489120646,2,0.58120850489120646,0.58120850489120646,0.54264571406340145,0.26313172473495694,194.97210522211753,12,名古屋,Ｇ大阪,middle,12,12,0,0,0,0,ESTABLISHED,ESTABLISHED,0,0,1,1,0,0
2023,28264,2023-05-07,team_0006,team_0004,2,114.75640996912534,0.26064844194068582,0.23444909444045495,0.50490246361885927,2,0.50490246361885927,0.50490246361885927,0.68339000970976305,0.36802555870073139,114.75640996912534,12,広島,福岡,middle,11,12,0,0,0,0,ESTABLISHED,ESTABLISHED,0,0,1,1,0,0
2023,28265,2023-05-07,team_0033,team_0013,2,262.15004821892398,0.16337319940094422,0.19528789978911407,0.64133890080994171,2,0.64133890080994171,0.64133890080994171,0.44419725536569271,0.19346595015876455,262.15004821892398,12,横浜FM,京都,middle,12,12,0,0,0,0,ESTABLISHED,ESTABLISHED,0,0,1,1,0,0
2023,28266,2023-05-07,team_0019,team_0009,1,-52.648931751838063,0.39687657045389146,0.25845205615574102,0.34467137339036752,0,0.39687657045389146,0.25845205615574102,1.353045071652095,0.82620272082969293,52.648931751838063,12,新潟,柏,middle,12,12,0,0,0,0,RETURNING,ESTABLISHED,1,1,0,0,1,0
2023,28267,2023-05-07,team_0002,team_0008,0,-21.738272031548604,0.37059655836722383,0.25616863061142142,0.37323481102135486,2,0.37323481102135486,0.37059655836722383,0.99264125182477103,0.60107528380666086,21.738272031548604,12,Ｃ大阪,鹿島,middle,12,12,0,0,0,0,ESTABLISHED,ESTABLISHED,0,0,1,1,0,1
2023,28268,2023-05-07,team_0011,team_0032,2,271.92083875049843,0.15793094088569107,0.19237502378893639,0.64969403532537251,2,0.64969403532537251,0.64969403532537251,0.43125374179752568,0.18466460075345487,271.92083875049843,12,神戸,横浜FC,middle,12,12,0,0,0,0,ESTABLISHED,RETURNING,1,1,0,1,0,0
2023,28269,2023-05-07,team_0010,team_0029,2,207.14386208534825,0.19642620868209373,0.21115641730414966,0.5924173740137566,2,0.5924173740137566,0.5924173740137566,0.52354386883868331,0.24929388503178762,207.14386208534825,12,川崎Ｆ,鳥栖,middle,12,11,0,0,0,0,ESTABLISHED,ESTABLISHED,0,0,1,1,0,0
2023,28252,2023-05-10,team_0030,team_0029,0,149.19480619413321,0.23551810157210171,0.22639855069674186,0.5380833477311564,2,0.5380833477311564,0.23551810157210171,1.4459675040545228,0.92522256588707719,149.19480619413321,10,浦和,鳥栖,middle,10,12,0,0,0,0,ESTABLISHED,ESTABLISHED,0,0,1,1,0,0
2023,28271,2023-05-12,team_0003,team_0010,2,-172.94728539221796,0.49892958234602192,0.25761184222197958,0.24345857543199859,0,0.49892958234602192,0.24345857543199859,1.4128084723609482,0.88764951648035895,172.94728539221796,13,FC東京,川崎Ｆ,middle,13,13,0,0,0,0,ESTABLISHED,ESTABLISHED,0,0,1,0,1,0
2023,28272,2023-05-13,team_0011,team_0006,2,-22.549390395537102,0.37128287815225569,0.25624172601562972,0.37247539583211459,2,0.37247539583211459,0.37247539583211459,0.98758429480142695,0.59729792659655312,22.549390395537102,13,神戸,広島,middle,13,12,0,0,0,0,ESTABLISHED,ESTABLISHED,0,0,1,1,0,1
2023,28273,2023-05-13,team_0026,team_0023,0,-40.289461742920594,0.38634184519931725,0.2576631294042962,0.35599502539638661,0,0.38634184519931725,0.38634184519931725,0.95103269211321284,0.56969907731476777,40.289461742920594,13,湘南,札幌,middle,12,13,0,0,0,0,ESTABLISHED,ESTABLISHED,0,0,1,0,1,1
2023,28274,2023-05-13,team_0009,team_0032,0,141.21591727314672,0.24122158357485146,0.22833895305334631,0.53043946337180214,2,0.53043946337180214,0.24122158357485146,1.4220393339913984,0.90924938701631985,141.21591727314672,13,柏,横浜FC,middle,13,13,0,0,0,0,ESTABLISHED,RETURNING,1,1,0,1,0,0
2023,28275,2023-05-14,team_0008,team_0018,2,-19.035821140908183,0.36831150396824447,0.25592000278329607,0.37576849324845957,2,0.37576849324845957,0.37576849324845957,0.97878203466473024,0.59081338580125098,19.035821140908183,13,鹿島,名古屋,middle,13,13,0,0,0,0,ESTABLISHED,ESTABLISHED,0,0,1,1,0,1
2023,28276,2023-05-14,team_0013,team_0002,0,-90.650579500978665,0.42935988112914614,0.25983905070011576,0.31080106817073799,0,0.42935988112914614,0.42935988112914614,0.8454598279695128,0.48974378150975129,90.650579500978665,13,京都,Ｃ大阪,middle,13,13,0,0,0,0,ESTABLISHED,ESTABLISHED,0,0,1,0,1,0
2023,28277,2023-05-14,team_0004,team_0029,1,-2.083010056146577,0.3540399288554657,0.25418267683286022,0.39177739431167402,2,0.39177739431167402,0.25418267683286022,1.3697020703347076,0.83507727745382598,2.083010056146577,13,福岡,鳥栖,middle,13,13,0,0,0,0,ESTABLISHED,ESTABLISHED,0,0,1,1,0,1
2023,28278,2023-05-14,team_0019,team_0033,2,-312.25084276459052,0.60792227319053449,0.23991213000179301,0.1521655968076725,0,0.60792227319053449,0.1521655968076725,1.8827858984767034,1.1459504955996342,312.25084276459052,13,新潟,横浜FM,middle,13,13,0,0,0,0,RETURNING,ESTABLISHED,1,1,0,0,1,0
2023,28279,2023-05-14,team_0030,team_0005,2,177.21203213309332,0.21609283581304428,0.21926299709293051,0.56464416709402532,2,0.56464416709402532,0.56464416709402532,0.5715595389923962,0.28430707682915268,177.21203213309332,13,浦和,Ｇ大阪,middle,11,13,0,0,0,0,ESTABLISHED,ESTABLISHED,0,0,1,1,0,0
2023,28280,2023-05-19,team_0023,team_0013,2,122.86835186436338,0.25461112679461828,0.23263111350393065,0.5127577597014511,2,0.5127577597014511,0.5127577597014511,0.66795174864547158,0.35634906158885271,122.86835186436338,14,札幌,京都,middle,14,14,0,0,0,0,ESTABLISHED,ESTABLISHED,0,0,1,1,0,0
2023,28281,2023-05-20,team_0004,team_0030,1,-109.71155446488137,0.44563138797190904,0.25994863733827323,0.29441997468981779,0,0.44563138797190904,0.25994863733827323,1.3472712161808729,0.83294647481960171,109.71155446488137,14,福岡,浦和,middle,14,12,0,0,0,0,ESTABLISHED,ESTABLISHED,0,0,1,0,1,0
2023,28282,2023-05-20,team_0008,team_0003,1,81.903892926434992,0.28578188902959395,0.24126871591247384,0.47294939505793221,2,0.47294939505793221,0.24126871591247384,1.4218439628603212,0.88102557983609364,81.903892926434992,14,鹿島,FC東京,middle,14,14,0,0,0,0,ESTABLISHED,ESTABLISHED,0,0,1,1,0,0
2023,28283,2023-05-20,team_0026,team_0002,0,-86.297203850203687,0.42563826254637288,0.25975942425166659,0.31460231320196047,0,0.42563826254637288,0.42563826254637288,0.85416544239613856,0.49634097941033106,86.297203850203687,14,湘南,Ｃ大阪,middle,13,14,0,0,0,0,ESTABLISHED,ESTABLISHED,0,0,1,0,1,0
2023,28284,2023-05-20,team_0018,team_0006,2,-0.70162026280013379,0.35288232374453843,0.25402769937374803,0.3930899768817136,2,0.3930899768817136,0.3930899768817136,0.93371674450922304,0.55739578262190348,0.70162026280013379,14,名古屋,広島,middle,14,13,0,0,0,0,ESTABLISHED,ESTABLISHED,0,0,1,1,0,1
2023,28285,2023-05-20,team_0009,team_0011,1,-169.58837911095065,0.49613862841580075,0.25783628619080362,0.24602508539339571,0,0.49613862841580075,0.25783628619080362,1.355430445120404,0.85748885934419838,169.58837911095065,14,柏,神戸,middle,14,14,0,0,0,0,ESTABLISHED,ESTABLISHED,0,0,1,0,1,0
2023,28286,2023-05-20,team_0029,team_0019,2,84.380835516751631,0.28385084729785859,0.2407863895233954,0.47536276317874598,2,0.47536276317874598,0.47536276317874598,0.74367705447182164,0.41379361915086504,84.380835516751631,14,鳥栖,新潟,middle,14,14,0,0,0,0,ESTABLISHED,RETURNING,1,1,0,1,0,0
2023,28287,2023-05-20,team_0005,team_0033,0,-276.9724392485814,0.58178546575395484,0.24576882005445003,0.1724457141915953,0,0.58178546575395484,0.58178546575395484,0.54165351474914158,0.26504323390864248,276.9724392485814,14,Ｇ大阪,横浜FM,middle,14,14,0,0,0,0,ESTABLISHED,ESTABLISHED,0,0,1,0,1,0
2023,28288,2023-05-20,team_0032,team_0010,2,-322.95018765846658,0.61562181368201341,0.23798696610140974,0.14639122021657683,0,0.61562181368201341,0.14639122021657683,1.9214726504515158,1.1642759624386299,322.95018765846658,14,横浜FC,川崎Ｆ,middle,14,14,0,0,0,0,RETURNING,ESTABLISHED,1,1,0,0,1,0
2023,28289,2023-05-27,team_0023,team_0018,0,-64.352012983662689,0.40687272403085067,0.25904612372387115,0.33408115224527818,0,0.40687272403085067,0.40687272403085067,0.89925485981473186,0.5305150760004792,64.352012983662689,15,札幌,名古屋,middle,15,15,0,0,0,0,ESTABLISHED,ESTABLISHED,0,0,1,0,1,0
2023,28290,2023-05-27,team_0011,team_0003,2,70.14423757317968,0.29502432967644554,0.24348416945120416,0.46149150087235025,2,0.46149150087235025,0.46149150087235025,0.77329164152007956,0.43631529950709269,70.14423757317968,15,神戸,FC東京,middle,15,15,0,0,0,0,ESTABLISHED,ESTABLISHED,0,0,1,1,0,0
2023,28291,2023-05-27,team_0006,team_0026,2,153.65329618256783,0.23236352434591109,0.22529578829480065,0.5423406873592882,2,0.5423406873592882,0.5423406873592882,0.61186090054904219,0.31420304611659722,153.65329618256783,15,広島,湘南,middle,14,14,0,0,0,0,ESTABLISHED,ESTABLISHED,0,0,1,1,0,0
2023,28292,2023-05-27,team_0029,team_0008,1,-89.177207180283858,0.42810046200671525,0.25981438557443365,0.31208515241885115,0,0.42810046200671525,0.25981438557443365,1.3477878045525227,0.82854189173321369,89.177207180283858,15,鳥栖,鹿島,middle,15,15,0,0,0,0,ESTABLISHED,ESTABLISHED,0,0,1,0,1,0
2023,28293,2023-05-27,team_0013,team_0030,0,-179.15233594804408,0.50407029218944965,0.25716890809010151,0.23876079972044884,0,0.50407029218944965,0.50407029218944965,0.68503955200575317,0.3690888418604612,179.15233594804408,15,京都,浦和,middle,15,13,0,0,0,0,ESTABLISHED,ESTABLISHED,0,0,1,0,1,0
2023,28294,2023-05-28,team_0033,team_0004,2,215.99690476545288,0.19083259831927404,0.20867738048969836,0.60049002119102757,2,0.60049002119102757,0.60049002119102757,0.5100092551005414,0.23957155287727333,215.99690476545288,15,横浜FM,福岡,middle,15,15,0,0,0,0,ESTABLISHED,ESTABLISHED,0,0,1,1,0,0
2023,28295,2023-05-28,team_0019,team_0005,0,11.20856534960194,0.34293945798389264,0.25260862166885967,0.40445192034724764,2,0.40445192034724764,0.34293945798389264,1.0702013547310401,0.6591210274885182,11.20856534960194,15,新潟,Ｇ大阪,middle,15,15,0,0,0,0,RETURNING,ESTABLISHED,1,1,0,1,0,0
2023,28296,2023-05-28,team_0002,team_0032,2,205.16172190288717,0.19769272570413141,0.21170674993991873,0.59060052435594979,2,0.59060052435594979,0.59060052435594979,0.52661542183669507,0.25151009242407552,205.16172190288717,15,Ｃ大阪,横浜FC,middle,15,15,0,0,0,0,ESTABLISHED,RETURNING,1,1,0,1,0,0
2023,28297,2023-05-28,team_0010,team_0009,2,212.57639150872001,0.1929815058498249,0.20963918204356588,0.59737931210660933,2,0.59737931210660933,0.59737931210660933,0.51520300368490934,0.24329386656770846,212.57639150872001,15,川崎Ｆ,柏,middle,15,15,0,0,0,0,ESTABLISHED,ESTABLISHED,0,0,1,1,0,0
2023,28260,2023-05-31,team_0030,team_0006,2,9.0637183742467187,0.34472478110126548,0.25287508967448402,0.40240012922425045,2,0.40240012922425045,0.40240012922425045,0.91030833906283604,0.53990659123438622,9.0637183742467187,11,浦和,広島,middle,14,15,0,0,0,0,ESTABLISHED,ESTABLISHED,0,0,1,1,0,0
2023,28299,2023-06-03,team_0003,team_0033,0,-174.41789621772796,0.50014974345943852,0.25751017531567111,0.24234008122489042,0,0.50014974345943852,0.50014974345943852,0.6928477384783237,0.37489048432285932,174.41789621772796,16,FC東京,横浜FM,middle,16,16,0,0,0,0,ESTABLISHED,ESTABLISHED,0,0,1,0,1,0
2023,28300,2023-06-03,team_0026,team_0019,1,53.080618228367712,0.30864168052409446,0.24647329452488945,0.44488502495101606,2,0.44488502495101606,0.24647329452488945,1.4005016300098689,0.86098486824657738,53.080618228367712,16,湘南,新潟,middle,15,16,0,0,0,0,ESTABLISHED,RETURNING,1,1,0,1,0,0
2023,28301,2023-06-03,team_0018,team_0002,2,61.852435766145163,0.3016121892536931,0.24497066887321214,0.45341714187309479,2,0.45341714187309479,0.45341714187309479,0.79094273422794492,0.44973336211277115,61.852435766145163,16,名古屋,Ｃ大阪,middle,16,16,0,0,0,0,ESTABLISHED,ESTABLISHED,0,0,1,1,0,0
2023,28302,2023-06-03,team_0004,team_0005,0,57.207658681279327,0.30532688051931894,0.24577538326550791,0.44889773621517315,2,0.44889773621517315,0.30532688051931894,1.1863723368697885,0.74448545952743495,57.207658681279327,16,福岡,Ｇ大阪,middle,16,16,0,0,0,0,ESTABLISHED,ESTABLISHED,0,0,1,1,0,0
2023,28303,2023-06-03,team_0032,team_0029,0,-141.48507246848703,0.47258767886997366,0.25928126924073686,0.26813105188928937,0,0.47258767886997366,0.47258767886997366,0.74953198551718592,0.4172847940461063,141.48507246848703,16,横浜FC,鳥栖,middle,16,16,0,0,0,0,RETURNING,ESTABLISHED,1,1,0,0,1,0
2023,28304,2023-06-03,team_0009,team_0023,0,-101.0334827935385,0.43822927958864799,0.25994682514451989,0.30182389526683223,0,0.43822927958864799,0.43822927958864799,0.8250130361875172,0.47425635796824872,101.0334827935385,16,柏,札幌,middle,16,16,0,0,0,0,ESTABLISHED,ESTABLISHED,0,0,1,0,1,0
2023,28305,2023-06-04,team_0006,team_0013,2,192.00826338064167,0.20622707692675235,0.21531209271121948,0.57846083036202811,2,0.57846083036202811,0.57846083036202811,0.54738444360873362,0.26658417606450824,192.00826338064167,16,広島,京都,middle,16,16,0,0,0,0,ESTABLISHED,ESTABLISHED,0,0,1,1,0,0
2023,28306,2023-06-04,team_0030,team_0008,1,20.835505999841189,0.33495691394418725,0.25135415572241643,0.41368893033339643,2,0.41368893033339643,0.25135415572241643,1.3808923553720498,0.84380526543349932,20.835505999841189,16,浦和,鹿島,middle,15,16,0,0,0,0,ESTABLISHED,ESTABLISHED,0,0,1,1,0,0
2023,28307,2023-06-10,team_0033,team_0009,2,304.52874496063851,0.14071137881461174,0.18252940551108446,0.67675921567430386,2,0.67675921567430386,0.67675921567430386,0.39043973303437296,0.15760128065563028,304.52874496063851,17,横浜FM,柏,middle,17,17,0,0,0,0,ESTABLISHED,ESTABLISHED,0,0,1,1,0,0
2023,28308,2023-06-10,team_0002,team_0011,2,-42.180717148772374,0.38795196832843887,0.25779459326683524,0.3542534384047259,0,0.38795196832843887,0.3542534384047259,1.0377426943053791,0.63395340385964216,42.180717148772374,17,Ｃ大阪,神戸,middle,17,16,0,0,0,0,ESTABLISHED,ESTABLISHED,0,0,1,0,1,1
2023,28309,2023-06-10,team_0029,team_0023,1,-29.684787382282366,0.37732936127595196,0.25685426530982297,0.36581637341422513,0,0.37732936127595196,0.25685426530982297,1.3592464159781146,0.82846464892705673,29.684787382282366,17,鳥栖,札幌,middle,17,17,0,0,0,0,ESTABLISHED,ESTABLISHED,0,0,1,0,1,1
2023,28310,2023-06-11,team_0019,team_0013,0,-2.9893595209405248,0.35479991724813931,0.25428326788281519,0.39091681486904545,2,0.39091681486904545,0.35479991724813931,1.0362012617819729,0.63375908325553099,2.9893595209405248,17,新潟,京都,middle,17,17,0,0,0,0,RETURNING,ESTABLISHED,1,1,0,1,0,1
2023,28311,2023-06-11,team_0018,team_0004,2,184.85439845269457,0.21096238005283874,0.21723686698214828,0.57180075296501309,2,0.57180075296501309,0.57180075296501309,0.55896468226196105,0.27505157733510771,184.85439845269457,17,名古屋,福岡,middle,17,17,0,0,0,0,ESTABLISHED,ESTABLISHED,0,0,1,1,0,0
2023,28312,2023-06-11,team_0008,team_0026,2,173.76559815695373,0.2184304872056525,0.22016610818090651,0.56140340461344096,2,0.56140340461344096,0.56140340461344096,0.57731555056714912,0.28855196641710634,173.76559815695373,17,鹿島,湘南,middle,17,16,0,0,0,0,ESTABLISHED,ESTABLISHED,0,0,1,1,0,0
2023,28313,2023-06-11,team_0005,team_0003,2,-65.720200170507951,0.40804223201495377,0.25910585825547744,0.33285190972956885,0,0.40804223201495377,0.33285190972956885,1.1000576034437906,0.67872088324153634,65.720200170507951,17,Ｇ大阪,FC東京,middle,17,17,0,0,0,0,ESTABLISHED,ESTABLISHED,0,0,1,0,1,0
2023,28314,2023-06-11,team_0032,team_0030,1,-267.54335263288999,0.57461277567219859,0.24719508083445815,0.17819214349334317,0,0.57461277567219859,0.24719508083445815,1.3975774531335814,0.92864752828829866,267.54335263288999,17,横浜FC,浦和,middle,17,16,0,0,0,0,RETURNING,ESTABLISHED,1,1,0,0,1,0
2023,28315,2023-06-11,team_0010,team_0006,2,49.338991846135286,0.31165812360137096,0.24709197398446767,0.44124990241416134,2,0.44124990241416134,0.44124990241416134,0.81814389189236303,0.47038690116645243,49.338991846135286,17,川崎Ｆ,広島,middle,16,17,0,0,0,0,ESTABLISHED,ESTABLISHED,0,0,1,1,0,0
2023,28316,2023-06-24,team_0023,team_0002,0,-21.084594139430237,0.37004361443609696,0.25610920954595734,0.37384717601794576,2,0.37384717601794576,0.37004361443609696,0.9941344034364813,0.60219868594358483,21.084594139430237,18,札幌,Ｃ大阪,middle,18,18,0,0,0,0,ESTABLISHED,ESTABLISHED,0,0,1,1,0,1
2023,28317,2023-06-24,team_0009,team_0019,1,34.355395307185972,0.32383873320985718,0.24943318217947688,0.42672808461066586,2,0.42672808461066586,0.24943318217947688,1.3885642065531183,0.85031893133567904,34.355395307185972,18,柏,新潟,middle,18,18,0,0,0,0,ESTABLISHED,RETURNING,1,1,0,1,0,0
2023,28318,2023-06-24,team_0003,team_0018,2,-142.61375272681198,0.47353965559316269,0.25923842984219148,0.26722191456464583,0,0.47353965559316269,0.26722191456464583,1.3196758250964913,0.8284080914206392,142.61375272681198,18,FC東京,名古屋,middle,18,18,0,0,0,0,ESTABLISHED,ESTABLISHED,0,0,1,0,1,0
2023,28319,2023-06-24,team_0026,team_0029,0,-83.727361679055093,0.42344086352599053,0.25970283351539303,0.31685630295861655,0,0.42344086352599053,0.42344086352599053,0.85934141212315207,0.50026391631218203,83.727361679055093,18,湘南,鳥栖,middle,17,18,0,0,0,0,ESTABLISHED,ESTABLISHED,0,0,1,0,1,0
2023,28320,2023-06-24,team_0013,team_0032,2,73.4220109874841,0.29243604952834529,0.24287915977052915,0.46468479070112562,2,0.46468479070112562,0.46468479070112562,0.76639597271210946,0.4310715026212808,73.4220109874841,18,京都,横浜FC,middle,18,18,0,0,0,0,ESTABLISHED,RETURNING,1,1,0,1,0,0
2023,28321,2023-06-24,team_0005,team_0008,2,-154.07912749114939,0.48318281478656616,0.25873052698458482,0.25808665822884908,0,0.48318281478656616,0.25808665822884908,1.3544598658491842,0.85084252479682676,154.07912749114939,18,Ｇ大阪,鹿島,middle,18,18,0,0,0,0,ESTABLISHED,ESTABLISHED,0,0,1,0,1,0
2023,28322,2023-06-24,team_0006,team_0033,0,-125.57920252176086,0.45912748233328743,0.25974641572749141,0.28112610193922127,0,0.45912748233328743,0.45912748233328743,0.77842736819580005,0.43904316604194854,125.57920252176086,18,広島,横浜FM,middle,18,18,0,0,0,0,ESTABLISHED,ESTABLISHED,0,0,1,0,1,0
2023,28323,2023-06-24,team_0030,team_0010,1,-46.100095434877403,0.39129108151016256,0.25805468505615448,0.35065423343368307,0,0.39129108151016256,0.25805468505615448,1.3545837589383602,0.82654995226147865,46.100095434877403,18,浦和,川崎Ｆ,middle,17,17,0,0,0,0,ESTABLISHED,ESTABLISHED,0,0,1,0,1,1
2023,28324,2023-06-25,team_0004,team_0011,0,-146.78901668473304,0.47705720994562151,0.25906875594190398,0.26387403411247434,0,0.47705720994562151,0.47705720994562151,0.74011885829274471,0.41021528785393491,146.78901668473304,18,福岡,神戸,middle,18,17,0,0,0,0,ESTABLISHED,ESTABLISHED,0,0,1,0,1,0
2023,28270,2023-06-28,team_0030,team_0026,2,192.4582755164663,0.20593139558667084,0.21519013782863347,0.57887846658469566,2,0.57887846658469566,0.57887846658469566,0.54666272571338959,0.26605788101303751,192.4582755164663,12,浦和,湘南,middle,18,18,0,0,0,0,ESTABLISHED,ESTABLISHED,0,0,1,1,0,0
2023,28325,2023-06-30,team_0002,team_0004,0,161.12487140551116,0.22713013696324097,0.22341910718434671,0.54945075585241232,2,0.54945075585241232,0.22713013696324097,1.4822321351820391,0.94914005575229632,161.12487140551116,19,Ｃ大阪,福岡,middle,19,19,0,0,0,0,ESTABLISHED,ESTABLISHED,0,0,1,1,0,0
2023,28326,2023-07-01,team_0008,team_0013,1,168.36430511042636,0.22212376989151139,0.22156772815623738,0.55630850195225123,2,0.55630850195225123,0.22156772815623738,1.5070269657781521,0.9647749203430166,168.36430511042636,19,鹿島,京都,middle,19,19,0,0,0,0,ESTABLISHED,ESTABLISHED,0,0,1,1,0,0
2023,28327,2023-07-01,team_0019,team_0006,2,-191.67252808856165,0.51437928274093414,0.25616521778696211,0.22945549947210375,0,0.51437928274093414,0.22945549947210375,1.4720461703653129,0.92394549261070469,191.67252808856165,19,新潟,広島,middle,19,19,0,0,0,0,RETURNING,ESTABLISHED,1,1,0,0,1,0
2023,28328,2023-07-01,team_0018,team_0010,2,-29.696765186940411,0.3773395239925561,0.25685524744833682,0.36580522855910708,0,0.3773395239925561,0.36580522855910708,1.0056542496362513,0.61056274263164156,29.696765186940411,19,名古屋,川崎Ｆ,middle,19,18,0,0,0,0,ESTABLISHED,ESTABLISHED,0,0,1,0,1,1
2023,28329,2023-07-01,team_0032,team_0005,1,-127.48853686464417,0.46074727833819729,0.25970434857637803,0.27954837308542463,0,0.46074727833819729,0.25970434857637803,1.3482114158391532,0.83847299890748883,127.48853686464417,19,横浜FC,Ｇ大阪,middle,19,19,0,0,0,0,RETURNING,ESTABLISHED,1,1,0,0,1,0
2023,28330,2023-07-01,team_0003,team_0009,2,113.10296722367457,0.26188756230432614,0.23481340178894389,0.50329903590672997,2,0.50329903590672997,0.50329903590672997,0.6865707807456074,0.37043427668058226,113.10296722367457,19,FC東京,柏,middle,19,19,0,0,0,0,ESTABLISHED,ESTABLISHED,0,0,1,1,0,0
2023,28331,2023-07-01,team_0011,team_0023,1,81.663276526043546,0.28596977238096238,0.24131528295011212,0.4727149446689255,2,0.4727149446689255,0.24131528295011212,1.4216509724673843,0.88084062951403308,81.663276526043546,19,神戸,札幌,middle,18,19,0,0,0,0,ESTABLISHED,ESTABLISHED,0,0,1,1,0,0
2023,28332,2023-07-01,team_0029,team_0030,0,-74.254906317009954,0.41533990972047419,0.25943260332515289,0.32522748695437292,0,0.41533990972047419,0.41533990972047419,0.87865803443027324,0.51490561510438626,74.254906317009954,19,鳥栖,浦和,middle,19,19,0,0,0,0,ESTABLISHED,ESTABLISHED,0,0,1,0,1,0
2023,28333,2023-07-02,team_0033,team_0026,2,327.53272237681995,0.12943077391737426,0.17551579108494139,0.69505343499768435,2,0.69505343499768435,0.69505343499768435,0.36376655148408205,0.14055052566373477,327.53272237681995,19,横浜FM,湘南,middle,19,19,0,0,0,0,ESTABLISHED,ESTABLISHED,0,0,1,1,0,0
2023,28334,2023-07-07,team_0019,team_0011,0,-206.59096056651515,0.52654207023395705,0.2547825135623199,0.21867541620372302,0,0.52654207023395705,0.52654207023395705,0.64142404512277829,0.33689547812735249,206.59096056651515,20,新潟,神戸,middle,20,19,0,0,0,0,RETURNING,ESTABLISHED,1,1,0,0,1,0
2023,28335,2023-07-08,team_0018,team_0033,1,-97.303065168076728,0.43504399619661799,0.2599213908569436,0.30503461294643835,0,0.43504399619661799,0.2599213908569436,1.347376036539335,0.83002574143322727,97.303065168076728,20,名古屋,横浜FM,middle,20,20,0,0,0,0,ESTABLISHED,ESTABLISHED,0,0,1,0,1,0
2023,28336,2023-07-08,team_0006,team_0008,1,-25.507926447095542,0.37378801868143574,0.25650235028114854,0.36970963103741578,0,0.37378801868143574,0.25650235028114854,1.3606174515238239,0.82919144932907141,25.507926447095542,20,広島,鹿島,middle,20,20,0,0,0,0,ESTABLISHED,ESTABLISHED,0,0,1,0,1,1
2023,28337,2023-07-08,team_0030,team_0003,1,106.0138842379979,0.26723234667643142,0.23635080812855189,0.49641684519501655,2,0.49641684519501655,0.23635080812855189,1.4424381025460635,0.90100289954948121,106.0138842379979,20,浦和,FC東京,middle,20,20,0,0,0,0,ESTABLISHED,ESTABLISHED,0,0,1,1,0,0
2023,28338,2023-07-08,team_0009,team_0026,1,-8.9925274405620712,0.35984267671212838,0.2549276190785153,0.38522970420935637,2,0.38522970420935637,0.2549276190785153,1.366775620866745,0.83302152980058763,8.9925274405620712,20,柏,湘南,middle,20,20,0,0,0,0,ESTABLISHED,ESTABLISHED,0,0,1,1,0,1
2023,28339,2023-07-08,team_0010,team_0032,2,309.92217348286863,0.13800255918234941,0.18088806513641351,0.68110937568123697,2,0.68110937568123697,0.68110937568123697,0.3840323753308017,0.15345642872808368,309.92217348286863,20,川崎Ｆ,横浜FC,middle,19,20,0,0,0,0,ESTABLISHED,RETURNING,1,1,0,1,0,0
2023,28340,2023-07-08,team_0005,team_0013,2,33.170016267497203,0.32480892082034574,0.24960895098805108,0.42558212819160324,2,0.42558212819160324,0.42558212819160324,0.85429733386739992,0.49776135491072065,33.170016267497203,20,Ｇ大阪,京都,middle,20,20,0,0,0,0,ESTABLISHED,ESTABLISHED,0,0,1,1,0,0
2023,28341,2023-07-08,team_0004,team_0023,2,-80.768357281379167,0.42091040911357591,0.25962884211260973,0.31946074877381442,0,0.42091040911357591,0.31946074877381442,1.1411208647496169,0.70770638061638969,80.768357281379167,20,福岡,札幌,middle,20,20,0,0,0,0,ESTABLISHED,ESTABLISHED,0,0,1,0,1,0
2023,28342,2023-07-08,team_0029,team_0002,2,-58.040571761336878,0.40147990030024627,0.25874423620083914,0.33977586349891464,0,0.40147990030024627,0.33977586349891464,1.0794691037594666,0.66403060053085516,58.040571761336878,20,鳥栖,Ｃ大阪,middle,20,20,0,0,0,0,ESTABLISHED,ESTABLISHED,0,0,1,0,1,0
2023,28343,2023-07-15,team_0023,team_0019,0,146.39037229044015,0.23751433653770576,0.22708546899119667,0.53540019447109755,2,0.53540019447109755,0.23751433653770576,1.4375272929600089,0.91960556545217598,146.39037229044015,21,札幌,新潟,middle,21,21,0,0,0,0,ESTABLISHED,RETURNING,1,1,0,1,0,0
2023,28344,2023-07-15,team_0033,team_0010,0,87.309461350194397,0.28157493392382726,0.24020919375955127,0.47821587231662155,2,0.47821587231662155,0.28157493392382726,1.2673566717147375,0.80252545286871402,87.309461350194397,21,横浜FM,川崎Ｆ,middle,21,20,0,0,0,0,ESTABLISHED,ESTABLISHED,0,0,1,1,0,0
2023,28345,2023-07-16,team_0006,team_0032,1,214.2035450650435,0.19195732850881145,0.20918226172463278,0.59886040976655575,2,0.59886040976655575,0.20918226172463278,1.5645493413775677,1.0208741015249738,214.2035450650435,21,広島,横浜FC,middle,21,21,0,0,0,0,ESTABLISHED,RETURNING,1,1,0,1,0,0
2023,28346,2023-07-16,team_0003,team_0008,0,-61.419219410997584,0.40436631873956025,0.2589112269850235,0.33672245427541619,0,0.40436631873956025,0.40436631873956025,0.90543408229853861,0.53519651692401315,61.419219410997584,21,FC東京,鹿島,middle,21,21,0,0,0,0,ESTABLISHED,ESTABLISHED,0,0,1,0,1,0
2023,28347,2023-07-16,team_0026,team_0004,0,-60.708830396339181,0.40375932753853472,0.25887714579046517,0.33736352667100017,0,0.40375932753853472,0.40375932753853472,0.90693630244949919,0.5363344652378127,60.708830396339181,21,湘南,福岡,middle,21,21,0,0,0,0,ESTABLISHED,ESTABLISHED,0,0,1,0,1,0
2023,28348,2023-07-16,team_0013,team_0018,2,-203.62058605036714,0.52413144127102995,0.25507366948664417,0.22079488924232582,0,0.52413144127102995,0.22079488924232582,1.5105211113945196,0.94693694922510829,203.62058605036714,21,京都,名古屋,middle,21,21,0,0,0,0,ESTABLISHED,ESTABLISHED,0,0,1,0,1,0
2023,28349,2023-07-16,team_0005,team_0009,2,89.196312932700039,0.28011283180971813,0.23983338175858085,0.48005378643170088,2,0.48005378643170088,0.48005378643170088,0.73385712629185684,0.40632731455422788,89.196312932700039,21,Ｇ大阪,柏,middle,21,21,0,0,0,0,ESTABLISHED,ESTABLISHED,0,0,1,1,0,0
2023,28350,2023-07-16,team_0002,team_0030,2,-54.776313317261838,0.39869244931281006,0.25857111533819099,0.342736435348999,0,0.39869244931281006,0.342736435348999,1.0707935372557598,0.65781008424402421,54.776313317261838,21,Ｃ大阪,浦和,middle,21,21,0,0,0,0,ESTABLISHED,ESTABLISHED,0,0,1,0,1,0
2023,28351,2023-07-16,team_0011,team_0029,2,96.430207112678545,0.27453861854987383,0.23836437578970121,0.48709700566042491,2,0.48709700566042491,0.48709700566042491,0.71929198546748174,0.39525851032338921,96.430207112678545,21,神戸,鳥栖,middle,20,21,0,0,0,0,ESTABLISHED,ESTABLISHED,0,0,1,1,0,0
2023,28298,2023-07-22,team_0011,team_0010,1,-52.478888389021904,0.39673145373887292,0.25844232739256146,0.34482621886856579,0,0.39673145373887292,0.25844232739256146,1.3530827147896116,0.82620874940791245,52.478888389021904,16,神戸,川崎Ｆ,middle,21,21,0,0,0,0,ESTABLISHED,ESTABLISHED,0,0,1,0,1,0
2023,28352,2023-08-05,team_0026,team_0006,2,-148.46931686308676,0.4784709676271176,0.25899551508822372,0.26253351728465862,0,0.4784709676271176,0.26253351728465862,1.3373765202075432,0.83986995682638144,148.46931686308676,22,湘南,広島,middle,22,22,0,0,0,0,ESTABLISHED,ESTABLISHED,0,0,1,0,1,0
2023,28353,2023-08-05,team_0018,team_0019,2,208.22679688699759,0.19573643092870047,0.21085500122990322,0.59340856784139628,2,0.59340856784139628,0.59340856784139628,0.52187213266983212,0.24808917464115285,208.22679688699759,22,名古屋,新潟,middle,22,22,0,0,0,0,ESTABLISHED,RETURNING,1,1,0,1,0,0
2023,28354,2023-08-06,team_0032,team_0011,2,-268.28688420717208,0.57518113397982362,0.24708488226023231,0.17773398375994412,0,0.57518113397982362,0.17773398375994412,1.7274673197878125,1.0680056773911606,268.28688420717208,22,横浜FC,神戸,middle,22,22,0,0,0,0,RETURNING,ESTABLISHED,1,1,0,0,1,0
2023,28355,2023-08-06,team_0008,team_0023,2,104.73487074642412,0.26820212198438237,0.23662389053399943,0.49517398748161823,2,0.49517398748161823,0.49517398748161823,0.70284608830968209,0.38277254672358102,104.73487074642412,22,鹿島,札幌,middle,22,22,0,0,0,0,ESTABLISHED,ESTABLISHED,0,0,1,1,0,0
2023,28356,2023-08-06,team_0030,team_0033,1,-109.7300606433987,0.44564715957694734,0.25994855580286652,0.2944042846201862,0,0.44564715957694734,0.25994855580286652,1.3472715298406033,0.83295141369998782,109.7300606433987,22,浦和,横浜FM,middle,22,22,0,0,0,0,ESTABLISHED,ESTABLISHED,0,0,1,0,1,0
2023,28357,2023-08-06,team_0010,team_0005,0,197.40934663629969,0.20269552739020597,0.21384173437919116,0.58346273823060291,2,0.58346273823060291,0.20269552739020597,1.5960502909368084,1.0218514763094353,197.40934663629969,22,川崎Ｆ,Ｇ大阪,middle,22,22,0,0,0,0,ESTABLISHED,ESTABLISHED,0,0,1,1,0,0
2023,28358,2023-08-06,team_0013,team_0009,0,63.732890231578494,0.3001131996946082,0.24463913276620758,0.45524766753918433,2,0.45524766753918433,0.3001131996946082,1.2035955431825103,0.75694027732218916,63.732890231578494,22,京都,柏,middle,22,22,0,0,0,0,ESTABLISHED,ESTABLISHED,0,0,1,1,0,0
2023,28359,2023-08-06,team_0002,team_0003,0,60.91273269292742,0.30236233644011018,0.24513510784021619,0.45250255571967363,2,0.45250255571967363,0.30236233644011018,1.1961291912427656,0.75154809364597264,60.91273269292742,22,Ｃ大阪,FC東京,middle,22,22,0,0,0,0,ESTABLISHED,ESTABLISHED,0,0,1,1,0,0
2023,28360,2023-08-06,team_0029,team_0004,0,24.798768956867889,0.33168603074392122,0.250810157919298,0.41750381133678083,2,0.41750381133678083,0.33168603074392122,1.103566448043416,0.68385872929905644,24.798768956867889,22,鳥栖,福岡,middle,22,22,0,0,0,0,ESTABLISHED,ESTABLISHED,0,0,1,1,0,0
2023,28361,2023-08-12,team_0023,team_0029,1,6.0141690698712864,0.34726722402600929,0.2532457257188982,0.39948705025509262,2,0.39948705025509262,0.2532457257188982,1.373395013709898,0.83782637436134033,6.0141690698712864,23,札幌,鳥栖,middle,23,23,0,0,0,0,ESTABLISHED,ESTABLISHED,0,0,1,1,0,0
2023,28362,2023-08-12,team_0019,team_0026,1,1.8843197804258125,0.35071766604044624,0.25373219193469637,0.39555014202485744,2,0.39555014202485744,0.25373219193469637,1.3714759306565401,0.83637843748333562,1.8843197804258125,23,新潟,湘南,middle,23,23,0,0,0,0,RETURNING,ESTABLISHED,1,1,0,1,0,1
2023,28363,2023-08-12,team_0009,team_0002,1,-138.15412810704993,0.46977561804645296,0.25940014791754873,0.27082423403599831,0,0.46977561804645296,0.25940014791754873,1.3493834368703927,0.84252303795666073,138.15412810704993,23,柏,Ｃ大阪,middle,23,23,0,0,0,0,ESTABLISHED,ESTABLISHED,0,0,1,0,1,0
2023,28364,2023-08-12,team_0003,team_0013,2,109.11881926878641,0.26488503564062449,0.23568237965702402,0.49943258470235152,2,0.49943258470235152,0.49943258470235152,0.69428265556305757,0.37627800344490103,109.11881926878641,23,FC東京,京都,middle,23,23,0,0,0,0,ESTABLISHED,ESTABLISHED,0,0,1,1,0,0
2023,28365,2023-08-12,team_0010,team_0011,0,54.721356761435345,0.30732228311187904,0.24619777320994291,0.44647994367817817,2,0.44647994367817817,0.30732228311187904,1.1798582999074771,0.73976010311374352,54.721356761435345,23,川崎Ｆ,神戸,middle,23,23,0,0,0,0,ESTABLISHED,ESTABLISHED,0,0,1,1,0,0
2023,28366,2023-08-12,team_0004,team_0032,2,145.59381877944725,0.23808300848734798,0.22727961532492821,0.53463737618772389,2,0.53463737618772389,0.53463737618772389,0.62616656341570287,0.32490191411407998,145.59381877944725,23,福岡,横浜FC,middle,23,23,0,0,0,0,ESTABLISHED,RETURNING,1,1,0,1,0,0
2023,28367,2023-08-12,team_0033,team_0005,2,206.42729784608491,0.19688347283250163,0.21135557253935081,0.5917609546281476,2,0.5917609546281476,0.5917609546281476,0.52465251850227879,0.25009339808414455,206.42729784608491,23,横浜FM,Ｇ大阪,middle,23,23,0,0,0,0,ESTABLISHED,ESTABLISHED,0,0,1,1,0,0
2023,28368,2023-08-13,team_0018,team_0008,2,6.9295137037895529,0.34650359782091955,0.25313549340692715,0.40036090877215336,2,0.40036090877215336,0.40036090877215336,0.91538886674641051,0.54370936105376777,6.9295137037895529,23,名古屋,鹿島,middle,23,23,0,0,0,0,ESTABLISHED,ESTABLISHED,0,0,1,1,0,0
2023,28369,2023-08-13,team_0006,team_0030,2,-75.379856040852701,0.41630198912673111,0.25946977809044858,0.32422823278282037,0,0.41630198912673111,0.32422823278282037,1.1263075890094529,0.69729939326100965,75.379856040852701,23,広島,浦和,middle,23,23,0,0,0,0,ESTABLISHED,ESTABLISHED,0,0,1,0,1,0
2023,28370,2023-08-18,team_0004,team_0019,0,118.41218723825341,0.25791894994509151,0.2336360489946471,0.50844500106026136,2,0.50844500106026136,0.25791894994509151,1.3551098909148274,0.8637864073435938,118.41218723825341,24,福岡,新潟,middle,24,24,0,0,0,0,ESTABLISHED,RETURNING,1,1,0,1,0,0
2023,28372,2023-08-18,team_0030,team_0018,2,-38.533811643965464,0.38484787752922195,0.25753762240757649,0.35761450006320156,0,0.38484787752922195,0.35761450006320156,1.0282996882296649,0.62709264632314488,38.533811643965464,24,浦和,名古屋,middle,24,24,0,0,0,0,ESTABLISHED,ESTABLISHED,0,0,1,0,1,1
2023,28371,2023-08-19,team_0008,team_0029,2,105.77242938165432,0.26741529618409909,0.236402462741618,0.4961822410742831,2,0.4961822410742831,0.4961822410742831,0.70081199821923523,0.38122939923246335,105.77242938165432,24,鹿島,鳥栖,middle,24,24,0,0,0,0,ESTABLISHED,ESTABLISHED,0,0,1,1,0,0
2023,28373,2023-08-19,team_0013,team_0023,2,-74.131029128977161,0.41523396877994329,0.25942842588776749,0.32533760533228906,0,0.41523396877994329,0.32533760533228906,1.1228918501790359,0.69489170376611797,74.131029128977161,24,京都,札幌,middle,24,24,0,0,0,0,ESTABLISHED,ESTABLISHED,0,0,1,0,1,0
2023,28374,2023-08-19,team_0005,team_0026,2,94.965805375328955,0.27566298915499121,0.23866533513942256,0.48567167570558634,2,0.48567167570558634,0.48567167570558634,0.72222244776988975,0.39748485095857722,94.965805375328955,24,Ｇ大阪,湘南,middle,24,24,0,0,0,0,ESTABLISHED,ESTABLISHED,0,0,1,1,0,0
2023,28375,2023-08-19,team_0011,team_0009,1,217.12222873230257,0.19012901445617691,0.20835988955817974,0.60151109598564334,2,0.60151109598564334,0.20835988955817974,1.5684884561581771,1.0246587051922642,217.12222873230257,24,神戸,柏,middle,24,24,0,0,0,0,ESTABLISHED,ESTABLISHED,0,0,1,1,0,0
2023,28376,2023-08-19,team_0006,team_0010,2,-93.456888903228901,0.4317582011268018,0.25987957538577178,0.30836222348742653,0,0.4317582011268018,0.30836222348742653,1.176480136730127,0.73231535184219732,93.456888903228901,24,広島,川崎Ｆ,middle,24,24,0,0,0,0,ESTABLISHED,ESTABLISHED,0,0,1,0,1,0
2023,28377,2023-08-19,team_0033,team_0003,2,182.43867102862646,0.21257612848709087,0.21788075427314652,0.56954311723976259,2,0.56954311723976259,0.56954311723976259,0.56292078826763614,0.2779537614008562,182.43867102862646,24,横浜FM,FC東京,middle,24,24,0,0,0,0,ESTABLISHED,ESTABLISHED,0,0,1,1,0,0
2023,28378,2023-08-20,team_0032,team_0002,0,-182.40099334106867,0.50675358500141687,0.2569224996733942,0.23632391532518882,0,0.50675358500141687,0.50675358500141687,0.6797304191779292,0.36515018970200674,182.40099334106867,24,横浜FC,Ｃ大阪,middle,24,24,0,0,0,0,RETURNING,ESTABLISHED,1,1,0,0,1,0
2023,28379,2023-08-25,team_0026,team_0030,0,-192.91232698375029,0.51539524343116427,0.25605795409772386,0.22854680247111187,0,0.51539524343116427,0.51539524343116427,0.66282120969438219,0.35264108686562201,192.91232698375029,25,湘南,浦和,middle,25,25,0,0,0,0,ESTABLISHED,ESTABLISHED,0,0,1,0,1,0
2023,28380,2023-08-26,team_0008,team_0019,2,186.14504107979315,0.21010324470241215,0.21689158515885834,0.57300517013872954,2,0.57300517013872954,0.57300517013872954,0.55686053937838387,0.27350991787545931,186.14504107979315,25,鹿島,新潟,middle,25,25,0,0,0,0,ESTABLISHED,RETURNING,1,1,0,1,0,0
2023,28381,2023-08-26,team_0032,team_0033,2,-373.03984025494537,0.65018744050548793,0.22819579674281332,0.12161676275169882,0,0.65018744050548793,0.12161676275169882,2.1068804673742552,1.2463741409209699,373.03984025494537,25,横浜FC,横浜FM,middle,25,25,0,0,0,0,RETURNING,ESTABLISHED,1,1,0,0,1,0
2023,28382,2023-08-26,team_0009,team_0006,1,-130.39658820852014,0.46321236089570522,0.25963302163236263,0.2771546174719321,0,0.46321236089570522,0.25963302163236263,1.3484861002680253,0.83952363592981183,130.39658820852014,25,柏,広島,middle,25,25,0,0,0,0,ESTABLISHED,ESTABLISHED,0,0,1,0,1,0
2023,28383,2023-08-26,team_0003,team_0011,1,-76.917911087480888,0.41761738760315004,0.25951838553054407,0.32286422686630578,0,0.41761738760315004,0.25951838553054407,1.3489277290572381,0.82695861278574911,76.917911087480888,25,FC東京,神戸,middle,25,25,0,0,0,0,ESTABLISHED,ESTABLISHED,0,0,1,0,1,0
2023,28384,2023-08-26,team_0010,team_0023,1,137.01721711922937,0.2442523597883143,0.22934248802677076,0.5264051521849149,2,0.5264051521849149,0.22934248802677076,1.47253881179225,0.93067460026975157,137.01721711922937,25,川崎Ｆ,札幌,middle,25,25,0,0,0,0,ESTABLISHED,ESTABLISHED,0,0,1,1,0,0
2023,28385,2023-08-26,team_0013,team_0004,2,-64.073062967599526,0.40663429857897582,0.25903369530885489,0.33433200611216929,0,0.40663429857897582,0.33433200611216929,1.0956207494504202,0.67556378617282542,64.073062967599526,25,京都,福岡,middle,25,25,0,0,0,0,ESTABLISHED,ESTABLISHED,0,0,1,0,1,0
2023,28386,2023-08-26,team_0002,team_0018,2,-57.901388534509806,0.4013610209853391,0.25873709095134612,0.33990188806331478,0,0.4013610209853391,0.33990188806331478,1.0790982675343446,0.66376506878273556,57.901388534509806,25,Ｃ大阪,名古屋,middle,25,25,0,0,0,0,ESTABLISHED,ESTABLISHED,0,0,1,0,1,0
2023,28387,2023-08-26,team_0029,team_0005,1,-16.642051172886568,0.36628957896361358,0.25569324225513457,0.37801717878125185,2,0.37801717878125185,0.25569324225513457,1.3637768254459082,0.83105759273575197,16.642051172886568,25,鳥栖,Ｇ大阪,middle,25,25,0,0,0,0,ESTABLISHED,ESTABLISHED,0,0,1,1,0,1
2023,28388,2023-09-02,team_0023,team_0005,2,-26.443335446009996,0.37458064850618605,0.25658279434608466,0.36883655714772928,0,0.37458064850618605,0.36883655714772928,0.99740166762509708,0.60451268418289172,26.443335446009996,26,札幌,Ｇ大阪,middle,26,26,0,0,0,0,ESTABLISHED,ESTABLISHED,0,0,1,0,1,1
2023,28389,2023-09-02,team_0009,team_0033,2,-284.30865460286577,0.58731283865137385,0.24461686642500108,0.16807029492362505,0,0.58731283865137385,0.16807029492362505,1.7833729649285861,1.0968808159727859,284.30865460286577,26,柏,横浜FM,middle,26,26,0,0,0,0,ESTABLISHED,ESTABLISHED,0,0,1,0,1,0
2023,28391,2023-09-02,team_0026,team_0008,1,-222.07186908211293,0.53901094740012567,0.2531411084830178,0.20784794411685656,0,0.53901094740012567,0.2531411084830178,1.3738082046947455,0.89153177312876042,222.07186908211293,26,湘南,鹿島,middle,26,26,0,0,0,0,ESTABLISHED,ESTABLISHED,0,0,1,0,1,0
2023,28392,2023-09-02,team_0019,team_0030,1,-192.10996318561934,0.51473784510531484,0.25612753247293041,0.22913462242175467,0,0.51473784510531484,0.25612753247293041,1.3620797848275226,0.8708039723208344,192.10996318561934,26,新潟,浦和,middle,26,26,0,0,0,0,RETURNING,ESTABLISHED,1,1,0,0,1,0
2023,28393,2023-09-02,team_0018,team_0032,1,236.80542931805439,0.17809615620128466,0.20272757103204975,0.61917627276666565,2,0.61917627276666565,0.20272757103204975,1.5958922158688844,1.050740823603348,236.80542931805439,26,名古屋,横浜FC,middle,26,26,0,0,0,0,ESTABLISHED,RETURNING,1,1,0,1,0,0
2023,28394,2023-09-02,team_0002,team_0010,2,-36.064043910014334,0.38274744998957039,0.25735541460015177,0.35989713541027785,0,0.38274744998957039,0.35989713541027785,1.0219370233334466,0.62245909715350289,36.064043910014334,26,Ｃ大阪,川崎Ｆ,middle,26,26,0,0,0,0,ESTABLISHED,ESTABLISHED,0,0,1,0,1,1
2023,28396,2023-09-02,team_0029,team_0006,0,-60.828875510775561,0.40386189652030025,0.25888294351016772,0.33725515996953209,0,0.40386189652030025,0.40386189652030025,0.9066822997579862,0.53614205978693663,60.828875510775561,26,鳥栖,広島,middle,26,26,0,0,0,0,ESTABLISHED,ESTABLISHED,0,0,1,0,1,0
2023,28390,2023-09-03,team_0003,team_0004,0,46.909866300206659,0.31362201615832547,0.2474864157722963,0.43889156806937824,2,0.43889156806937824,0.31362201615832547,1.1595667883836138,0.72499007121677761,46.909866300206659,26,FC東京,福岡,middle,26,26,0,0,0,0,ESTABLISHED,ESTABLISHED,0,0,1,1,0,0
2023,28395,2023-09-03,team_0011,team_0013,2,175.41738838684887,0.21730825863793374,0.21973410919561245,0.56295763216645378,2,0.56295763216645378,0.56295763216645378,0.57455090737494108,0.28651198929779315,175.41738838684887,26,神戸,京都,middle,26,26,0,0,0,0,ESTABLISHED,ESTABLISHED,0,0,1,1,0,0
2023,28402,2023-09-15,team_0030,team_0013,1,177.49866048328249,0.21589908997654317,0.21918758665390353,0.56491332336955336,2,0.56491332336955336,0.21918758665390353,1.5178273557403708,0.97540750480848859,177.49866048328249,27,浦和,京都,middle,27,27,0,0,0,0,ESTABLISHED,ESTABLISHED,0,0,1,1,0,0
2023,28403,2023-09-15,team_0010,team_0003,2,92.433412053232814,0.27761224433124798,0.23918151306164903,0.48320624260710304,2,0.48320624260710304,0.48320624260710304,0.72731171314220588,0.40135214207336073,92.433412053232814,27,川崎Ｆ,FC東京,middle,27,27,0,0,0,0,ESTABLISHED,ESTABLISHED,0,0,1,1,0,0
2023,28404,2023-09-15,team_0033,team_0029,1,211.10022098074205,0.19391367820926114,0.21005272836595551,0.59603359342478335,2,0.59603359342478335,0.21005272836595551,1.5603966923249173,1.0168752510495758,211.10022098074205,27,横浜FM,鳥栖,middle,27,27,0,0,0,0,ESTABLISHED,ESTABLISHED,0,0,1,1,0,0
2023,28397,2023-09-16,team_0023,team_0026,0,106.55029901805324,0.26682611864166861,0.23623588379732824,0.49693799756100332,2,0.49693799756100332,0.26682611864166861,1.3211580737738868,0.84029870651948513,106.55029901805324,27,札幌,湘南,middle,27,27,0,0,0,0,ESTABLISHED,ESTABLISHED,0,0,1,1,0,0
2023,28398,2023-09-16,team_0008,team_0002,2,31.637459119971254,0.32606461799841807,0.24983412139635597,0.4241012606052259,2,0.4241012606052259,0.4241012606052259,0.85778303008152035,0.50039458136083337,31.637459119971254,27,鹿島,Ｃ大阪,middle,27,27,0,0,0,0,ESTABLISHED,ESTABLISHED,0,0,1,1,0,0
2023,28401,2023-09-16,team_0004,team_0018,2,-90.870514561184336,0.42954786486302182,0.25984253228165327,0.31060960285532474,0,0.42954786486302182,0.31060960285532474,1.1692184516323878,0.72728862946621597,90.870514561184336,27,福岡,名古屋,middle,27,27,0,0,0,0,ESTABLISHED,ESTABLISHED,0,0,1,0,1,0
2023,28405,2023-09-16,team_0006,team_0011,2,-48.382910074588381,0.39323726767557265,0.25819849044751203,0.34856424187691532,0,0.39323726767557265,0.34856424187691532,1.0539327275289743,0.64567055611972213,48.382910074588381,27,広島,神戸,middle,27,27,0,0,0,0,ESTABLISHED,ESTABLISHED,0,0,1,0,1,1
2023,28399,2023-09-17,team_0032,team_0009,0,-50.403163972704988,0.39496036387309058,0.25832103559032399,0.34671860053658554,0,0.39496036387309058,0.39496036387309058,0.92896986374096102,0.55301650667108881,50.403163972704988,27,横浜FC,柏,middle,27,27,0,0,0,0,RETURNING,ESTABLISHED,1,1,0,0,1,1
2023,28400,2023-09-17,team_0005,team_0019,1,87.117306759779922,0.28172401898087218,0.24024729340759166,0.47802868761153627,2,0.47802868761153627,0.24024729340759166,1.4260864969284233,0.8851040242248327,87.117306759779922,27,Ｇ大阪,新潟,middle,27,27,0,0,0,0,ESTABLISHED,RETURNING,1,1,0,1,0,0
2023,28406,2023-09-23,team_0003,team_0029,2,19.212205109504112,0.33629928843563173,0.25157235097326269,0.41212836059110558,2,0.41212836059110558,0.41212836059110558,0.88642042332295889,0.52197892359782783,19.212205109504112,28,FC東京,鳥栖,middle,28,28,0,0,0,0,ESTABLISHED,ESTABLISHED,0,0,1,1,0,0
2023,28408,2023-09-23,team_0009,team_0004,0,-61.935806198711362,0.4048077459699313,0.25893566603870882,0.33625658799135993,0,0.4048077459699313,0.4048077459699313,0.90434302589074511,0.53436999137189478,61.935806198711362,28,柏,福岡,middle,28,28,0,0,0,0,ESTABLISHED,ESTABLISHED,0,0,1,0,1,0
2023,28410,2023-09-23,team_0019,team_0032,2,67.332150270216744,0.29725215039071645,0.24399540946134304,0.45875244014794048,2,0.45875244014794048,0.45875244014794048,0.77924456050392754,0.44084152179592234,67.332150270216744,28,新潟,横浜FC,middle,28,28,0,0,0,0,RETURNING,RETURNING,1,1,0,1,0,0
2023,28411,2023-09-23,team_0018,team_0023,1,109.3614708368425,0.26470200801178295,0.23562981595079288,0.49966817603742425,2,0.49966817603742425,0.23562981595079288,1.4454932819402786,0.90399721745345507,109.3614708368425,28,名古屋,札幌,middle,28,28,0,0,0,0,ESTABLISHED,ESTABLISHED,0,0,1,1,0,0
2023,28412,2023-09-23,team_0013,team_0006,2,-132.32783218925397,0.46484805077515834,0.25958082774135899,0.27557112148348273,0,0.46484805077515834,0.27557112148348273,1.288909529500212,0.80826311646905213,132.32783218925397,28,京都,広島,middle,28,28,0,0,0,0,ESTABLISHED,ESTABLISHED,0,0,1,0,1,0
2023,28414,2023-09-23,team_0011,team_0002,2,34.415042408165846,0.32378993872200434,0.24942430068272503,0.42678576059527062,2,0.42678576059527062,0.42678576059527062,0.85147312328994307,0.49562697044500814,34.415042408165846,28,神戸,Ｃ大阪,middle,28,28,0,0,0,0,ESTABLISHED,ESTABLISHED,0,0,1,1,0,0
2023,28407,2023-09-24,team_0008,team_0033,0,-48.842522041646362,0.39362921548059265,0.25822675926177996,0.34814402525762733,0,0.39362921548059265,0.39362921548059265,0.93234589023603198,0.55557084984010618,48.842522041646362,28,鹿島,横浜FM,middle,28,28,0,0,0,0,ESTABLISHED,ESTABLISHED,0,0,1,0,1,1
2023,28409,2023-09-24,team_0026,team_0010,0,-184.10574940926153,0.50815935767069009,0.25678923986688507,0.23505140246242476,0,0.50815935767069009,0.50815935767069009,0.67696018439387551,0.36309709295787351,184.10574940926153,28,湘南,川崎Ｆ,middle,28,28,0,0,0,0,ESTABLISHED,ESTABLISHED,0,0,1,0,1,0
2023,28413,2023-09-24,team_0005,team_0030,0,-101.5685596859189,0.43868601625911502,0.25994925477975594,0.30136472896112892,0,0.43868601625911502,0.43868601625911502,0.82397134672462213,0.47346770326542759,101.5685596859189,28,Ｇ大阪,浦和,middle,28,28,0,0,0,0,ESTABLISHED,ESTABLISHED,0,0,1,0,1,0
2023,28420,2023-09-29,team_0030,team_0032,1,260.96675888629784,0.16404112978706145,0.1956391623253981,0.64031970788754045,2,0.64031970788754045,0.1956391623253981,1.6314833250345302,1.0839151777555878,260.96675888629784,29,浦和,横浜FC,middle,29,29,0,0,0,0,ESTABLISHED,RETURNING,1,1,0,1,0,0
2023,28421,2023-09-29,team_0010,team_0019,0,180.25911531932661,0.21403844577785286,0.21845898741939127,0.5675025668027559,2,0.5675025668027559,0.21403844577785286,1.5415996269284467,0.98751905722731548,180.25911531932661,29,川崎Ｆ,新潟,middle,29,29,0,0,0,0,ESTABLISHED,RETURNING,1,1,0,1,0,0
2023,28422,2023-09-29,team_0033,team_0011,0,73.370093382726736,0.29247697413728069,0.24288881866448361,0.46463420719823567,2,0.46463420719823567,0.29247697413728069,1.2293693363070641,0.77546875685689964,73.370093382726736,29,横浜FM,神戸,middle,29,29,0,0,0,0,ESTABLISHED,ESTABLISHED,0,0,1,1,0,0
2023,28415,2023-09-30,team_0023,team_0009,0,50.399952996460343,0.3108017273686825,0.24691790885963785,0.44228036377167967,2,0.44228036377167967,0.3108017273686825,1.1686001026897954,0.73157463289161762,50.399952996460343,29,札幌,柏,middle,29,29,0,0,0,0,ESTABLISHED,ESTABLISHED,0,0,1,1,0,0
2023,28417,2023-09-30,team_0002,team_0026,0,162.0392122227197,0.22649431130846134,0.22318704068480208,0.55031864800673669,2,0.55031864800673669,0.22649431130846134,1.4850354500103835,0.95097411991177361,162.0392122227197,29,Ｃ大阪,湘南,middle,29,29,0,0,0,0,ESTABLISHED,ESTABLISHED,0,0,1,1,0,0
2023,28418,2023-09-30,team_0004,team_0008,1,-62.228403281259034,0.40505778324713643,0.25894937978583665,0.33599283696702686,0,0.40505778324713643,0.25894937978583665,1.3511226812267609,0.82611901598203141,62.228403281259034,29,福岡,鹿島,middle,29,29,0,0,0,0,ESTABLISHED,ESTABLISHED,0,0,1,0,1,0
2023,28419,2023-09-30,team_0029,team_0013,2,13.726722360020403,0.34084650128951394,0.25228969727519485,0.40686380143529122,2,0.40686380143529122,0.40686380143529122,0.89927678975220082,0.5316369788403057,13.726722360020403,29,鳥栖,京都,middle,29,29,0,0,0,0,ESTABLISHED,ESTABLISHED,0,0,1,1,0,0
2023,28423,2023-09-30,team_0006,team_0018,2,-8.9654547639470366,0.35981990118345025,0.25492479889511127,0.38525529992143848,2,0.38525529992143848,0.38525529992143848,0.95384904778000912,0.57236806065406143,8.9654547639470366,29,広島,名古屋,middle,29,29,0,0,0,0,ESTABLISHED,ESTABLISHED,0,0,1,1,0,1
2023,28416,2023-10-01,team_0003,team_0005,2,26.112265654290013,0.3306040820095234,0.25062635072326189,0.41876956726721459,2,0.41876956726721459,0.41876956726721459,0.87043446913226707,0.50994144265296004,26.112265654290013,29,FC東京,Ｇ大阪,middle,29,29,0,0,0,0,ESTABLISHED,ESTABLISHED,0,0,1,1,0,0
2023,28429,2023-10-20,team_0030,team_0009,2,147.69445005094735,0.23658493174167947,0.22676670151848943,0.53664836673983107,2,0.53664836673983107,0.53664836673983107,0.62241220949568121,0.3220903028896569,147.69445005094735,30,浦和,柏,closing,30,30,0,0,0,0,ESTABLISHED,ESTABLISHED,0,0,1,1,0,0
2023,28430,2023-10-20,team_0010,team_0004,2,59.316095320276418,0.30363852195995411,0.24541260684965033,0.45094887119039545,2,0.45094887119039545,0.45094887119039545,0.79640131355484689,0.45388084166586745,59.316095320276418,30,川崎Ｆ,福岡,closing,30,30,0,0,0,0,ESTABLISHED,ESTABLISHED,0,0,1,1,0,0
2023,28424,2023-10-21,team_0032,team_0003,2,-143.69081086853066,0.47444766483791939,0.25919634616289966,0.26635598899918089,0,0.47444766483791939,0.26635598899918089,1.3229215604235245,0.83051686741172248,143.69081086853066,30,横浜FC,FC東京,closing,30,30,0,0,0,0,RETURNING,ESTABLISHED,1,1,0,0,1,0
2023,28425,2023-10-21,team_0019,team_0029,1,-17.023749264998742,0.36661184723118356,0.25572981099478315,0.37765834177403335,2,0.37765834177403335,0.25572981099478315,1.3636338176582126,0.83096818388363436,17.023749264998742,30,新潟,鳥栖,closing,30,30,0,0,0,0,RETURNING,ESTABLISHED,1,1,0,1,0,1
2023,28426,2023-10-21,team_0013,team_0026,0,21.552042357841401,0.33436486767867657,0.25125698729186474,0.41437814502945869,2,0.41437814502945869,0.33436486767867657,1.0955224640603676,0.67790945012146508,21.552042357841401,30,京都,湘南,closing,30,30,0,0,0,0,ESTABLISHED,ESTABLISHED,0,0,1,1,0,0
2023,28427,2023-10-21,team_0005,team_0018,0,-92.190420479557815,0.4306759384878438,0.25986233424750743,0.30946172726464871,0,0.4306759384878438,0.4306759384878438,0.84239935454290382,0.48742488041888055,92.190420479557815,30,Ｇ大阪,名古屋,closing,30,30,0,0,0,0,ESTABLISHED,ESTABLISHED,0,0,1,0,1,0
2023,28428,2023-10-21,team_0011,team_0008,2,35.412073953510571,0.3229746623546218,0.24927531804744368,0.42775001959793457,2,0.42775001959793457,0.42775001959793457,0.84921632039350659,0.49392085678090047,35.412073953510571,30,神戸,鹿島,closing,30,30,0,0,0,0,ESTABLISHED,ESTABLISHED,0,0,1,1,0,0
2023,28431,2023-10-21,team_0033,team_0023,2,201.8340780574797,0.19983053953697044,0.2126266244947275,0.58754283596830215,2,0.58754283596830215,0.58754283596830215,0.53180612333532284,0.25526323813672946,201.8340780574797,30,横浜FM,札幌,closing,30,30,0,0,0,0,ESTABLISHED,ESTABLISHED,0,0,1,1,0,0
2023,28432,2023-10-21,team_0006,team_0002,1,33.869679034157116,0.32423616202917394,0.24950537382482632,0.42625846414599977,2,0.42625846414599977,0.24950537382482632,1.3882748256464539,0.85006755094132902,33.869679034157116,30,広島,Ｃ大阪,closing,30,30,0,0,0,0,ESTABLISHED,ESTABLISHED,0,0,1,1,0,0
2023,28438,2023-10-27,team_0018,team_0029,1,97.454834792905331,0.27375314614115576,0.23815272750077779,0.48809412635806648,2,0.48809412635806648,0.23815272750077779,1.4348430989317444,0.8935879278219292,97.454834792905331,31,名古屋,鳥栖,closing,31,31,0,0,0,0,ESTABLISHED,ESTABLISHED,0,0,1,1,0,0
2023,28433,2023-10-28,team_0023,team_0032,2,74.330172176993074,0.29172055910502454,0.24270980908074882,0.46556963181422667,2,0.46556963181422667,0.46556963181422667,0.76449360845876668,0.42962475446774295,74.330172176993074,31,札幌,横浜FC,closing,31,31,0,0,0,0,ESTABLISHED,RETURNING,1,1,0,1,0,0
2023,28434,2023-10-28,team_0008,team_0030,1,-13.889977889807824,0.36396758611861196,0.25542497353007787,0.38060744035131017,2,0.38060744035131017,0.25542497353007787,1.3648265581355532,0.83172639743847065,13.889977889807824,31,鹿島,浦和,closing,31,31,0,0,0,0,ESTABLISHED,ESTABLISHED,0,0,1,1,0,1
2023,28436,2023-10-28,team_0003,team_0006,0,-65.01469619939121,0.40743915958775839,0.25907531014873442,0.33348553026350708,0,0.40743915958775839,0.40743915958775839,0.89786365907294952,0.5294609648138574,65.01469619939121,31,FC東京,広島,closing,31,31,0,0,0,0,ESTABLISHED,ESTABLISHED,0,0,1,0,1,0
2023,28437,2023-10-28,team_0026,team_0011,1,-192.46032547175946,0.51502495318817509,0.25609722245837208,0.22887782435345289,0,0.51502495318817509,0.25609722245837208,1.3621981313709175,0.87102710332140076,192.46032547175946,31,湘南,神戸,closing,31,31,0,0,0,0,ESTABLISHED,ESTABLISHED,0,0,1,0,1,0
2023,28439,2023-10-28,team_0013,team_0019,0,-28.137735222877609,0.37601709321115767,0.25672611218930391,0.36725679459953842,0,0.37601709321115767,0.37601709321115767,0.9781206759575749,0.59014051782401555,28.137735222877609,31,京都,新潟,closing,31,31,0,0,0,0,ESTABLISHED,RETURNING,1,1,0,0,1,1
2023,28440,2023-10-28,team_0002,team_0005,2,92.596081810537271,0.27748684809988255,0.23914851950268914,0.48336463239742827,2,0.48336463239742827,0.48336463239742827,0.72698397764791589,0.40110306830657971,92.596081810537271,31,Ｃ大阪,Ｇ大阪,closing,31,31,0,0,0,0,ESTABLISHED,ESTABLISHED,0,0,1,1,0,0
2023,28441,2023-10-28,team_0004,team_0033,0,-141.26660426737681,0.47240336122033721,0.25928941196431837,0.26830722681534447,0,0.47240336122033721,0.47240336122033721,0.74992207948454503,0.4175779803697407,141.26660426737681,31,福岡,横浜FM,closing,31,31,0,0,0,0,ESTABLISHED,ESTABLISHED,0,0,1,0,1,0
2023,28435,2023-10-29,team_0009,team_0010,1,-142.64830441852996,0.47356879076125163,0.2592370980483758,0.26719411119037251,0,0.47356879076125163,0.2592370980483758,1.3500121995588148,0.8443897695456789,142.64830441852996,31,柏,川崎Ｆ,closing,31,31,0,0,0,0,ESTABLISHED,ESTABLISHED,0,0,1,0,1,0
2023,28442,2023-11-11,team_0023,team_0006,1,-120.89901952176137,0.45515291751217857,0.25983349143690304,0.28501359105091834,0,0.45515291751217857,0.25983349143690304,1.3477142706718963,0.83624338580207325,120.89901952176137,32,札幌,広島,closing,32,32,0,0,0,0,ESTABLISHED,ESTABLISHED,0,0,1,0,1,0
2023,28443,2023-11-11,team_0008,team_0009,1,136.79974620324651,0.24440988484241463,0.22939412920611707,0.52619598595146833,2,0.52619598595146833,0.22939412920611707,1.4723136665667567,0.93045181554211887,136.79974620324651,32,鹿島,柏,closing,32,32,0,0,0,0,ESTABLISHED,ESTABLISHED,0,0,1,1,0,0
2023,28447,2023-11-11,team_0026,team_0018,2,-120.99474096303902,0.45523426311290532,0.25983193938627386,0.28493379750082093,0,0.45523426311290532,0.28493379750082093,1.255498415167668,0.78607054499377915,120.99474096303902,32,湘南,名古屋,closing,32,32,0,0,0,0,ESTABLISHED,ESTABLISHED,0,0,1,0,1,0
2023,28448,2023-11-11,team_0019,team_0003,1,-2.7731333144852215,0.35461857482510822,0.25425934869219508,0.39112207648269681,2,0.39112207648269681,0.25425934869219508,1.3694004750453062,0.83485993133611647,2.7731333144852215,32,新潟,FC東京,closing,32,32,0,0,0,0,RETURNING,ESTABLISHED,1,1,0,1,0,1
2023,28449,2023-11-11,team_0005,team_0004,0,-58.820502259416571,0.40214609603461049,0.25878388593353402,0.33907001803185555,0,0.40214609603461049,0.40214609603461049,0.91093983341358076,0.53936686723364036,58.820502259416571,32,Ｇ大阪,福岡,closing,32,32,0,0,0,0,ESTABLISHED,ESTABLISHED,0,0,1,0,1,0
2023,28450,2023-11-11,team_0029,team_0032,0,118.42098502924182,0.25791239838231977,0.23363407990286697,0.50845352171481317,2,0.50845352171481317,0.25791239838231977,1.3551352928714682,0.86380387551093618,118.42098502924182,32,鳥栖,横浜FC,closing,32,32,0,0,0,0,ESTABLISHED,RETURNING,1,1,0,1,0,0
2023,28444,2023-11-12,team_0030,team_0011,0,-28.04135397109053,0.37593536207653322,0.25671804289762062,0.36734659502584621,0,0.37593536207653322,0.37593536207653322,0.97833805974127441,0.59030434673281529,28.04135397109053,32,浦和,神戸,closing,32,32,0,0,0,0,ESTABLISHED,ESTABLISHED,0,0,1,0,1,1
2023,28445,2023-11-12,team_0010,team_0013,1,190.21901086238972,0.20740528254465471,0.21579597262468431,0.57679874483066096,2,0.57679874483066096,0.21579597262468431,1.5334218888684674,0.99068969981731891,190.21901086238972,32,川崎Ｆ,京都,closing,32,32,0,0,0,0,ESTABLISHED,ESTABLISHED,0,0,1,1,0,0
2023,28446,2023-11-12,team_0033,team_0002,2,129.80611364103834,0.24950408661995754,0.23103683837791528,0.51945907500212718,2,0.51945907500212718,0.51945907500212718,0.65496724921272098,0.34654989052553342,129.80611364103834,32,横浜FM,Ｃ大阪,closing,32,32,0,0,0,0,ESTABLISHED,ESTABLISHED,0,0,1,1,0,0
2023,28457,2023-11-24,team_0010,team_0008,2,7.6256601080062865,0.34592311942666121,0.25305107420692202,0.40102580636641677,2,0.40102580636641677,0.40102580636641677,0.91372949871779308,0.54246773535015058,7.6256601080062865,33,川崎Ｆ,鹿島,closing,33,33,0,0,0,0,ESTABLISHED,ESTABLISHED,0,0,1,1,0,0
2023,28458,2023-11-24,team_0033,team_0019,1,216.05610210502505,0.19079554460658787,0.20866069197507597,0.60054376341833604,2,0.60054376341833604,0.20866069197507597,1.5670458296673757,1.0232736520477486,216.05610210502505,33,横浜FM,新潟,closing,33,33,0,0,0,0,ESTABLISHED,RETURNING,1,1,0,1,0,0
2023,28451,2023-11-25,team_0009,team_0029,1,-7.9145778234785666,0.35893605893178276,0.25481472732559818,0.38624921374261906,2,0.38624921374261906,0.25481472732559818,1.3672185574034452,0.83332464012909424,7.9145778234785666,33,柏,鳥栖,closing,33,33,0,0,0,0,ESTABLISHED,ESTABLISHED,0,0,1,1,0,1
2023,28452,2023-11-25,team_0003,team_0023,0,25.890507896664758,0.33078667366486181,0.25065750538054815,0.41855582095458999,2,0.41855582095458999,0.33078667366486181,1.1062816018167976,0.68586463640311046,25.890507896664758,33,FC東京,札幌,closing,33,33,0,0,0,0,ESTABLISHED,ESTABLISHED,0,0,1,1,0,0
2023,28453,2023-11-25,team_0032,team_0026,0,-62.591921273830167,0.40536843631916059,0.25896628794228327,0.33566527573855615,0,0.40536843631916059,0.40536843631916059,0.90295890611285012,0.53332141215276674,62.591921273830167,33,横浜FC,湘南,closing,33,33,0,0,0,0,RETURNING,ESTABLISHED,1,1,0,0,1,0
2023,28454,2023-11-25,team_0002,team_0013,0,128.90082012957851,0.25016749474049682,0.23124689160341694,0.51858561365608624,2,0.51858561365608624,0.25016749474049682,1.3856246064936135,0.88465494951104495,128.90082012957851,33,Ｃ大阪,京都,closing,33,33,0,0,0,0,ESTABLISHED,ESTABLISHED,0,0,1,1,0,0
2023,28455,2023-11-25,team_0011,team_0018,2,103.63779245592923,0.26903526468636163,0.2368570684388964,0.49410766687474184,2,0.49410766687474184,0.49410766687474184,0.70500183640252423,0.38440829722924585,103.63779245592923,33,神戸,名古屋,closing,33,33,0,0,0,0,ESTABLISHED,ESTABLISHED,0,0,1,1,0,0
2023,28456,2023-11-25,team_0030,team_0004,0,66.94495763127793,0.29755941514712647,0.24406523275695316,0.45837535209592029,2,0.45837535209592029,0.29755941514712647,1.2121413591565373,0.76309857649821167,66.94495763127793,33,浦和,福岡,closing,33,33,0,0,0,0,ESTABLISHED,ESTABLISHED,0,0,1,1,0,0
2023,28459,2023-11-25,team_0006,team_0005,2,157.37337287829723,0.22974946735070087,0.22436581259678962,0.54588472005250954,2,0.54588472005250954,0.54588472005250954,0.60534746096442005,0.30934552309193608,157.37337287829723,33,広島,Ｇ大阪,closing,33,33,0,0,0,0,ESTABLISHED,ESTABLISHED,0,0,1,1,0,0
2023,28460,2023-12-03,team_0023,team_0030,0,-86.747647605825705,0.42602339189325378,0.25976860992152295,0.31420799818522327,0,0.42602339189325378,0.42602339189325378,0.85326102367275147,0.49565554347785096,86.747647605825705,34,札幌,浦和,closing,34,34,0,0,0,0,ESTABLISHED,ESTABLISHED,0,0,1,0,1,0
2023,28461,2023-12-03,team_0008,team_0032,2,187.12983858918528,0.20944912606000304,0.21662753482801389,0.57392333911198301,2,0.57392333911198301,0.57392333911198301,0.55525944713594433,0.27233774620644363,187.12983858918528,34,鹿島,横浜FC,closing,34,34,0,0,0,0,ESTABLISHED,RETURNING,1,1,0,1,0,0
2023,28462,2023-12-03,team_0026,team_0003,0,20.985443618724503,0.33483300146046802,0.2513338662127913,0.41383313232674074,2,0.41383313232674074,0.33483300146046802,1.0941233745541321,0.67687370966292071,20.985443618724503,34,湘南,FC東京,closing,34,34,0,0,0,0,ESTABLISHED,ESTABLISHED,0,0,1,1,0,0
2023,28463,2023-12-03,team_0019,team_0002,2,-39.703299329704805,0.38584297375306059,0.25762159746397706,0.3565354287829624,0,0.38584297375306059,0.3565354287829624,1.031321664590249,0.62929034228602254,39.703299329704805,34,新潟,Ｃ大阪,closing,34,34,0,0,0,0,RETURNING,ESTABLISHED,1,1,0,0,1,1
2023,28464,2023-12-03,team_0018,team_0009,1,100.03408691378672,0.27178045938892104,0.23761607827409351,0.49060346233698554,2,0.49060346233698554,0.23761607827409351,1.4370990242793642,0.89578561946886404,100.03408691378672,34,名古屋,柏,closing,34,34,0,0,0,0,ESTABLISHED,ESTABLISHED,0,0,1,1,0,0
2023,28465,2023-12-03,team_0013,team_0033,2,-229.85632178439209,0.54521781782096501,0.2522391770342341,0.20254300514480095,0,0.54521781782096501,0.20254300514480095,1.5968030438976533,0.99682472994384763,229.85632178439209,34,京都,横浜FM,closing,34,34,0,0,0,0,ESTABLISHED,ESTABLISHED,0,0,1,0,1,0
2023,28466,2023-12-03,team_0005,team_0011,0,-244.34497905434773,0.55665091168707959,0.25042944025330893,0.19291964805961143,0,0.55665091168707959,0.55665091168707959,0.58581696499850489,0.2964913092609277,244.34497905434773,34,Ｇ大阪,神戸,closing,34,34,0,0,0,0,ESTABLISHED,ESTABLISHED,0,0,1,0,1,0
2023,28467,2023-12-03,team_0004,team_0006,0,-38.706456086714752,0.38499475788600257,0.25755011234688102,0.35745512976711652,0,0.38499475788600257,0.38499475788600257,0.95452556066756256,0.57233767799441371,38.706456086714752,34,福岡,広島,closing,34,34,0,0,0,0,ESTABLISHED,ESTABLISHED,0,0,1,0,1,1
2023,28468,2023-12-03,team_0029,team_0010,0,-116.12428282686756,0.45109251066006695,0.25989873497238603,0.28900875436754708,0,0.45109251066006695,0.45109251066006695,0.79608283709960725,0.45237284439479641,116.12428282686756,34,鳥栖,川崎Ｆ,closing,34,34,0,0,0,0,ESTABLISHED,ESTABLISHED,0,0,1,0,1,0
2024,30430,2024-02-23,team_0006,team_0030,2,21.692967563982393,0.33030867357288768,0.25290755846797314,0.41678376795913907,2,0.41678376795913907,0.41678376795913907,0.87518773373718084,0.51320722628365112,21.692967563982393,1,広島,浦和,opening,1,1,1,1,1,1,ESTABLISHED,ESTABLISHED,0,0,1,1,0,0
2024,30431,2024-02-23,team_0018,team_0008,0,-27.457435563929948,0.37147817459564775,0.25624158790461987,0.37228023749973244,2,0.37228023749973244,0.37147817459564775,0.99026516595619973,0.5992920116143573,27.457435563929948,1,名古屋,鹿島,opening,1,1,1,1,1,1,ESTABLISHED,ESTABLISHED,0,0,1,1,0,1
2024,30432,2024-02-24,team_0007,team_0011,0,-281.40349120004362,0.5858014567175519,0.2356583310290295,0.17854021225341868,0,0.5858014567175519,0.5858014567175519,0.5347743578767582,0.25897188963218548,281.40349120004362,1,磐田,神戸,opening,1,1,1,1,1,1,RETURNING,ESTABLISHED,1,1,0,0,1,0
2024,30433,2024-02-24,team_0004,team_0023,1,65.994874264139526,0.29461965430678932,0.24783228280685554,0.45754806288635519,2,0.45754806288635519,0.24783228280685554,1.3950030406015674,0.86190724534245411,65.994874264139526,1,福岡,札幌,opening,1,1,1,1,1,1,ESTABLISHED,ESTABLISHED,0,0,1,1,0,0
2024,30434,2024-02-24,team_0029,team_0019,0,-32.200080878291374,0.37551576110243257,0.25643122766145754,0.36805301123610995,0,0.37551576110243257,0.37551576110243257,0.97945483501718489,0.59120055823140438,32.200080878291374,1,鳥栖,新潟,opening,1,1,1,1,1,1,ESTABLISHED,ESTABLISHED,0,0,1,0,1,1
2024,30435,2024-02-24,team_0014,team_0005,1,60.71952487897056,0.29878343763854054,0.24853517331327657,0.45268138904818295,2,0.45268138904818295,0.24853517331327657,1.3921709009534942,0.85889136834500335,60.71952487897056,1,町田,Ｇ大阪,opening,1,1,1,1,1,1,FIRST_TIME_IN_SCOPE,ESTABLISHED,1,0,0,1,0,0
2024,30436,2024-02-24,team_0026,team_0010,0,-148.50424934261628,0.47581079742843846,0.25381872674167061,0.27037047582989082,0,0.47581079742843846,0.47581079742843846,0.74273498816261529,0.41229846033785406,148.50424934261628,1,湘南,川崎Ｆ,opening,1,1,1,1,1,1,ESTABLISHED,ESTABLISHED,0,0,1,0,1,0
2024,30437,2024-02-24,team_0002,team_0003,1,26.028636228341384,0.32674845538400266,0.25249549914900588,0.42075604546699147,2,0.42075604546699147,0.25249549914900588,1.3763618555780444,0.8425631816853465,26.028636228341384,1,Ｃ大阪,FC東京,opening,1,1,1,1,1,1,ESTABLISHED,ESTABLISHED,0,0,1,1,0,0
2024,30438,2024-02-25,team_0009,team_0013,1,4.0570474092728546,0.34492075679575718,0.2543886140174258,0.40069062918681703,2,0.40069062918681703,0.2543886140174258,1.3688922047385701,0.83545964769354031,4.0570474092728546,1,柏,京都,opening,1,1,1,1,1,1,ESTABLISHED,ESTABLISHED,0,0,1,1,0,0
2024,30439,2024-02-25,team_0028,team_0033,0,-182.94456491895426,0.50521703435259679,0.25049968515565857,0.24428328049174461,0,0.50521703435259679,0.50521703435259679,0.68276717103663875,0.36723459648573181,182.94456491895426,1,東京Ｖ,横浜FM,opening,1,1,1,1,1,1,FIRST_TIME_IN_SCOPE,ESTABLISHED,1,0,0,0,1,0
2024,30440,2024-03-01,team_0010,team_0007,0,237.29285077197824,0.17616048473634677,0.21319264595684678,0.61064686930680645,2,0.61064686930680645,0.17616048473634677,1.736359854329294,1.0970522501941367,237.29285077197824,2,川崎Ｆ,磐田,opening,2,2,1,1,1,1,ESTABLISHED,RETURNING,1,1,0,1,0,0
2024,30441,2024-03-01,team_0033,team_0004,0,149.49694027342662,0.23248416135273023,0.23350353748651137,0.53401230116075837,2,0.53401230116075837,0.23248416135273023,1.458933179489281,0.92877360238414497,149.49694027342662,2,横浜FM,福岡,opening,2,2,1,1,1,1,ESTABLISHED,ESTABLISHED,0,0,1,1,0,0
2024,30442,2024-03-02,team_0011,team_0009,0,233.52936923027892,0.17836771993640099,0.2141457090147468,0.60748657104885218,2,0.60748657104885218,0.17836771993640099,1.7239080172687502,1.089977922336629,233.52936923027892,2,神戸,柏,opening,2,2,1,1,1,1,ESTABLISHED,ESTABLISHED,0,0,1,1,0,0
2024,30443,2024-03-02,team_0018,team_0014,0,59.942407340875661,0.29939891514739569,0.24863652094841013,0.45196456390419421,2,0.45196456390419421,0.29939891514739569,1.2059784304253658,0.75693396667108359,59.942407340875661,2,名古屋,町田,opening,2,2,1,1,1,1,ESTABLISHED,FIRST_TIME_IN_SCOPE,1,0,0,1,0,0
2024,30444,2024-03-02,team_0013,team_0026,0,22.624621619156187,0.32954253020366708,0.25282059877874519,0.41763687101758773,2,0.41763687101758773,0.32954253020366708,1.1100498583958398,0.68785203000590522,22.624621619156187,2,京都,湘南,opening,2,2,1,1,1,1,ESTABLISHED,ESTABLISHED,0,0,1,1,0,0
2024,30445,2024-03-02,team_0029,team_0023,2,-35.200103907118546,0.378074452848216,0.25653906814043381,0.36538647901135018,0,0.378074452848216,0.36538647901135018,1.0067996389758778,0.61148690640045156,35.200103907118546,2,鳥栖,札幌,opening,2,2,1,1,1,1,ESTABLISHED,ESTABLISHED,0,0,1,0,1,1
2024,30446,2024-03-02,team_0008,team_0002,1,89.60424552906693,0.27630522384562045,0.24437532173452289,0.47931945441985663,2,0.47931945441985663,0.24437532173452289,1.409050031682666,0.87706037051353314,89.60424552906693,2,鹿島,Ｃ大阪,opening,2,2,1,1,1,1,ESTABLISHED,ESTABLISHED,0,0,1,1,0,0
2024,30447,2024-03-02,team_0003,team_0006,1,-123.74373195278645,0.45446257184896138,0.25551779020138993,0.2900196379496488,0,0.45446257184896138,0.25551779020138993,1.3644632427941039,0.84490138031463957,123.74373195278645,2,FC東京,広島,opening,2,2,1,1,1,1,ESTABLISHED,ESTABLISHED,0,0,1,0,1,0
2024,30448,2024-03-02,team_0005,team_0019,2,-90.660972024925059,0.42582874747571642,0.25684212616823543,0.31732912635604804,0,0.42582874747571642,0.31732912635604804,1.1478157902281212,0.7133375216731539,90.660972024925059,2,Ｇ大阪,新潟,opening,2,2,1,1,1,1,ESTABLISHED,ESTABLISHED,0,0,1,0,1,0
2024,30449,2024-03-03,team_0030,team_0028,1,122.66744867930424,0.25161605005732723,0.23872440222130359,0.50965954772136912,2,0.50965954772136912,0.23872440222130359,1.4324455211963258,0.90260402700331355,122.66744867930424,2,浦和,東京Ｖ,opening,2,2,1,1,1,1,ESTABLISHED,FIRST_TIME_IN_SCOPE,1,0,0,1,0,0
2024,30450,2024-03-09,team_0014,team_0008,2,-95.959310882507907,0.43041577589600144,0.25670447430564902,0.31287974979834943,0,0.43041577589600144,0.31287974979834943,1.1619363482080778,0.72328916550587552,95.959310882507907,3,町田,鹿島,opening,3,3,1,1,1,1,FIRST_TIME_IN_SCOPE,ESTABLISHED,1,0,0,0,1,0
2024,30452,2024-03-09,team_0019,team_0018,2,0.12163629202723314,0.34820801741131502,0.25467595770797491,0.39711602488071013,2,0.39711602488071013,0.39711602488071013,0.92352678688527723,0.54957775427962929,0.12163629202723314,3,新潟,名古屋,opening,3,3,1,1,1,1,ESTABLISHED,ESTABLISHED,0,0,1,1,0,1
2024,30453,2024-03-09,team_0007,team_0009,0,-68.912235179853269,0.407026044895543,0.25710452989385452,0.33586942521060248,0,0.407026044895543,0.407026044895543,0.89887810321462502,0.53052912151546305,68.912235179853269,3,磐田,柏,opening,3,3,1,1,1,1,RETURNING,ESTABLISHED,1,1,0,0,1,0
2024,30454,2024-03-09,team_0003,team_0011,0,-172.48124483029233,0.49632910574142225,0.25162165071415687,0.25204924354442088,0,0.49632910574142225,0.49632910574142225,0.70051605264907679,0.38052664600266733,172.48124483029233,3,FC東京,神戸,opening,3,3,1,1,1,1,ESTABLISHED,ESTABLISHED,0,0,1,0,1,0
2024,30455,2024-03-09,team_0006,team_0029,2,172.33560490765126,0.2168812704563278,0.22865647346314624,0.55446225608052602,2,0.55446225608052602,0.55446225608052602,0.58975654289345758,0.2978251495882081,172.33560490765126,3,広島,鳥栖,opening,3,3,1,1,1,1,ESTABLISHED,ESTABLISHED,0,0,1,1,0,0
2024,30456,2024-03-09,team_0004,team_0026,1,79.100989728793593,0.28438642498625799,0.24597514228234466,0.46963843273139733,2,0.46963843273139733,0.24597514228234466,1.4025247957881755,0.8699893822709982,79.100989728793593,3,福岡,湘南,opening,3,3,1,1,1,1,ESTABLISHED,ESTABLISHED,0,0,1,1,0,0
2024,30457,2024-03-09,team_0010,team_0013,0,153.43712672212973,0.22974648671375111,0.23269257925333425,0.53756093403291461,2,0.53756093403291461,0.22974648671375111,1.470778809642364,0.93640806896771855,153.43712672212973,3,川崎Ｆ,京都,opening,3,3,1,1,1,1,ESTABLISHED,ESTABLISHED,0,0,1,1,0,0
2024,30458,2024-03-09,team_0002,team_0028,2,44.831930426101962,0.31146999037417072,0.25049342352000625,0.43803658610582308,2,0.43803658610582308,0.43803658610582308,0.82545284217215009,0.47556338868605724,44.831930426101962,3,Ｃ大阪,東京Ｖ,opening,3,3,1,1,1,1,ESTABLISHED,FIRST_TIME_IN_SCOPE,1,0,0,1,0,0
2024,30459,2024-03-10,team_0023,team_0030,0,-106.74268391028522,0.43975285796885438,0.25633606753538485,0.30391107449576088,0,0.43975285796885438,0.43975285796885438,0.82154239630917136,0.47194698087474007,106.74268391028522,3,札幌,浦和,opening,3,3,1,1,1,1,ESTABLISHED,ESTABLISHED,0,0,1,0,1,0
2024,30460,2024-03-16,team_0004,team_0003,0,61.454284033520253,0.29820200155682658,0.24843882951206625,0.45335916893110706,2,0.45335916893110706,0.29820200155682658,1.2099841645451634,0.75977681868207414,61.454284033520253,4,福岡,FC東京,opening,4,4,1,1,1,1,ESTABLISHED,ESTABLISHED,0,0,1,1,0,0
2024,30461,2024-03-16,team_0023,team_0014,0,-53.683940264272223,0.39390881297804303,0.25699605364966926,0.3490951333722877,0,0.39390881297804303,0.39390881297804303,0.93163583561239727,0.55526091072140382,53.683940264272223,4,札幌,町田,opening,4,4,1,1,1,1,ESTABLISHED,FIRST_TIME_IN_SCOPE,1,0,0,0,1,1
2024,30462,2024-03-16,team_0011,team_0006,1,55.874362809525792,0.30262948168434173,0.24915778582142659,0.44821273249423177,2,0.44821273249423177,0.24915778582142659,1.3896689052088576,0.85624328734706179,55.874362809525792,4,神戸,広島,opening,4,4,1,1,1,1,ESTABLISHED,ESTABLISHED,0,0,1,1,0,0
2024,30463,2024-03-16,team_0009,team_0018,0,12.338036281948234,0.33803448359891874,0.25373238789276126,0.40823312850832005,2,0.40823312850832005,0.33803448359891874,1.0846073662210496,0.66923275678160343,12.338036281948234,4,柏,名古屋,opening,4,4,1,1,1,1,ESTABLISHED,ESTABLISHED,0,0,1,1,0,0
2024,30464,2024-03-16,team_0005,team_0007,2,35.79875560584378,0.31877595223810262,0.25149853396986743,0.42972551379203006,2,0.42972551379203006,0.42972551379203006,0.84460861413879806,0.49008260993406572,35.79875560584378,4,Ｇ大阪,磐田,opening,3,4,1,1,1,1,ESTABLISHED,RETURNING,1,1,0,1,0,0
2024,30465,2024-03-16,team_0029,team_0002,0,-76.583149116236655,0.41365102686659289,0.25706779492701204,0.32928117820639519,0,0.41365102686659289,0.41365102686659289,0.88273259089624534,0.51831506380422898,76.583149116236655,4,鳥栖,Ｃ大阪,opening,4,4,1,1,1,1,ESTABLISHED,ESTABLISHED,0,0,1,0,1,0
2024,30466,2024-03-16,team_0028,team_0019,1,-46.230582758365699,0.38751051436149003,0.25685474007724413,0.3556347455612659,0,0.38751051436149003,0.25685474007724413,1.3592445675876204,0.82890534833679341,46.230582758365699,4,東京Ｖ,新潟,opening,4,4,1,1,1,1,FIRST_TIME_IN_SCOPE,ESTABLISHED,1,0,0,0,1,1
2024,30467,2024-03-17,team_0013,team_0033,0,-173.3697122331323,0.49708553883952383,0.2515301589832597,0.25138430217721652,0,0.49708553883952383,0.49708553883952383,0.6989931573536996,0.37938444350360206,173.3697122331323,4,京都,横浜FM,opening,4,3,1,1,1,1,ESTABLISHED,ESTABLISHED,0,0,1,0,1,0
2024,30468,2024-03-17,team_0008,team_0010,2,-0.26050521899082923,0.34852770577697328,0.2547030149734178,0.39676927924960903,2,0.39676927924960903,0.39676927924960903,0.92440032781454362,0.55023248998774577,0.26050521899082923,4,鹿島,川崎Ｆ,opening,4,4,1,1,1,1,ESTABLISHED,ESTABLISHED,0,0,1,1,0,1
2024,30469,2024-03-17,team_0026,team_0030,1,-111.15240910357693,0.44357036443765241,0.25615156243992315,0.30027807312242455,0,0.44357036443765241,0.25615156243992315,1.361985968908626,0.84023208746603562,111.15240910357693,4,湘南,浦和,opening,4,4,1,1,1,1,ESTABLISHED,ESTABLISHED,0,0,1,0,1,0
2024,30470,2024-03-29,team_0028,team_0013,1,0.66757246474230669,0.34775145043195038,0.25463704339626669,0.39761150617178287,2,0.39761150617178287,0.25463704339626669,1.3679161069920331,0.83459191819477774,0.66757246474230669,5,東京Ｖ,京都,opening,5,5,1,1,1,1,FIRST_TIME_IN_SCOPE,ESTABLISHED,1,0,0,1,0,1
2024,30471,2024-03-30,team_0006,team_0005,1,192.38374000386148,0.20372576113221738,0.22412762547967427,0.57214661338810835,2,0.57214661338810835,0.22412762547967427,1.4955396327710777,0.97083387450419145,192.38374000386148,5,広島,Ｇ大阪,opening,5,4,1,1,1,1,ESTABLISHED,ESTABLISHED,0,0,1,1,0,0
2024,30472,2024-03-30,team_0019,team_0009,1,31.528805418644879,0.32225151793044254,0.25194585358049637,0.42580262848906114,2,0.42580262848906114,0.25194585358049637,1.3785410813019419,0.84473892521207994,31.528805418644879,5,新潟,柏,opening,5,5,1,1,1,1,ESTABLISHED,ESTABLISHED,0,0,1,1,0,0
2024,30473,2024-03-30,team_0011,team_0023,2,244.3522291730701,0.17207141092021389,0.21138903690859481,0.61653955217119127,2,0.61653955217119127,0.61653955217119127,0.48363280244020185,0.22133581043028691,244.3522291730701,5,神戸,札幌,opening,5,5,1,1,1,1,ESTABLISHED,ESTABLISHED,0,0,1,1,0,0
2024,30474,2024-03-30,team_0008,team_0007,2,190.43042221333485,0.20498482662173598,0.22457936285564481,0.57043581052261916,2,0.57043581052261916,0.57043581052261916,0.56135463043158018,0.27698006224714966,190.43042221333485,5,鹿島,磐田,opening,5,5,1,1,1,1,ESTABLISHED,RETURNING,1,1,0,1,0,0
2024,30475,2024-03-30,team_0030,team_0004,2,77.372600550024799,0.28572662329473802,0.24622898880688052,0.46804438789838149,2,0.46804438789838149,0.46804438789838149,0.75919214162536919,0.42524519143467959,77.372600550024799,5,浦和,福岡,opening,5,5,1,1,1,1,ESTABLISHED,ESTABLISHED,0,0,1,1,0,0
2024,30476,2024-03-30,team_0014,team_0029,2,95.185340179381683,0.27205627716773728,0.24348587671102498,0.48445784612123771,2,0.48445784612123771,0.48445784612123771,0.72472485634618888,0.39908370253005859,95.185340179381683,5,町田,鳥栖,opening,5,5,1,1,1,1,FIRST_TIME_IN_SCOPE,ESTABLISHED,1,0,0,1,0,0
2024,30477,2024-03-30,team_0010,team_0003,2,64.362186329753285,0.29590563662245345,0.24805259086664957,0.45604177251089695,2,0.45604177251089695,0.45604177251089695,0.78517086727981356,0.4449807868736837,64.362186329753285,5,川崎Ｆ,FC東京,opening,5,5,1,1,1,1,ESTABLISHED,ESTABLISHED,0,0,1,1,0,0
2024,30478,2024-03-30,team_0018,team_0033,2,-145.07142156162308,0.47285894842432019,0.25408946869803678,0.27305158287764308,0,0.47285894842432019,0.27305158287764308,1.2980945533758985,0.81661104436490484,145.07142156162308,5,名古屋,横浜FM,opening,5,4,1,1,1,1,ESTABLISHED,ESTABLISHED,0,0,1,0,1,0
2024,30479,2024-03-30,team_0002,team_0026,2,64.710675617656534,0.29563094673725138,0.24800577485055597,0.4563632784121926,2,0.4563632784121926,0.4563632784121926,0.78446612345079358,0.44444540608672745,64.710675617656534,5,Ｃ大阪,湘南,opening,5,5,1,1,1,1,ESTABLISHED,ESTABLISHED,0,0,1,1,0,0
2024,30480,2024-04-03,team_0009,team_0002,1,-55.187729735765743,0.39520165227731685,0.25701752915110132,0.34778081857158188,0,0.39520165227731685,0.25701752915110132,1.3586109895992724,0.82915879571777529,55.187729735765743,6,柏,Ｃ大阪,middle,6,6,0,0,0,0,ESTABLISHED,ESTABLISHED,0,0,1,0,1,1
2024,30481,2024-04-03,team_0014,team_0006,0,-95.165601384738466,0.42972855462375004,0.25672692148905213,0.31354452388719778,0,0.42972855462375004,0.42972855462375004,0.84460153794512638,0.48942840208841276,95.165601384738466,6,町田,広島,middle,6,6,0,0,0,0,FIRST_TIME_IN_SCOPE,ESTABLISHED,1,0,0,0,1,0
2024,30482,2024-04-03,team_0033,team_0010,1,75.414692564891766,0.28724826224395394,0.24651329082727577,0.46623844692877026,2,0.46623844692877026,0.24651329082727577,1.4003393687895336,0.86763207445666446,75.414692564891766,6,横浜FM,川崎Ｆ,middle,5,6,1,0,1,0,ESTABLISHED,ESTABLISHED,0,0,1,1,0,0
2024,30483,2024-04-03,team_0026,team_0028,0,18.747403807799401,0.33273490821485063,0.25317677154315488,0.41408832024199449,2,0.41408832024199449,0.33273490821485063,1.1004091774616918,0.68081031732489516,18.747403807799401,6,湘南,東京Ｖ,middle,6,6,0,0,0,0,ESTABLISHED,FIRST_TIME_IN_SCOPE,1,0,0,1,0,0
2024,30484,2024-04-03,team_0007,team_0019,2,-119.08015116861498,0.45043014247481933,0.25577089741959913,0.29379896010558154,0,0.45043014247481933,0.29379896010558154,1.2248595547122676,0.7670259739646712,119.08015116861498,6,磐田,新潟,middle,6,6,0,0,0,0,RETURNING,ESTABLISHED,1,1,0,0,1,0
2024,30485,2024-04-03,team_0005,team_0013,1,-11.963025463130407,0.35835712689914972,0.25545887463700162,0.38618399846384865,2,0.38618399846384865,0.25545887463700162,1.3646938426187281,0.83189939842573912,11.963025463130407,6,Ｇ大阪,京都,middle,5,6,1,0,1,0,ESTABLISHED,ESTABLISHED,0,0,1,1,0,1
2024,30486,2024-04-03,team_0004,team_0008,2,-75.421007321311208,0.41264675169610693,0.25707728231162463,0.33027596599226861,0,0.41264675169610693,0.33027596599226861,1.107826713410041,0.6848963524936682,75.421007321311208,6,福岡,鹿島,middle,6,6,0,0,0,0,ESTABLISHED,ESTABLISHED,0,0,1,0,1,0
2024,30487,2024-04-03,team_0029,team_0011,1,-253.47728495875231,0.5636141726846855,0.24058427819984171,0.19580154911547287,0,0.5636141726846855,0.24058427819984171,1.4246848217168886,0.93271142080431679,253.47728495875231,6,鳥栖,神戸,middle,6,6,0,0,0,0,ESTABLISHED,ESTABLISHED,0,0,1,0,1,0
2024,30488,2024-04-03,team_0023,team_0018,0,-104.88365848051603,0.43814326230887479,0.25640798185908326,0.30544875583204201,0,0.43814326230887479,0.43814326230887479,0.82520933918866601,0.47472698928930424,104.88365848051603,6,札幌,名古屋,middle,6,6,0,0,0,0,ESTABLISHED,ESTABLISHED,0,0,1,0,1,0
2024,30489,2024-04-03,team_0003,team_0030,2,-102.79793309788624,0.43633728363922059,0.25648450941298734,0.30717820694779208,0,0.43633728363922059,0.30717820694779208,1.1803272211502025,0.73617656559055078,102.79793309788624,6,FC東京,浦和,middle,6,6,0,0,0,0,ESTABLISHED,ESTABLISHED,0,0,1,0,1,0
2024,30490,2024-04-06,team_0023,team_0005,2,-39.191027058606096,0.38148356002308925,0.25666795951846511,0.3618484804584457,0,0.38148356002308925,0.3618484804584457,1.0165297170474907,0.61864550990445721,39.191027058606096,7,札幌,Ｇ大阪,middle,7,6,0,0,0,0,ESTABLISHED,ESTABLISHED,0,0,1,0,1,1
2024,30491,2024-04-07,team_0028,team_0009,1,-12.761546411950121,0.35903050136387105,0.25550530056219872,0.38546419807393023,2,0.38546419807393023,0.25550530056219872,1.3645121237132618,0.8317579063973527,12.761546411950121,7,東京Ｖ,柏,middle,7,7,0,0,0,0,FIRST_TIME_IN_SCOPE,ESTABLISHED,1,0,0,1,0,1
2024,30492,2024-04-07,team_0019,team_0002,0,-57.234666929845389,0.39696240436264058,0.25704296695518875,0.34599462868217068,0,0.39696240436264058,0.39696240436264058,0.92391370211764889,0.5494377116901269,57.234666929845389,7,新潟,Ｃ大阪,middle,7,7,0,0,0,0,ESTABLISHED,ESTABLISHED,0,0,1,0,1,0
2024,30493,2024-04-07,team_0013,team_0007,0,70.497364275554673,0.29108594289950096,0.24721197299883152,0.46170208410166741,2,0.46170208410166741,0.29108594289950096,1.2341367189894594,0.77684171441248784,70.497364275554673,7,京都,磐田,middle,7,7,0,0,0,0,ESTABLISHED,RETURNING,1,1,0,1,0,0
2024,30494,2024-04-07,team_0011,team_0033,0,32.674976836602582,0.32131722674419316,0.25182754394436485,0.42685522931144204,2,0.42685522931144204,0.32131722674419316,1.1353263985360256,0.70623280539376765,32.674976836602582,7,神戸,横浜FM,middle,7,6,0,0,0,0,ESTABLISHED,ESTABLISHED,0,0,1,1,0,0
2024,30495,2024-04-07,team_0006,team_0026,2,192.44192925670245,0.20368832941762402,0.22411413480509035,0.5721975357772856,2,0.5721975357772856,0.5721975357772856,0.55827100495127324,0.27473102935540356,192.44192925670245,7,広島,湘南,middle,7,7,0,0,0,0,ESTABLISHED,ESTABLISHED,0,0,1,1,0,0
2024,30496,2024-04-07,team_0030,team_0029,2,162.41275909884735,0.22358103777639479,0.23080529642886011,0.54561366579474513,2,0.54561366579474513,0.54561366579474513,0.60584412548880384,0.30972650602527324,162.41275909884735,7,浦和,鳥栖,middle,7,7,0,0,0,0,ESTABLISHED,ESTABLISHED,0,0,1,1,0,0
2024,30497,2024-04-07,team_0010,team_0014,0,73.319939868067195,0.2888803014437562,0.24681361835638099,0.4643060801998628,2,0.4643060801998628,0.2888803014437562,1.2417428585222157,0.78218832399145377,73.319939868067195,7,川崎Ｆ,町田,middle,7,7,0,0,0,0,ESTABLISHED,FIRST_TIME_IN_SCOPE,1,0,0,1,0,0
2024,30498,2024-04-07,team_0018,team_0004,1,27.329671100912265,0.32568273316095975,0.25236819415470846,0.42194907268433168,2,0.42194907268433168,0.25236819415470846,1.3768661699055911,0.84306357972985202,27.329671100912265,7,名古屋,福岡,middle,7,7,0,0,0,0,ESTABLISHED,ESTABLISHED,0,0,1,1,0,0
2024,30499,2024-04-07,team_0003,team_0008,2,-66.730130138812228,0.40514333516973022,0.25710381510322661,0.33775284972704317,0,0.40514333516973022,0.33775284972704317,1.0854408647916554,0.66881478181773868,66.730130138812228,7,FC東京,鹿島,middle,7,7,0,0,0,0,ESTABLISHED,ESTABLISHED,0,0,1,0,1,0
2024,30451,2024-04-10,team_0033,team_0005,2,224.51768278745271,0.18372987163045046,0.21640260814875215,0.59986752022079737,2,0.59986752022079737,0.59986752022079737,0.5110464477778226,0.2406927559171782,224.51768278745271,3,横浜FM,Ｇ大阪,opening,7,7,0,0,0,0,ESTABLISHED,ESTABLISHED,0,0,1,1,0,0
2024,30500,2024-04-12,team_0009,team_0030,2,-97.01353331709106,0.43132858374457145,0.25667366624698423,0.31199775000844443,0,0.43132858374457145,0.31199775000844443,1.1647593027100538,0.72527281409320898,97.01353331709106,8,柏,浦和,middle,8,8,0,0,0,0,ESTABLISHED,ESTABLISHED,0,0,1,0,1,0
2024,30501,2024-04-13,team_0019,team_0023,1,58.335801969980594,0.30067303989148852,0.24884424831706423,0.45048271179144722,2,0.45048271179144722,0.24884424831706423,1.3909280869964658,0.85757391382692116,58.335801969980594,8,新潟,札幌,middle,8,8,0,0,0,0,ESTABLISHED,ESTABLISHED,0,0,1,1,0,0
2024,30502,2024-04-13,team_0007,team_0018,0,-115.07875863902677,0.44696843734337199,0.2559708686923467,0.29706069396428136,0,0.44696843734337199,0.44696843734337199,0.80526729683165454,0.45961005081208689,115.07875863902677,8,磐田,名古屋,middle,8,8,0,0,0,0,RETURNING,ESTABLISHED,1,1,0,0,1,0
2024,30503,2024-04-13,team_0004,team_0006,1,-114.82181775693584,0.44674610223343975,0.25598316450939129,0.29727073325716902,0,0.44674610223343975,0.25598316450939129,1.3626436003002875,0.84151302020548546,114.82181775693584,8,福岡,広島,middle,8,8,0,0,0,0,ESTABLISHED,ESTABLISHED,0,0,1,0,1,0
2024,30504,2024-04-13,team_0008,team_0013,2,116.69361446821244,0.25598890000756108,0.23981186032585183,0.50419923966658708,2,0.50419923966658708,0.50419923966658708,0.6847837722290836,0.36885843922721734,116.69361446821244,8,鹿島,京都,middle,8,8,0,0,0,0,ESTABLISHED,ESTABLISHED,0,0,1,1,0,0
2024,30505,2024-04-13,team_0014,team_0011,0,-115.65237515434615,0.44746477716632743,0.25594318083770656,0.29659204199596595,0,0.44746477716632743,0.44746477716632743,0.80415745460788446,0.4587689236645161,115.65237515434615,8,町田,神戸,middle,8,8,0,0,0,0,FIRST_TIME_IN_SCOPE,ESTABLISHED,1,0,0,0,1,0
2024,30506,2024-04-13,team_0033,team_0026,1,219.70974865521407,0.18663496354468967,0.21759150940998542,0.59577352704532494,2,0.59577352704532494,0.21759150940998542,1.5251357840172022,1.0019417512926991,219.70974865521407,8,横浜FM,湘南,middle,8,8,0,0,0,0,ESTABLISHED,ESTABLISHED,0,0,1,1,0,0
2024,30507,2024-04-13,team_0002,team_0010,2,14.623753442469024,0.3361414196898137,0.25353900018426323,0.41031958012592312,2,0.41031958012592312,0.41031958012592312,0.89081895918610088,0.52499607622838684,14.623753442469024,8,Ｃ大阪,川崎Ｆ,middle,8,8,0,0,0,0,ESTABLISHED,ESTABLISHED,0,0,1,1,0,0
2024,30508,2024-04-13,team_0028,team_0003,1,-50.612553025250008,0.39127021859151812,0.25694485256133115,0.35178492884715079,0,0.39127021859151812,0.25694485256133115,1.3588937985862353,0.82897597225575115,50.612553025250008,8,東京Ｖ,FC東京,middle,8,8,0,0,0,0,FIRST_TIME_IN_SCOPE,ESTABLISHED,1,0,0,0,1,1
2024,30509,2024-04-14,team_0005,team_0029,2,13.680529311519194,0.33692219774324639,0.25361944389241781,0.40945835836433586,2,0.40945835836433586,0.40945835836433586,0.89292006983566818,0.52657882015818369,13.680529311519194,8,Ｇ大阪,鳥栖,middle,8,8,0,0,0,0,ESTABLISHED,ESTABLISHED,0,0,1,1,0,0
2024,30510,2024-04-20,team_0023,team_0006,1,-220.57876465349227,0.53674806931743912,0.24569379315643836,0.2175581375261226,0,0.53674806931743912,0.24569379315643836,1.403669261652648,0.90440788680255579,220.57876465349227,9,札幌,広島,middle,9,9,0,0,0,0,ESTABLISHED,ESTABLISHED,0,0,1,0,1,0
2024,30512,2024-04-20,team_0013,team_0019,0,-23.525874353991867,0.36813832121359114,0.25606660800604242,0.37579507078036639,2,0.37579507078036639,0.36813832121359114,0.99929653857269518,0.60604122407731975,23.525874353991867,9,京都,新潟,middle,9,9,0,0,0,0,ESTABLISHED,ESTABLISHED,0,0,1,1,0,1
2024,30513,2024-04-20,team_0029,team_0008,2,-155.77609759363804,0.48205315200214849,0.25320853600083693,0.26473831199701447,0,0.48205315200214849,0.26473831199701447,1.3290134427952014,0.83709955390389323,155.77609759363804,9,鳥栖,鹿島,middle,9,9,0,0,0,0,ESTABLISHED,ESTABLISHED,0,0,1,0,1,0
2024,30514,2024-04-20,team_0026,team_0011,0,-208.9287825263898,0.52706885427642303,0.24730587174297949,0.22562527398059748,0,0.52706885427642303,0.52706885427642303,0.6404240856992256,0.33573082705278989,208.9287825263898,9,湘南,神戸,middle,9,9,0,0,0,0,ESTABLISHED,ESTABLISHED,0,0,1,0,1,0
2024,30515,2024-04-20,team_0004,team_0007,1,118.46949512885567,0.25468477716087023,0.23949154895753436,0.50582367388159544,2,0.50582367388159544,0.23949154895753436,1.4292371489435751,0.89909502888356707,118.46949512885567,9,福岡,磐田,middle,9,9,0,0,0,0,ESTABLISHED,RETURNING,1,1,0,1,0,0
2024,30516,2024-04-20,team_0030,team_0005,0,136.99702623884855,0.24129267751361128,0.23600275133371276,0.52270457115267599,2,0.52270457115267599,0.24129267751361128,1.4217446527974626,0.90455416853545023,136.99702623884855,9,浦和,Ｇ大阪,middle,9,9,0,0,0,0,ESTABLISHED,ESTABLISHED,0,0,1,1,0,0
2024,30517,2024-04-20,team_0010,team_0028,1,87.325983543002394,0.27804879257762644,0.24473061223769516,0.47722059518467841,2,0.47722059518467841,0.24473061223769516,1.4075972152640275,0.87548247561314152,87.325983543002394,9,川崎Ｆ,東京Ｖ,middle,9,9,0,0,0,0,ESTABLISHED,FIRST_TIME_IN_SCOPE,1,0,0,1,0,0
2024,30518,2024-04-21,team_0003,team_0014,0,8.4994616011776998,0.34122121947181971,0.25404524754832508,0.40473353297985531,2,0.40473353297985531,0.34122121947181971,1.0752242745837806,0.66233770219444166,8.4994616011776998,9,FC東京,町田,middle,9,9,0,0,0,0,ESTABLISHED,FIRST_TIME_IN_SCOPE,1,0,0,1,0,0
2024,30519,2024-04-21,team_0018,team_0002,2,-21.771454151471517,0.36665015830996484,0.25598333280261387,0.37736650888742124,2,0.37736650888742124,0.37736650888742124,0.97453839167221179,0.58763226951649383,21.771454151471517,9,名古屋,Ｃ大阪,middle,9,9,0,0,0,0,ESTABLISHED,ESTABLISHED,0,0,1,1,0,1
2024,30520,2024-04-27,team_0023,team_0026,1,-15.806397200110723,0.36160110799342288,0.25567626937103288,0.3827226226355443,2,0.3827226226355443,0.25567626937103288,1.36384320751884,0.83124978315652365,15.806397200110723,10,札幌,湘南,middle,10,10,0,0,0,0,ESTABLISHED,ESTABLISHED,0,0,1,1,0,1
2024,30521,2024-04-27,team_0019,team_0003,0,-13.834372664324974,0.35993570163877286,0.25556663560932968,0.38449766275189745,2,0.38449766275189745,0.35993570163877286,1.0218298700429966,0.62283506393499377,13.834372664324974,10,新潟,FC東京,middle,10,10,0,0,0,0,ESTABLISHED,ESTABLISHED,0,0,1,1,0,1
2024,30522,2024-04-27,team_0007,team_0014,2,-119.29677080223269,0.4506175007141342,0.25575961763427507,0.29362288165159084,0,0.4506175007141342,0.29362288165159084,1.225459050497911,0.76743774728848568,119.29677080223269,10,磐田,町田,middle,10,10,0,0,0,0,RETURNING,FIRST_TIME_IN_SCOPE,1,1,0,0,1,0
2024,30523,2024-04-27,team_0011,team_0013,0,257.69686746271577,0.16452433638024791,0.20792659713150957,0.62754906648824249,2,0.62754906648824249,0.16452433638024791,1.8046967781977143,1.1350708851458189,257.69686746271577,10,神戸,京都,middle,10,10,0,0,0,0,ESTABLISHED,ESTABLISHED,0,0,1,1,0,0
2024,30524,2024-04-27,team_0002,team_0033,1,-81.286427983062367,0.41771723302026259,0.25701512901968021,0.32526763796005714,0,0.41771723302026259,0.25701512901968021,1.3586203280387001,0.83231324157186148,81.286427983062367,10,Ｃ大阪,横浜FM,middle,10,9,0,0,0,0,ESTABLISHED,ESTABLISHED,0,0,1,0,1,0
2024,30525,2024-04-28,team_0028,team_0004,1,-43.628864124239726,0.38528110185116787,0.25679174236251634,0.3579271557863159,0,0.38528110185116787,0.25679174236251634,1.3594898635925476,0.82891189051347591,43.628864124239726,10,東京Ｖ,福岡,middle,10,10,0,0,0,0,FIRST_TIME_IN_SCOPE,ESTABLISHED,1,0,0,0,1,1
2024,30526,2024-04-28,team_0006,team_0010,1,103.78140863207,0.26557525778696456,0.2420637506420012,0.4923609915710343,2,0.4923609915710343,0.2420637506420012,1.4185541551127105,0.8874169216602954,103.78140863207,10,広島,川崎Ｆ,middle,10,10,0,0,0,0,ESTABLISHED,ESTABLISHED,0,0,1,1,0,0
2024,30527,2024-04-28,team_0030,team_0018,2,-13.459378866968109,0.35961923336762069,0.25554533212878444,0.38483543450359486,2,0.38483543450359486,0.38483543450359486,0.95493947892189313,0.57305685242310678,13.459378866968109,10,浦和,名古屋,middle,10,10,0,0,0,0,ESTABLISHED,ESTABLISHED,0,0,1,1,0,1
2024,30528,2024-04-28,team_0009,team_0029,1,78.010941071836896,0.28523131616597647,0.24613554947475383,0.46863313435926984,2,0.46863313435926984,0.24613554947475383,1.4018728806772991,0.86928552810690007,78.010941071836896,10,柏,鳥栖,middle,9,10,0,0,0,0,ESTABLISHED,ESTABLISHED,0,0,1,1,0,0
2024,30529,2024-04-28,team_0005,team_0008,0,-87.054012135375842,0.42270689503828862,0.25691938714807744,0.32037371781363405,0,0.42270689503828862,0.42270689503828862,0.86107625964678658,0.50191421959460725,87.054012135375842,10,Ｇ大阪,鹿島,middle,10,10,0,0,0,0,ESTABLISHED,ESTABLISHED,0,0,1,0,1,0
2024,30530,2024-05-03,team_0033,team_0007,1,225.48834786020188,0.18314709949230959,0.21616127439859537,0.60069162610909499,2,0.60069162610909499,0.21616127439859537,1.531730509161261,1.0087764374824688,225.48834786020188,11,横浜FM,磐田,middle,10,11,0,0,0,0,ESTABLISHED,RETURNING,1,1,0,1,0,0
2024,30531,2024-05-03,team_0019,team_0006,1,-168.23053796407567,0.49270589878877924,0.25204955890909198,0.25524454230212884,0,0.49270589878877924,0.25204955890909198,1.3781295484685496,0.86733874140436595,168.23053796407567,11,新潟,広島,middle,11,11,0,0,0,0,ESTABLISHED,ESTABLISHED,0,0,1,0,1,0
2024,30532,2024-05-03,team_0008,team_0026,2,123.71021509497109,0.25085686504898663,0.23853168882279105,0.51061144612822229,2,0.51061144612822229,0.51061144612822229,0.6721463574102996,0.35932768997556819,123.71021509497109,11,鹿島,湘南,middle,11,11,0,0,0,0,ESTABLISHED,ESTABLISHED,0,0,1,1,0,0
2024,30533,2024-05-03,team_0003,team_0013,2,73.463071892835387,0.28876865368485516,0.24679322425586148,0.46443812205928336,2,0.46443812205928336,0.46443812205928336,0.766926943683226,0.43112075599295485,73.463071892835387,11,FC東京,京都,middle,11,11,0,0,0,0,ESTABLISHED,ESTABLISHED,0,0,1,1,0,0
2024,30534,2024-05-03,team_0014,team_0009,2,28.716550292503598,0.32454804612764637,0.25223063727557254,0.42322131659678103,2,0.42322131659678103,0.42322131659678103,0.85986002967637387,0.50162537825406495,28.716550292503598,11,町田,柏,middle,11,10,0,0,0,0,FIRST_TIME_IN_SCOPE,ESTABLISHED,1,0,0,1,0,0
2024,30535,2024-05-03,team_0002,team_0023,1,145.85557619808606,0.2350309063310605,0.23424324513119843,0.53072584853774107,2,0.53072584853774107,0.23424324513119843,1.4513951944322101,0.92329286086410289,145.85557619808606,11,Ｃ大阪,札幌,middle,11,11,0,0,0,0,ESTABLISHED,ESTABLISHED,0,0,1,1,0,0
2024,30536,2024-05-03,team_0029,team_0028,0,-30.163167600061115,0.37378052968041592,0.25635265363614457,0.36986681668343963,0,0.37378052968041592,0.37378052968041592,0.98408647284960493,0.59466897011717468,30.163167600061115,11,鳥栖,東京Ｖ,middle,11,11,0,0,0,0,ESTABLISHED,FIRST_TIME_IN_SCOPE,1,0,0,0,1,1
2024,30537,2024-05-03,team_0010,team_0030,2,-11.334799213296719,0.35782758804133902,0.25542188601803262,0.38675052594062842,2,0.38675052594062842,0.38675052594062842,0.94997542963168735,0.56935584005458695,11.334799213296719,11,川崎Ｆ,浦和,middle,11,11,0,0,0,0,ESTABLISHED,ESTABLISHED,0,0,1,1,0,1
2024,30538,2024-05-03,team_0004,team_0005,2,72.291361340180856,0.28968319561309258,0.24695962587785439,0.46335717850905295,2,0.46335717850905295,0.46335717850905295,0.76925707844172853,0.43289092849210764,72.291361340180856,11,福岡,Ｇ大阪,middle,11,11,0,0,0,0,ESTABLISHED,ESTABLISHED,0,0,1,1,0,0
2024,30539,2024-05-03,team_0018,team_0011,0,-93.427648545367902,0.42822384725188495,0.25677382739822019,0.31500232534989486,0,0.42822384725188495,0.42822384725188495,0.84810921252328331,0.49208723226400791,93.427648545367902,11,名古屋,神戸,middle,11,11,0,0,0,0,ESTABLISHED,ESTABLISHED,0,0,1,0,1,0
2024,30540,2024-05-06,team_0028,team_0007,2,44.795502191315791,0.31149932235712574,0.25049763602140462,0.43800304162146969,2,0.43800304162146969,0.43800304162146969,0.8255294242885477,0.47562147470798011,44.795502191315791,12,東京Ｖ,磐田,middle,12,12,0,0,0,0,FIRST_TIME_IN_SCOPE,RETURNING,1,1,0,1,0,0
2024,30541,2024-05-06,team_0011,team_0019,2,204.40620511895531,0.19608562510006006,0.22130033656131601,0.58261403833862391,2,0.58261403833862391,0.58261403833862391,0.54023033873161808,0.26163445232502475,204.40620511895531,12,神戸,新潟,middle,12,12,0,0,0,0,ESTABLISHED,ESTABLISHED,0,0,1,1,0,0
2024,30542,2024-05-06,team_0005,team_0002,2,-112.88040480257632,0.4450659995043878,0.25607393877480228,0.29886006172080998,0,0.4450659995043878,0.29886006172080998,1.2077798361480989,0.75525481908462733,112.88040480257632,12,Ｇ大阪,Ｃ大阪,middle,12,12,0,0,0,0,ESTABLISHED,ESTABLISHED,0,0,1,0,1,0
2024,30543,2024-05-06,team_0023,team_0003,0,-96.593539787282907,0.43096492551068571,0.25668607566555757,0.31234899882375655,0,0.43096492551068571,0.43096492551068571,0.84172857151542146,0.48725055450584681,96.593539787282907,12,札幌,FC東京,middle,12,12,0,0,0,0,ESTABLISHED,ESTABLISHED,0,0,1,0,1,0
2024,30544,2024-05-06,team_0013,team_0014,0,-88.251451874758686,0.42374318923579657,0.25689521876900429,0.31936159199519909,0,0.42374318923579657,0.42374318923579657,0.85862769301653274,0.50005889182021357,88.251451874758686,12,京都,町田,middle,12,12,0,0,0,0,ESTABLISHED,FIRST_TIME_IN_SCOPE,1,0,0,0,1,0
2024,30545,2024-05-06,team_0004,team_0010,1,-31.708189421473662,0.37509656925186169,0.25641264940781172,0.36849078134032648,0,0.37509656925186169,0.25641264940781172,1.3609672204886842,0.82940504015803096,31.708189421473662,12,福岡,川崎Ｆ,middle,12,12,0,0,0,0,ESTABLISHED,ESTABLISHED,0,0,1,0,1,1
2024,30546,2024-05-06,team_0006,team_0018,0,94.75332279160466,0.27238403477704837,0.24355568731083946,0.4840602779121122,2,0.4840602779121122,0.27238403477704837,1.3005423159065839,0.82305871832113442,94.75332279160466,12,広島,名古屋,middle,12,12,0,0,0,0,ESTABLISHED,ESTABLISHED,0,0,1,1,0,0
2024,30547,2024-05-06,team_0009,team_0008,0,-89.120021417926409,0.42449493547202671,0.25687676676548449,0.3186282977624888,0,0.42449493547202671,0.42449493547202671,0.85685520387428016,0.49871574473625707,89.120021417926409,12,柏,鹿島,middle,11,12,0,0,0,0,ESTABLISHED,ESTABLISHED,0,0,1,0,1,0
2024,30548,2024-05-06,team_0026,team_0029,2,29.468707384801291,0.32393325116808991,0.25215523693038966,0.42391151190152054,2,0.42391151190152054,0.42391151190152054,0.85823054387617981,0.50039296084334173,29.468707384801291,12,湘南,鳥栖,middle,12,12,0,0,0,0,ESTABLISHED,ESTABLISHED,0,0,1,1,0,0
2024,30549,2024-05-06,team_0030,team_0033,2,-90.548790805804174,0.425731641103338,0.25684473016213277,0.31742362873452928,0,0.425731641103338,0.31742362873452928,1.147518029002442,0.71312714825853785,90.548790805804174,12,浦和,横浜FM,middle,12,11,0,0,0,0,ESTABLISHED,ESTABLISHED,0,0,1,0,1,0
2024,30551,2024-05-11,team_0019,team_0030,0,-102.08319763614008,0.43571839625580072,0.25650972093710583,0.30777188280709333,0,0.43571839625580072,0.43571839625580072,0.8307591244507867,0.47893449710598074,102.08319763614008,13,新潟,浦和,middle,13,13,0,0,0,0,ESTABLISHED,ESTABLISHED,0,0,1,0,1,0
2024,30552,2024-05-11,team_0007,team_0029,0,27.661974107927108,0.32541072892105199,0.25233540883184014,0.42225386224710781,2,0.42225386224710781,0.32541072892105199,1.1226671132562602,0.69704216738775782,27.661974107927108,13,磐田,鳥栖,middle,13,13,0,0,0,0,RETURNING,ESTABLISHED,1,1,0,1,0,0
2024,30553,2024-05-11,team_0013,team_0004,0,-96.350973544035696,0.43075489739646633,0.25669316080611954,0.3125519417974143,0,0.43075489739646633,0.43075489739646633,0.84221603417508206,0.48762008196407819,96.350973544035696,13,京都,福岡,middle,13,13,0,0,0,0,ESTABLISHED,ESTABLISHED,0,0,1,0,1,0
2024,30554,2024-05-11,team_0003,team_0009,1,76.656549147832493,0.28628269508971488,0.24633336619619689,0.46738393871408834,2,0.46738393871408834,0.24633336619619689,1.4010695132939475,0.86841892258488129,76.656549147832493,13,FC東京,柏,middle,13,12,0,0,0,0,ESTABLISHED,ESTABLISHED,0,0,1,1,0,0
2024,30555,2024-05-11,team_0010,team_0023,2,150.98162255716898,0.23145037910344335,0.23319924196813846,0.53535037892841819,2,0.53535037892841819,0.53535037892841819,0.62483383256374747,0.32385043480360665,150.98162255716898,13,川崎Ｆ,札幌,middle,13,13,0,0,0,0,ESTABLISHED,ESTABLISHED,0,0,1,1,0,0
2024,30556,2024-05-11,team_0026,team_0014,1,-98.206579397191263,0.43236162041903731,0.25663743572444214,0.31100094385652061,0,0.43236162041903731,0.25663743572444214,1.3600909460759976,0.83624605985735534,98.206579397191263,13,湘南,町田,middle,13,13,0,0,0,0,ESTABLISHED,FIRST_TIME_IN_SCOPE,1,0,0,0,1,0
2024,30557,2024-05-11,team_0018,team_0005,0,109.00445093927192,0.26167568076186765,0.24116933956375777,0.49715497967437461,2,0.49715497967437461,0.26167568076186765,1.3406494016897148,0.85044852453909847,109.00445093927192,13,名古屋,Ｇ大阪,middle,13,13,0,0,0,0,ESTABLISHED,ESTABLISHED,0,0,1,1,0,0
2024,30558,2024-05-11,team_0002,team_0011,0,-129.43733717380655,0.45938169731820194,0.25517973402744687,0.28543856865435124,0,0.45938169731820194,0.45938169731820194,0.77787382992522547,0.43886002232831162,129.43733717380655,13,Ｃ大阪,神戸,middle,13,13,0,0,0,0,ESTABLISHED,ESTABLISHED,0,0,1,0,1,0
2024,30559,2024-05-12,team_0008,team_0028,1,102.33482437790963,0.26666046039779578,0.24230744600725643,0.49103209359494787,2,0.49103209359494787,0.24230744600725643,1.4175479211025011,0.88631832445584868,102.33482437790963,13,鹿島,東京Ｖ,middle,13,13,0,0,0,0,ESTABLISHED,FIRST_TIME_IN_SCOPE,1,0,0,1,0,0
2024,30560,2024-05-15,team_0023,team_0007,2,-3.755667839425314,0.35145553797812273,0.25494353325634356,0.39360092876553382,2,0.39360092876553382,0.39360092876553382,0.93241775413829164,0.55623703391874324,3.755667839425314,14,札幌,磐田,middle,14,14,0,0,0,0,ESTABLISHED,RETURNING,1,1,0,1,0,1
2024,30561,2024-05-15,team_0009,team_0026,2,30.560728970226364,0.32304140175991031,0.25204476934381759,0.42491382889627211,2,0.42491382889627211,0.42491382889627211,0.85586888615358647,0.49860641719933213,30.560728970226364,14,柏,湘南,middle,13,14,0,0,0,0,ESTABLISHED,ESTABLISHED,0,0,1,1,0,0
2024,30562,2024-05-15,team_0028,team_0005,1,23.664637449174279,0.32868799519832814,0.25272249933352481,0.41858950546814705,2,0.41858950546814705,0.25272249933352481,1.3754632328034149,0.84167663527789782,23.664637449174279,14,東京Ｖ,Ｇ大阪,middle,14,14,0,0,0,0,FIRST_TIME_IN_SCOPE,ESTABLISHED,1,0,0,1,0,0
2024,30563,2024-05-15,team_0014,team_0002,2,27.003333632347903,0.32594993236148884,0.25240028411878163,0.42164978351972959,2,0.42164978351972959,0.42164978351972959,0.86358020637385691,0.50443823473247651,27.003333632347903,14,町田,Ｃ大阪,middle,14,14,0,0,0,0,FIRST_TIME_IN_SCOPE,ESTABLISHED,1,0,0,1,0,0
2024,30564,2024-05-15,team_0019,team_0033,2,-187.88644494968503,0.50939841430926303,0.24993638564166687,0.24066520004907016,0,0.50939841430926303,0.24066520004907016,1.4243485227549217,0.89854427978493034,187.88644494968503,14,新潟,横浜FM,middle,14,12,0,0,0,0,ESTABLISHED,ESTABLISHED,0,0,1,0,1,0
2024,30565,2024-05-15,team_0018,team_0003,2,1.7658901265174336,0.34683345422607376,0.25455783033610979,0.39860871543781645,2,0.39860871543781645,0.39860871543781645,0.91977500632001119,0.54676461110317098,1.7658901265174336,14,名古屋,FC東京,middle,14,14,0,0,0,0,ESTABLISHED,ESTABLISHED,0,0,1,1,0,0
2024,30566,2024-05-15,team_0011,team_0004,2,150.50864812942655,0.23177942073324886,0.23329634964682314,0.53492422961992803,2,0.53492422961992803,0.53492422961992803,0.62563016899480306,0.32444435882859057,150.50864812942655,14,神戸,福岡,middle,14,14,0,0,0,0,ESTABLISHED,ESTABLISHED,0,0,1,1,0,0
2024,30567,2024-05-15,team_0006,team_0008,0,23.025441995029041,0.32921310365008366,0.25278291945227593,0.41800397689764029,2,0.41800397689764029,0.32921310365008366,1.1110500064450233,0.68858158938381231,23.025441995029041,14,広島,鹿島,middle,13,14,0,0,0,0,ESTABLISHED,ESTABLISHED,0,0,1,1,0,0
2024,30568,2024-05-15,team_0029,team_0010,2,-137.10343705111791,0.46599647868922633,0.2546745829541559,0.27932893835661771,0,0.46599647868922633,0.27932893835661771,1.2753652010987993,0.80137864044383145,137.10343705111791,14,鳥栖,川崎Ｆ,middle,14,14,0,0,0,0,ESTABLISHED,ESTABLISHED,0,0,1,0,1,0
2024,30569,2024-05-15,team_0030,team_0013,2,176.28921349125471,0.2142463304105662,0.22778272451560133,0.55797094507383249,2,0.55797094507383249,0.55797094507383249,0.58344838771665997,0.29317614508106465,176.28921349125471,14,浦和,京都,middle,14,14,0,0,0,0,ESTABLISHED,ESTABLISHED,0,0,1,1,0,0
2024,30570,2024-05-18,team_0004,team_0002,0,15.991964869825779,0.33500989113649887,0.25342071406514127,0.4115693947983598,2,0.4115693947983598,0.33500989113649887,1.0935952218123544,0.67582326993826525,15.991964869825779,15,福岡,Ｃ大阪,middle,15,15,0,0,0,0,ESTABLISHED,ESTABLISHED,0,0,1,1,0,0
2024,30571,2024-05-18,team_0029,team_0018,0,-102.45614080829137,0.43604132736250922,0.25649663033110581,0.30746204230638507,0,0.43604132736250922,0.43604132736250922,0.83001825259646578,0.47837281327346576,102.45614080829137,15,鳥栖,名古屋,middle,15,15,0,0,0,0,ESTABLISHED,ESTABLISHED,0,0,1,0,1,0
2024,30572,2024-05-19,team_0014,team_0028,2,64.360433268581119,0.29590701871679875,0.24805282608745668,0.45604015519574453,2,0.45604015519574453,0.45604015519574453,0.78517441370498275,0.44498348101530771,64.360433268581119,15,町田,東京Ｖ,middle,15,15,0,0,0,0,FIRST_TIME_IN_SCOPE,FIRST_TIME_IN_SCOPE,1,0,0,1,0,0
2024,30573,2024-05-19,team_0007,team_0030,1,-181.04438805436894,0.50360637711379219,0.25071061665036876,0.24568300623583911,0,0.50360637711379219,0.25071061665036876,1.3834559266875424,0.87541410262322905,181.04438805436894,15,磐田,浦和,middle,15,15,0,0,0,0,RETURNING,ESTABLISHED,1,1,0,0,1,0
2024,30574,2024-05-19,team_0013,team_0006,0,-183.97132335834635,0.50608669108126492,0.25038439573463728,0.24352891318409783,0,0.50608669108126492,0.50608669108126492,0.68104729812177789,0.36594903391108113,183.97132335834635,15,京都,広島,middle,15,14,0,0,0,0,ESTABLISHED,ESTABLISHED,0,0,1,0,1,0
2024,30575,2024-05-19,team_0008,team_0011,2,-84.631165576636477,0.42061045668219904,0.25696377948544552,0.32242576383235538,0,0.42061045668219904,0.32242576383235538,1.1318823589111329,0.70205038575601986,84.631165576636477,15,鹿島,神戸,middle,15,15,0,0,0,0,ESTABLISHED,ESTABLISHED,0,0,1,0,1,0
2024,30576,2024-05-19,team_0003,team_0033,1,-87.206691524098687,0.42283902155747993,0.2569163875035862,0.32024459093893387,0,0.42283902155747993,0.2569163875035862,1.359004587474576,0.83352269133805246,87.206691524098687,15,FC東京,横浜FM,middle,15,13,0,0,0,0,ESTABLISHED,ESTABLISHED,0,0,1,0,1,0
2024,30577,2024-05-19,team_0005,team_0010,2,-66.915954653841936,0.40530362799923442,0.25710406889587006,0.33759230310489546,0,0.40530362799923442,0.33759230310489546,1.0859163153801397,0.66915749001803071,66.915954653841936,15,Ｇ大阪,川崎Ｆ,middle,15,15,0,0,0,0,ESTABLISHED,ESTABLISHED,0,0,1,0,1,0
2024,30578,2024-05-19,team_0009,team_0023,2,68.753241021977146,0.29245257070725822,0.24745447691592612,0.46009295237681569,2,0.46009295237681569,0.46009295237681569,0.77632673952808462,0.43826184433220189,68.753241021977146,15,柏,札幌,middle,14,15,0,0,0,0,ESTABLISHED,ESTABLISHED,0,0,1,1,0,0
2024,30579,2024-05-19,team_0026,team_0019,2,-18.130868227386145,0.36356661364475462,0.25580031958419186,0.38063306677105352,2,0.38063306677105352,0.38063306677105352,0.96591944725538581,0.58122988403391918,18.130868227386145,15,湘南,新潟,middle,15,15,0,0,0,0,ESTABLISHED,ESTABLISHED,0,0,1,1,0,1
2024,30580,2024-05-25,team_0023,team_0008,0,-208.70168066493056,0.52687939280050378,0.24733621815913345,0.22578438904036272,0,0.52687939280050378,0.52687939280050378,0.64078361279837026,0.3359969041044123,208.70168066493056,16,札幌,鹿島,middle,16,16,0,0,0,0,ESTABLISHED,ESTABLISHED,0,0,1,0,1,0
2024,30581,2024-05-25,team_0007,team_0026,2,-45.066345134360517,0.38651260802562437,0.25682742397648073,0.35665996799789501,0,0.38651260802562437,0.35665996799789501,1.0309724216849789,0.62923871864563441,45.066345134360517,16,磐田,湘南,middle,16,16,0,0,0,0,RETURNING,ESTABLISHED,1,1,0,0,1,1
2024,30582,2024-05-25,team_0010,team_0009,1,52.274992192698392,0.3054998223954008,0.24960594410786013,0.44489423349673918,2,0.44489423349673918,0.24960594410786013,1.3878718282357299,0.85435225960052841,52.274992192698392,16,川崎Ｆ,柏,middle,16,15,0,0,0,0,ESTABLISHED,ESTABLISHED,0,0,1,1,0,0
2024,30584,2024-05-25,team_0019,team_0004,0,-61.62675903554964,0.40074393797402608,0.25708279343726609,0.34217326858870795,0,0.40074393797402608,0.40074393797402608,0.91443261430925227,0.54228193629306598,61.62675903554964,16,新潟,福岡,middle,16,16,0,0,0,0,ESTABLISHED,ESTABLISHED,0,0,1,0,1,0
2024,30585,2024-05-26,team_0011,team_0028,0,192.41116802999659,0.20370811681112491,0.22412126676934335,0.57217061641953171,2,0.57217061641953171,0.20370811681112491,1.5910671096550502,1.0116903197446871,192.41116802999659,16,神戸,東京Ｖ,middle,16,16,0,0,0,0,ESTABLISHED,FIRST_TIME_IN_SCOPE,1,0,0,1,0,0
2024,30586,2024-05-26,team_0003,team_0005,0,27.122854639433854,0.32585206176866061,0.25238854346317313,0.42175939476816615,2,0.42175939476816615,0.32585206176866061,1.1213117988686614,0.69605640656823753,27.122854639433854,16,FC東京,Ｇ大阪,middle,16,16,0,0,0,0,ESTABLISHED,ESTABLISHED,0,0,1,1,0,0
2024,30587,2024-05-26,team_0018,team_0013,1,177.02739832929069,0.21375655000274407,0.22761850251265675,0.55862494748459923,2,0.55862494748459923,0.22761850251265675,1.480084286041798,0.95432687228203772,177.02739832929069,16,名古屋,京都,middle,16,16,0,0,0,0,ESTABLISHED,ESTABLISHED,0,0,1,1,0,0
2024,30588,2024-05-26,team_0002,team_0006,1,-59.529352041528682,0.39893752183340059,0.25706628476273258,0.34399619340386695,0,0.39893752183340059,0.25706628476273258,1.3584213099771647,0.82943503263917484,59.529352041528682,16,Ｃ大阪,広島,middle,16,15,0,0,0,0,ESTABLISHED,ESTABLISHED,0,0,1,0,1,0
2024,30589,2024-05-26,team_0030,team_0014,0,19.158658184137494,0.33239580362582416,0.25313970754699544,0.41446448882718046,2,0.41446448882718046,0.33239580362582416,1.1014288405515797,0.68155588705216352,19.158658184137494,16,浦和,町田,middle,16,16,0,0,0,0,ESTABLISHED,FIRST_TIME_IN_SCOPE,1,0,0,1,0,0
2024,30511,2024-05-29,team_0033,team_0009,2,119.4522049576326,0.25396463567350813,0.23931321792398863,0.50672214640250335,2,0.50672214640250335,0.50672214640250335,0.67979246032592999,0.36509189329566555,119.4522049576326,9,横浜FM,柏,middle,14,16,0,0,0,0,ESTABLISHED,ESTABLISHED,0,0,1,1,0,0
2024,30590,2024-05-31,team_0029,team_0003,0,-76.276359445457501,0.41338589319486074,0.2570704353451132,0.32954367146002606,0,0.41338589319486074,0.41338589319486074,0.88337375618012492,0.51880035043067096,76.276359445457501,17,鳥栖,FC東京,middle,16,17,0,0,0,0,ESTABLISHED,ESTABLISHED,0,0,1,0,1,0
2024,30591,2024-06-01,team_0006,team_0007,2,191.23621214795799,0.20446483376555427,0.22439327523521321,0.57114189099923252,2,0.57114189099923252,0.57114189099923252,0.56011760457567739,0.27607748787327607,191.23621214795799,17,広島,磐田,middle,16,17,0,0,0,0,ESTABLISHED,RETURNING,1,1,0,1,0,0
2024,30592,2024-06-01,team_0008,team_0033,2,8.9363932959468002,0.34085801311863556,0.25401039040248724,0.4051315964788772,2,0.4051315964788772,0.4051315964788772,0.90354333507630602,0.53457388104737724,8.9363932959468002,17,鹿島,横浜FM,middle,17,15,0,0,0,0,ESTABLISHED,ESTABLISHED,0,0,1,1,0,0
2024,30593,2024-06-01,team_0014,team_0019,0,157.8073290878001,0.22673217687453542,0.23178051603453051,0.54148730709093407,2,0.54148730709093407,0.22673217687453542,1.4839857956141136,0.94487383763501964,157.8073290878001,17,町田,新潟,middle,17,17,0,0,0,0,FIRST_TIME_IN_SCOPE,ESTABLISHED,1,0,0,1,0,0
2024,30594,2024-06-01,team_0026,team_0005,0,-80.708035730320034,0.41721704003799748,0.25702283840074508,0.32576012156125739,0,0.41721704003799748,0.41721704003799748,0.87414871287848972,0.51181637468125374,80.708035730320034,17,湘南,Ｇ大阪,middle,17,17,0,0,0,0,ESTABLISHED,ESTABLISHED,0,0,1,0,1,0
2024,30595,2024-06-01,team_0030,team_0011,1,-92.647119812075971,0.42754810966704748,0.2567938888527232,0.31565800148022932,0,0.42754810966704748,0.2567938888527232,1.359481504751971,0.83479268362501635,92.647119812075971,17,浦和,神戸,middle,17,17,0,0,0,0,ESTABLISHED,ESTABLISHED,0,0,1,0,1,0
2024,30596,2024-06-01,team_0013,team_0002,1,-137.35168329558132,0.46621049270830178,0.25465727332542071,0.27913223396627745,0,0.46621049270830178,0.25465727332542071,1.3678366640118134,0.85080280775701878,137.35168329558132,17,京都,Ｃ大阪,middle,17,17,0,0,0,0,ESTABLISHED,ESTABLISHED,0,0,1,0,1,0
2024,30597,2024-06-02,team_0028,team_0023,2,118.87349039313654,0.25438859374057476,0.23941832955893461,0.50619307670049063,2,0.50619307670049063,0.50619307670049063,0.68083710796881147,0.36587997065262534,118.87349039313654,17,東京Ｖ,札幌,middle,17,17,0,0,0,0,FIRST_TIME_IN_SCOPE,ESTABLISHED,1,0,0,1,0,0
2024,30598,2024-06-02,team_0010,team_0018,2,-17.76968580114135,0.3632610366961036,0.2557814122237459,0.38095755108015045,2,0.38095755108015045,0.38095755108015045,0.96506732455028532,0.58059626518538643,17.76968580114135,17,川崎Ｆ,名古屋,middle,17,17,0,0,0,0,ESTABLISHED,ESTABLISHED,0,0,1,1,0,1
2024,30599,2024-06-02,team_0009,team_0004,0,-36.321724359266909,0.37903196113772547,0.25657697300671994,0.36439106585555459,0,0.37903196113772547,0.37903196113772547,0.9701347472766052,0.5842138972410974,36.321724359266909,17,柏,福岡,middle,17,17,0,0,0,0,ESTABLISHED,ESTABLISHED,0,0,1,0,1,1
2024,30600,2024-06-15,team_0033,team_0014,0,54.137231861481951,0.30401337998916611,0.24937561223744567,0.4466110077733883,2,0.4466110077733883,0.30401337998916611,1.1906835654222074,0.74604696347726729,54.137231861481951,18,横浜FM,町田,middle,16,18,0,0,0,0,ESTABLISHED,FIRST_TIME_IN_SCOPE,1,0,0,1,0,0
2024,30601,2024-06-15,team_0006,team_0028,2,87.763622460532588,0.27771345907442191,0.2446627161926897,0.47762382473288839,2,0.47762382473288839,0.47762382473288839,0.73893183386633199,0.40986147853256139,87.763622460532588,18,広島,東京Ｖ,middle,17,18,0,0,0,0,ESTABLISHED,FIRST_TIME_IN_SCOPE,1,0,0,1,0,0
2024,30602,2024-06-15,team_0013,team_0023,2,4.6024125721321525,0.34446593997621472,0.25434754491135003,0.40118651511243519,2,0.40118651511243519,0.40118651511243519,0.91332883484398963,0.54192704708931827,4.6024125721321525,18,京都,札幌,middle,18,18,0,0,0,0,ESTABLISHED,ESTABLISHED,0,0,1,1,0,0
2024,30603,2024-06-15,team_0002,team_0030,2,-21.080547305974733,0.36606449119060203,0.25594965966837924,0.37798584914101874,2,0.37798584914101874,0.37798584914101874,0.97289852019817002,0.58641504386381293,21.080547305974733,18,Ｃ大阪,浦和,middle,18,18,0,0,0,0,ESTABLISHED,ESTABLISHED,0,0,1,1,0,1
2024,30604,2024-06-16,team_0011,team_0010,2,114.79389267309898,0.25738784796700781,0.24015170663578522,0.50246044539720691,2,0.50246044539720691,0.50246044539720691,0.68823835777459275,0.37146695487551351,114.79389267309898,18,神戸,川崎Ｆ,middle,18,18,0,0,0,0,ESTABLISHED,ESTABLISHED,0,0,1,1,0,0
2024,30605,2024-06-16,team_0004,team_0029,2,145.82088085869623,0.23505524872251427,0.23425024762183033,0.53069450365565529,2,0.53069450365565529,0.53069450365565529,0.63356874598417834,0.33037179736190359,145.82088085869623,18,福岡,鳥栖,middle,18,17,0,0,0,0,ESTABLISHED,ESTABLISHED,0,0,1,1,0,0
2024,30606,2024-06-16,team_0008,team_0019,1,184.03290730402182,0.20914300093538782,0.22604338680885902,0.56481361225575322,2,0.56481361225575322,0.22604338680885902,1.4870283211047335,0.96176405053195335,184.03290730402182,18,鹿島,新潟,middle,18,18,0,0,0,0,ESTABLISHED,ESTABLISHED,0,0,1,1,0,0
2024,30607,2024-06-16,team_0003,team_0007,1,110.30314610573191,0.26071063887661128,0.24094344520163463,0.49834591592175403,2,0.49834591592175403,0.24094344520163463,1.4231930402432751,0.89248554252170675,110.30314610573191,18,FC東京,磐田,middle,18,18,0,0,0,0,ESTABLISHED,RETURNING,1,1,0,1,0,0
2024,30608,2024-06-16,team_0018,team_0026,1,123.29424091538499,0.25115956685244561,0.23860866713575171,0.51023176601180265,2,0.51023176601180265,0.23860866713575171,1.4329304450168174,0.90313434482982768,123.29424091538499,18,名古屋,湘南,middle,18,18,0,0,0,0,ESTABLISHED,ESTABLISHED,0,0,1,1,0,0
2024,30609,2024-06-16,team_0005,team_0009,2,64.874108905253252,0.29550216155754999,0.24798378038386829,0.45651405805858181,2,0.45651405805858181,0.45651405805858181,0.78413578411222862,0.44419445190660956,64.874108905253252,18,Ｇ大阪,柏,middle,18,18,0,0,0,0,ESTABLISHED,ESTABLISHED,0,0,1,1,0,0
2024,30550,2024-06-19,team_0033,team_0006,2,-21.252707037072469,0.36621040680128925,0.25595809674595688,0.37783149645275382,2,0.37783149645275382,0.37783149645275382,0.97330695933048295,0.58671825614559803,21.252707037072469,13,横浜FM,広島,middle,17,18,0,0,0,0,ESTABLISHED,ESTABLISHED,0,0,1,1,0,1
2024,30610,2024-06-22,team_0014,team_0004,1,29.46912145406327,0.32393291283252734,0.25215519526741115,0.42391189190006145,2,0.42391189190006145,0.25215519526741115,1.3777105267953513,0.84390567607597922,29.46912145406327,19,町田,福岡,middle,19,19,0,0,0,0,FIRST_TIME_IN_SCOPE,ESTABLISHED,1,0,0,1,0,0
2024,30611,2024-06-22,team_0028,team_0018,2,-18.373132062626837,0.36377161499911881,0.25581292585406451,0.38041545914681668,2,0.38041545914681668,0.38041545914681668,0.96649130994943599,0.58165504417733416,18.373132062626837,19,東京Ｖ,名古屋,middle,19,19,0,0,0,0,FIRST_TIME_IN_SCOPE,ESTABLISHED,1,0,0,1,0,1
2024,30612,2024-06-22,team_0019,team_0010,1,-70.557267459551213,0.40844595379558601,0.25710179630931551,0.33445224989509847,0,0.40844595379558601,0.25710179630931551,1.3582831779228941,0.83058414567872507,70.557267459551213,19,新潟,川崎Ｆ,middle,19,19,0,0,0,0,ESTABLISHED,ESTABLISHED,0,0,1,0,1,0
2024,30613,2024-06-22,team_0030,team_0008,1,-79.04963594485821,0.41578307526111663,0.25704302755734459,0.32717389718153872,0,0.41578307526111663,0.25704302755734459,1.3585117856983644,0.83190338757170412,79.04963594485821,19,浦和,鹿島,middle,19,19,0,0,0,0,ESTABLISHED,ESTABLISHED,0,0,1,0,1,0
2024,30614,2024-06-22,team_0009,team_0006,0,-136.56601826696306,0.46553312478053305,0.25471185221318188,0.27975502300628508,0,0.46553312478053305,0.46553312478053305,0.76457202522523793,0.42879584126197823,136.56601826696306,19,柏,広島,middle,19,19,0,0,0,0,ESTABLISHED,ESTABLISHED,0,0,1,0,1,0
2024,30615,2024-06-22,team_0026,team_0003,0,-79.669302979473059,0.41631884259108226,0.25703581632401779,0.3266453410848999,0,0.41631884259108226,0.41631884259108226,0.8763038637563022,0.51344828324003866,79.669302979473059,19,湘南,FC東京,middle,19,19,0,0,0,0,ESTABLISHED,ESTABLISHED,0,0,1,0,1,0
2024,30616,2024-06-22,team_0007,team_0002,1,-125.57828159915744,0.45604808894875359,0.25541234019487502,0.28853957085637144,0,0.45604808894875359,0.25541234019487502,1.3648760194214302,0.84564572651786185,125.57828159915744,19,磐田,Ｃ大阪,middle,19,19,0,0,0,0,RETURNING,ESTABLISHED,1,1,0,0,1,0
2024,30617,2024-06-22,team_0005,team_0011,2,-117.67678632450361,0.44921622971915959,0.25584284463094009,0.29494092564990015,0,0.44921622971915959,0.29494092564990015,1.2209801947296697,0.76435908051536772,117.67678632450361,19,Ｇ大阪,神戸,middle,19,19,0,0,0,0,ESTABLISHED,ESTABLISHED,0,0,1,0,1,0
2024,30618,2024-06-22,team_0029,team_0013,2,-2.5990936516618603,0.35048592948197343,0.25486533307589854,0.39464873744212803,2,0.39464873744212803,0.39464873744212803,0.92975918201660579,0.55424687584914123,2.5990936516618603,19,鳥栖,京都,middle,18,19,0,0,0,0,ESTABLISHED,ESTABLISHED,0,0,1,1,0,1
2024,30619,2024-06-23,team_0023,team_0033,0,-216.76847389083832,0.53359112504895689,0.24623289185962871,0.22017598309141423,0,0.53359112504895689,0.53359112504895689,0.6281254167361372,0.32664533919692407,216.76847389083832,19,札幌,横浜FM,middle,19,18,0,0,0,0,ESTABLISHED,ESTABLISHED,0,0,1,0,1,0
2024,30620,2024-06-26,team_0008,team_0005,1,75.073707456277361,0.28751364241315158,0.24656244970472391,0.46592390788212462,2,0.46592390788212462,0.24656244970472391,1.4001399719278751,0.86741732470477495,75.073707456277361,20,鹿島,Ｇ大阪,middle,20,20,0,0,0,0,ESTABLISHED,ESTABLISHED,0,0,1,1,0,0
2024,30621,2024-06-26,team_0003,team_0023,2,158.49468092771349,0.22626021398995824,0.23163587551310769,0.54210391049693418,2,0.54210391049693418,0.54210391049693418,0.61229757913379357,0.31451769204170527,158.49468092771349,20,FC東京,札幌,middle,20,20,0,0,0,0,ESTABLISHED,ESTABLISHED,0,0,1,1,0,0
2024,30622,2024-06-26,team_0010,team_0026,1,131.00573938729053,0.24558008923033511,0.23715977604742219,0.51726013472224264,2,0.51726013472224264,0.23715977604742219,1.4390212044534927,0.90979283447927095,131.00573938729053,20,川崎Ｆ,湘南,middle,20,20,0,0,0,0,ESTABLISHED,ESTABLISHED,0,0,1,1,0,0
2024,30623,2024-06-26,team_0007,team_0028,2,-105.19932644268852,0.43841658339815892,0.25639601648865784,0.30518740011318313,0,0.43841658339815892,0.30518740011318313,1.186829264456865,0.74071256683124487,105.19932644268852,20,磐田,東京Ｖ,middle,20,20,0,0,0,0,RETURNING,FIRST_TIME_IN_SCOPE,1,1,0,0,1,0
2024,30624,2024-06-26,team_0018,team_0030,0,-20.9728246829211,0.36597319682223328,0.25594436480553823,0.37808243837222849,2,0.37808243837222849,0.36597319682223328,1.0051951809885564,0.61044383522901891,20.9728246829211,20,名古屋,浦和,middle,20,20,0,0,0,0,ESTABLISHED,ESTABLISHED,0,0,1,1,0,1
2024,30625,2024-06-26,team_0013,team_0009,1,-55.04511346000163,0.39507901609512719,0.25701559381768657,0.34790539008718618,0,0.39507901609512719,0.25701559381768657,1.3586185195942406,0.8291514172404959,55.04511346000163,20,京都,柏,middle,20,20,0,0,0,0,ESTABLISHED,ESTABLISHED,0,0,1,0,1,1
2024,30626,2024-06-26,team_0002,team_0029,2,138.08320166851718,0.24051990111718152,0.23579011228023072,0.52368998660258781,2,0.52368998660258781,0.52368998660258781,0.64685539836338191,0.34031802874518557,138.08320166851718,20,Ｃ大阪,鳥栖,middle,20,19,0,0,0,0,ESTABLISHED,ESTABLISHED,0,0,1,1,0,0
2024,30627,2024-06-26,team_0011,team_0014,1,72.707216906408576,0.28935846444235214,0.24690071100068031,0.46374082455696763,2,0.46374082455696763,0.24690071100068031,1.3987690029240103,0.86594241239649294,72.707216906408576,20,神戸,町田,middle,20,20,0,0,0,0,ESTABLISHED,FIRST_TIME_IN_SCOPE,1,0,0,1,0,0
2024,30628,2024-06-26,team_0006,team_0019,1,157.8643200973795,0.22669302250211515,0.23176853554100707,0.54153844195687773,2,0.54153844195687773,0.23176853554100707,1.4620160969749934,0.93483319355303607,157.8643200973795,20,広島,新潟,middle,20,20,0,0,0,0,ESTABLISHED,ESTABLISHED,0,0,1,1,0,0
2024,30629,2024-06-26,team_0004,team_0033,2,-50.302273897472332,0.39100381123211858,0.2569391319872531,0.35205705678062837,0,0.39100381123211858,0.35205705678062837,1.0439620233929263,0.6387317556121872,50.302273897472332,20,福岡,横浜FM,middle,20,19,0,0,0,0,ESTABLISHED,ESTABLISHED,0,0,1,0,1,1
2024,30630,2024-06-29,team_0023,team_0019,0,-107.47458287568747,0.44038652486320518,0.25630679858457522,0.3033066765522196,0,0.44038652486320518,0.44038652486320518,0.82010247209671783,0.47085535659650685,107.47458287568747,21,札幌,新潟,middle,21,21,0,0,0,0,ESTABLISHED,ESTABLISHED,0,0,1,0,1,0
2024,30631,2024-06-29,team_0010,team_0006,1,-78.001725650241269,0.41487715641266115,0.2570543191035497,0.3280685244837892,0,0.41487715641266115,0.2570543191035497,1.3584678580403819,0.83172029643271639,78.001725650241269,21,川崎Ｆ,広島,middle,21,21,0,0,0,0,ESTABLISHED,ESTABLISHED,0,0,1,0,1,0
2024,30632,2024-06-29,team_0033,team_0028,0,92.842218925589123,0.27383623536857515,0.24386257791905985,0.48230118671236505,2,0.48230118671236505,0.27383623536857515,1.2952250324132246,0.81939720467716848,92.842218925589123,21,横浜FM,東京Ｖ,middle,20,21,0,0,0,0,ESTABLISHED,FIRST_TIME_IN_SCOPE,1,0,0,1,0,0
2024,30633,2024-06-30,team_0005,team_0014,0,-19.811254389251644,0.36498911440523868,0.25588650423030257,0.3791243813644587,2,0.3791243813644587,0.36498911440523868,1.0078877493916676,0.6124520244160313,19.811254389251644,21,Ｇ大阪,町田,middle,21,21,0,0,0,0,ESTABLISHED,FIRST_TIME_IN_SCOPE,1,0,0,1,0,1
2024,30634,2024-06-30,team_0002,team_0018,2,49.061064919060755,0.30807209458216767,0.24999567961831895,0.4419322257995133,2,0.4419322257995133,0.4419322257995133,0.81659874395671594,0.46884589588915465,49.061064919060755,21,Ｃ大阪,名古屋,middle,21,21,0,0,0,0,ESTABLISHED,ESTABLISHED,0,0,1,1,0,0
2024,30635,2024-06-30,team_0030,team_0007,2,136.44177976918968,0.24168825205969682,0.23611111225853587,0.52220063568176733,2,0.52220063568176733,0.52220063568176733,0.64970340540309013,0.34245390105854168,136.44177976918968,21,浦和,磐田,middle,21,21,0,0,0,0,ESTABLISHED,RETURNING,1,1,0,1,0,0
2024,30636,2024-06-30,team_0003,team_0004,0,-40.381740654366922,0.38250180587938248,0.2567031919334411,0.36079500218717642,0,0.38250180587938248,0.38250180587938248,0.96102190447340408,0.57737358209428546,40.381740654366922,21,FC東京,福岡,middle,21,21,0,0,0,0,ESTABLISHED,ESTABLISHED,0,0,1,0,1,1
2024,30637,2024-06-30,team_0026,team_0013,0,30.944070009409415,0.32272853835973364,0.25200571123869686,0.42526575040156939,2,0.42526575040156939,0.32272853835973364,1.1309437476406881,0.70305446971387431,30.944070009409415,21,湘南,京都,middle,21,21,0,0,0,0,ESTABLISHED,ESTABLISHED,0,0,1,1,0,0
2024,30638,2024-06-30,team_0011,team_0008,2,17.571904304629925,0.33370481400696383,0.25328177487989662,0.41301341111313966,2,0.41301341111313966,0.41301341111313966,0.88427521411941257,0.520063815910765,17.571904304629925,21,神戸,鹿島,middle,21,21,0,0,0,0,ESTABLISHED,ESTABLISHED,0,0,1,1,0,0
2024,30639,2024-06-30,team_0029,team_0009,0,-50.647904413492597,0.39130057326962053,0.25694549794655419,0.35175392878382528,0,0.39130057326962053,0.39130057326962053,0.93827928472820166,0.56026680743175172,50.647904413492597,21,鳥栖,柏,middle,20,21,0,0,0,0,ESTABLISHED,ESTABLISHED,0,0,1,0,1,1
2024,30583,2024-07-03,team_0033,team_0029,0,193.96729587199638,0.20270866484335701,0.22375980640619342,0.57353152875044955,2,0.57353152875044955,0.20270866484335701,1.5959854793072923,1.0146803385496272,193.96729587199638,16,横浜FM,鳥栖,middle,21,21,0,0,0,0,ESTABLISHED,ESTABLISHED,0,0,1,1,0,0
2024,30640,2024-07-05,team_0006,team_0011,0,-34.162812933288478,0.37718936143579213,0.25650284386588751,0.36630779469832042,0,0.37718936143579213,0.37718936143579213,0.97500793266142405,0.58786820087679104,34.162812933288478,22,広島,神戸,middle,22,22,0,0,0,0,ESTABLISHED,ESTABLISHED,0,0,1,0,1,1
2024,30641,2024-07-06,team_0008,team_0023,2,266.70021097530935,0.15956759754257041,0.20555465092406966,0.63487775153335979,2,0.63487775153335979,0.63487775153335979,0.45432281589357337,0.2010287890273588,266.70021097530935,22,鹿島,札幌,middle,22,22,0,0,0,0,ESTABLISHED,ESTABLISHED,0,0,1,1,0,0
2024,30642,2024-07-06,team_0028,team_0002,1,-22.656209192134384,0.36740046539896354,0.25602572875720858,0.37657380584382782,2,0.37657380584382782,0.25602572875720858,1.3624773365948124,0.83028864949432257,22.656209192134384,22,東京Ｖ,Ｃ大阪,middle,22,22,0,0,0,0,FIRST_TIME_IN_SCOPE,ESTABLISHED,1,0,0,1,0,1
2024,30643,2024-07-06,team_0014,team_0018,2,111.10205821120439,0.26011789157561999,0.24080379550245168,0.49907831292192828,2,0.49907831292192828,0.49907831292192828,0.69499225582106527,0.37657032203127416,111.10205821120439,22,町田,名古屋,middle,22,22,0,0,0,0,FIRST_TIME_IN_SCOPE,ESTABLISHED,1,0,0,1,0,0
2024,30644,2024-07-06,team_0030,team_0026,0,171.65954517310547,0.21733381730470552,0.22880489526492914,0.55386128743036533,2,0.55386128743036533,0.21733381730470552,1.5263207788639312,0.97168035934604102,171.65954517310547,22,浦和,湘南,middle,22,22,0,0,0,0,ESTABLISHED,ESTABLISHED,0,0,1,1,0,0
2024,30645,2024-07-06,team_0019,team_0029,0,80.057004046819202,0.28364637114664054,0.24583358112768047,0.47052004772567896,2,0.47052004772567896,0.28364637114664054,1.2600269887106093,0.79498578649321161,80.057004046819202,22,新潟,鳥栖,middle,22,22,0,0,0,0,ESTABLISHED,ESTABLISHED,0,0,1,1,0,0
2024,30646,2024-07-06,team_0009,team_0003,2,-36.180868297649795,0.37891168869013181,0.25657228495458667,0.36451602635528152,0,0.37891168869013181,0.36451602635528152,1.0091847604470923,0.6132432859921062,36.180868297649795,22,柏,FC東京,middle,22,22,0,0,0,0,ESTABLISHED,ESTABLISHED,0,0,1,0,1,1
2024,30647,2024-07-06,team_0007,team_0010,1,-102.04368399473492,0.43568418135877224,0.25651109964077173,0.30780471900045597,0,0.43568418135877224,0.25651109964077173,1.3605833418542805,0.83734019588258757,102.04368399473492,22,磐田,川崎Ｆ,middle,22,22,0,0,0,0,RETURNING,ESTABLISHED,1,1,0,0,1,0
2024,30648,2024-07-06,team_0005,team_0033,2,-7.2641442624335468,0.35440139403663812,0.25517233295765374,0.3904262730057082,2,0.3904262730057082,0.3904262730057082,0.94051612904952142,0.56229339624387553,7.2641442624335468,22,Ｇ大阪,横浜FM,middle,22,22,0,0,0,0,ESTABLISHED,ESTABLISHED,0,0,1,1,0,1
2024,30649,2024-07-07,team_0004,team_0013,0,179.82026296609001,0.21190977350547083,0.22699413778897912,0.56109608870555006,2,0.56109608870555006,0.21190977350547083,1.5515946915744003,0.98744136444742692,179.82026296609001,22,福岡,京都,middle,22,22,0,0,0,0,ESTABLISHED,ESTABLISHED,0,0,1,1,0,0
2024,30650,2024-07-13,team_0023,team_0011,1,-322.1163909366594,0.61698034720056871,0.22764549517155525,0.15537415762787612,0,0.61698034720056871,0.22764549517155525,1.4799657057935578,1.0013373588190986,322.1163909366594,23,札幌,神戸,middle,23,23,0,0,0,0,ESTABLISHED,ESTABLISHED,0,0,1,0,1,0
2024,30651,2024-07-13,team_0003,team_0019,2,35.353894253179533,0.31913740378996608,0.25154597442553733,0.42931662178449659,2,0.42931662178449659,0.42931662178449659,0.84556058615851493,0.49080357791895224,35.353894253179533,23,FC東京,新潟,middle,23,23,0,0,0,0,ESTABLISHED,ESTABLISHED,0,0,1,1,0,0
2024,30652,2024-07-14,team_0028,team_0014,0,-82.775463780217024,0.4190051189076528,0.25699369326939658,0.32400118782295051,0,0.4190051189076528,0.4190051189076528,0.86987214217125397,0.50857757994643815,82.775463780217024,23,東京Ｖ,町田,middle,23,23,0,0,0,0,FIRST_TIME_IN_SCOPE,FIRST_TIME_IN_SCOPE,1,0,0,0,1,0
2024,30653,2024-07-14,team_0018,team_0009,2,6.0894264233706963,0.34322673592217473,0.25423402209929447,0.4025392419785308,2,0.4025392419785308,0.4025392419785308,0.90996269127707174,0.53939888762016341,6.0894264233706963,23,名古屋,柏,middle,23,23,0,0,0,0,ESTABLISHED,ESTABLISHED,0,0,1,1,0,0
2024,30654,2024-07-14,team_0006,team_0004,2,25.819220078232547,0.32692010936024535,0.25251583294614777,0.420564057693607,2,0.420564057693607,0.420564057693607,0.86615847420664882,0.50638701502909922,25.819220078232547,23,広島,福岡,middle,23,23,0,0,0,0,ESTABLISHED,ESTABLISHED,0,0,1,1,0,0
2024,30655,2024-07-14,team_0010,team_0002,1,-33.834379416990714,0.37690920473968892,0.25649114014002727,0.36659965512028375,0,0.37690920473968892,0.25649114014002727,1.3606611563322957,0.82926128044209235,33.834379416990714,23,川崎Ｆ,Ｃ大阪,middle,23,23,0,0,0,0,ESTABLISHED,ESTABLISHED,0,0,1,0,1,1
2024,30656,2024-07-14,team_0026,team_0007,2,2.8601010830370797,0.34591959789548438,0.25447768561568207,0.39960271648883361,2,0.39960271648883361,0.39960271648883361,0.91728443421074091,0.54489615873207542,2.8601010830370797,23,湘南,磐田,middle,23,23,0,0,0,0,ESTABLISHED,RETURNING,1,1,0,1,0,0
2024,30657,2024-07-14,team_0013,team_0030,1,-103.68192342092811,0.43710271906830511,0.25645261211056403,0.30644466882113092,0,0.43710271906830511,0.25645261211056403,1.3608113795463095,0.83782984010300166,103.68192342092811,23,京都,浦和,middle,23,23,0,0,0,0,ESTABLISHED,ESTABLISHED,0,0,1,0,1,0
2024,30658,2024-07-14,team_0029,team_0005,0,-116.99994566939154,0.44863069200614364,0.25587684496347757,0.29549246303037874,0,0.44863069200614364,0.44863069200614364,0.80155524192443028,0.45679686929384733,116.99994566939154,23,鳥栖,Ｇ大阪,middle,23,23,0,0,0,0,ESTABLISHED,ESTABLISHED,0,0,1,0,1,0
2024,30659,2024-07-14,team_0033,team_0008,2,-73.610235452737243,0.41108235362683826,0.25708927603819587,0.33182837033496582,0,0.41108235362683826,0.33182837033496582,1.103137400556288,0.68153692400645216,73.610235452737243,23,横浜FM,鹿島,middle,23,23,0,0,0,0,ESTABLISHED,ESTABLISHED,0,0,1,0,1,0
2024,30660,2024-07-20,team_0008,team_0003,2,97.055659181000692,0.27063955773250209,0.24318180079591237,0.4861786414715854,2,0.4861786414715854,0.4861786414715854,0.72117914757638557,0.39639554692797274,97.055659181000692,24,鹿島,FC東京,middle,24,24,0,0,0,0,ESTABLISHED,ESTABLISHED,0,0,1,1,0,0
2024,30661,2024-07-20,team_0014,team_0033,0,76.388370637791695,0.28649108404638396,0.24637233890860669,0.46713657704500933,2,0.46713657704500933,0.28649108404638396,1.2500478635685375,0.78801088413792963,76.388370637791695,24,町田,横浜FM,middle,24,24,0,0,0,0,FIRST_TIME_IN_SCOPE,ESTABLISHED,1,0,0,1,0,0
2024,30662,2024-07-20,team_0030,team_0023,0,194.6107215198881,0.20229633121046595,0.22360995042079057,0.57409371836874346,2,0.57409371836874346,0.20229633121046595,1.598021670363563,1.0159161505979211,194.6107215198881,24,浦和,札幌,middle,24,24,0,0,0,0,ESTABLISHED,ESTABLISHED,0,0,1,1,0,0
2024,30663,2024-07-20,team_0009,team_0010,0,-47.341213914693071,0.38846287314884348,0.25687947806976269,0.35465764878139383,0,0.38846287314884348,0.38846287314884348,0.94555767835146476,0.56574677160990761,47.341213914693071,24,柏,川崎Ｆ,middle,24,24,0,0,0,0,ESTABLISHED,ESTABLISHED,0,0,1,0,1,1
2024,30664,2024-07-20,team_0007,team_0013,0,-22.909941762294466,0.36761570619224299,0.25603773694617277,0.37634655686158414,2,0.37634655686158414,0.36761570619224299,1.0007171631014791,0.60710194865682277,22.909941762294466,24,磐田,京都,middle,24,24,0,0,0,0,RETURNING,ESTABLISHED,1,1,0,1,0,1
2024,30665,2024-07-20,team_0005,team_0026,0,137.5682277945823,0.24088611419374589,0.23589103721749771,0.52322284858875645,2,0.52322284858875645,0.24088611419374589,1.423431012393557,0.90566062234875022,137.5682277945823,24,Ｇ大阪,湘南,middle,24,24,0,0,0,0,ESTABLISHED,ESTABLISHED,0,0,1,1,0,0
2024,30666,2024-07-20,team_0002,team_0019,0,109.58746447988938,0.26124222477065473,0.24106810191331005,0.49768967331603531,2,0.49768967331603531,0.26124222477065473,1.3423072377894296,0.85157189114731979,109.58746447988938,24,Ｃ大阪,新潟,middle,24,24,0,0,0,0,ESTABLISHED,ESTABLISHED,0,0,1,1,0,0
2024,30667,2024-07-20,team_0011,team_0018,1,163.3862866011691,0.22291828871378377,0.23059732814091372,0.54648438314530257,2,0.54648438314530257,0.23059732814091372,1.467082257767149,0.94031821592868448,163.3862866011691,24,神戸,名古屋,middle,24,24,0,0,0,0,ESTABLISHED,ESTABLISHED,0,0,1,1,0,0
2024,30668,2024-07-20,team_0004,team_0028,0,49.377042004570058,0.30781881735303673,0.24995780081627125,0.44222338183069199,2,0.44222338183069199,0.30781881735303673,1.1782439244459069,0.73715521123722949,49.377042004570058,24,福岡,東京Ｖ,middle,24,24,0,0,0,0,ESTABLISHED,FIRST_TIME_IN_SCOPE,1,0,0,1,0,0
2024,30669,2024-07-21,team_0029,team_0006,0,-181.3334185252404,0.50385147088036664,0.25067873635626037,0.24546979276337308,0,0.50385147088036664,0.50385147088036664,0.68547375497772678,0.36925861096804052,181.3334185252404,24,鳥栖,広島,middle,24,24,0,0,0,0,ESTABLISHED,ESTABLISHED,0,0,1,0,1,0
2024,30670,2024-08-07,team_0008,team_0029,2,207.97652472122195,0.19385315376873266,0.22044571703082175,0.58570112920044559,2,0.58570112920044559,0.58570112920044559,0.53494563793803596,0.25781891372910293,207.97652472122195,25,鹿島,鳥栖,middle,25,25,0,0,0,0,ESTABLISHED,ESTABLISHED,0,0,1,1,0,0
2024,30671,2024-08-07,team_0028,team_0006,0,-80.753829146390444,0.41725664074390789,0.25702224061126761,0.32572111864482456,0,0.41725664074390789,0.41725664074390789,0.8740538010631691,0.51174450205714705,80.753829146390444,25,東京Ｖ,広島,middle,25,25,0,0,0,0,FIRST_TIME_IN_SCOPE,ESTABLISHED,1,0,0,0,1,0
2024,30672,2024-08-07,team_0010,team_0011,2,-106.24263396649917,0.43931991137509047,0.25635575425585666,0.30432433436905293,0,0.43931991137509047,0.30432433436905293,1.1896612569260236,0.74268488902176777,106.24263396649917,25,川崎Ｆ,神戸,middle,25,25,0,0,0,0,ESTABLISHED,ESTABLISHED,0,0,1,0,1,0
2024,30673,2024-08-07,team_0026,team_0004,1,-77.482269171878897,0.4144281389915051,0.25705949535689598,0.32851236565159886,0,0.4144281389915051,0.25705949535689598,1.3584477214356034,0.83163165021332208,77.482269171878897,25,湘南,福岡,middle,25,25,0,0,0,0,ESTABLISHED,ESTABLISHED,0,0,1,0,1,0
2024,30674,2024-08-07,team_0019,team_0007,1,92.502968487718135,0.27409441553930608,0.24391672607500817,0.48198885838568584,2,0.48198885838568584,0.24391672607500817,1.4109283985182888,0.87910292534690471,92.502968487718135,25,新潟,磐田,middle,25,25,0,0,0,0,ESTABLISHED,RETURNING,1,1,0,1,0,0
2024,30675,2024-08-07,team_0013,team_0018,2,-51.959617233546851,0.39242713813618302,0.25696852187409508,0.35060433998972185,0,0.39242713813618302,0.35060433998972185,1.0480969278216994,0.64174660322009691,51.959617233546851,25,京都,名古屋,middle,25,25,0,0,0,0,ESTABLISHED,ESTABLISHED,0,0,1,0,1,1
2024,30676,2024-08-07,team_0005,team_0003,1,40.392498634325648,0.31505249733643909,0.25099732346123238,0.43395017920232859,2,0.43395017920232859,0.25099732346123238,1.3823130034082749,0.84857584356989779,40.392498634325648,25,Ｇ大阪,FC東京,middle,25,25,0,0,0,0,ESTABLISHED,ESTABLISHED,0,0,1,1,0,0
2024,30677,2024-08-07,team_0002,team_0014,1,-61.690612392680805,0.4007989483435262,0.25708322408235829,0.34211782757411546,0,0.4007989483435262,0.25708322408235829,1.3583554173940136,0.82960974087717221,61.690612392680805,25,Ｃ大阪,町田,middle,25,25,0,0,0,0,ESTABLISHED,FIRST_TIME_IN_SCOPE,1,0,0,0,1,0
2024,30679,2024-08-07,team_0033,team_0023,2,199.69061321863774,0.19905984520209935,0.22241872919930361,0.57852142559859709,2,0.57852142559859709,0.57852142559859709,0.54727969656302533,0.26673910174995585,199.69061321863774,25,横浜FM,札幌,middle,25,25,0,0,0,0,ESTABLISHED,ESTABLISHED,0,0,1,1,0,0
2024,30680,2024-08-10,team_0023,team_0004,1,-164.2936088510105,0.48934420543690976,0.25243129024980837,0.25822450431328192,0,0.48934420543690976,0.25243129024980837,1.3766161851200363,0.86499662182008696,164.2936088510105,26,札幌,福岡,middle,26,26,0,0,0,0,ESTABLISHED,ESTABLISHED,0,0,1,0,1,0
2024,30681,2024-08-11,team_0014,team_0026,0,156.73672186132285,0.22746845485831127,0.23200516461329751,0.54052638052839119,2,0.54052638052839119,0.22746845485831127,1.4807437101687804,0.94280015269337158,156.73672186132285,26,町田,湘南,middle,26,26,0,0,0,0,FIRST_TIME_IN_SCOPE,ESTABLISHED,1,0,0,1,0,0
2024,30682,2024-08-11,team_0006,team_0002,2,93.404374716634038,0.27340867711257477,0.24377263248360112,0.48281869040382414,2,0.48281869040382414,0.48281869040382414,0.72811407798979377,0.4016539080640486,93.404374716634038,26,広島,Ｃ大阪,middle,26,26,0,0,0,0,ESTABLISHED,ESTABLISHED,0,0,1,1,0,0
2024,30683,2024-08-11,team_0009,team_0005,1,-79.493543366389986,0.41616687512848177,0.25703790200249671,0.32679522286902146,0,0.41616687512848177,0.25703790200249671,1.3585317263518817,0.83198266470507054,79.493543366389986,26,柏,Ｇ大阪,middle,25,26,0,0,0,0,ESTABLISHED,ESTABLISHED,0,0,1,0,1,0
2024,30684,2024-08-11,team_0003,team_0010,0,-44.329337087051726,0.38588112031842975,0.25680939952331472,0.35730948015825559,0,0.38588112031842975,0.38588112031842975,0.95222593540207234,0.57076313067583517,44.329337087051726,26,FC東京,川崎Ｆ,middle,26,26,0,0,0,0,ESTABLISHED,ESTABLISHED,0,0,1,0,1,1
2024,30685,2024-08-11,team_0007,team_0008,2,-212.02640525164247,0.52965016520794206,0.24688779494642804,0.2234620398456299,0,0.52965016520794206,0.2234620398456299,1.4985137234447958,0.94449408435901983,212.02640525164247,26,磐田,鹿島,middle,26,26,0,0,0,0,RETURNING,ESTABLISHED,1,1,0,0,1,0
2024,30686,2024-08-11,team_0018,team_0028,2,-14.510369755928423,0.36050637388775725,0.25560467124196162,0.38388895487028118,2,0.38388895487028118,0.38388895487028118,0.95740194824032576,0.5748914135052452,14.510369755928423,26,名古屋,東京Ｖ,middle,26,26,0,0,0,0,ESTABLISHED,FIRST_TIME_IN_SCOPE,1,0,0,1,0,1
2024,30687,2024-08-11,team_0029,team_0030,1,-119.24180612831151,0.45056996124422116,0.25576248415431108,0.29366755460146771,0,0.45056996124422116,0.25576248415431108,1.3635060614441612,0.84314340259338694,119.24180612831151,26,鳥栖,浦和,middle,26,25,0,0,0,0,ESTABLISHED,ESTABLISHED,0,0,1,0,1,0
2024,30688,2024-08-11,team_0033,team_0011,0,-57.187437960210673,0.3969217664232218,0.25704242932184718,0.34603580425493102,0,0.3969217664232218,0.3969217664232218,0.92401607962043764,0.54951494411212065,57.187437960210673,26,横浜FM,神戸,middle,26,26,0,0,0,0,ESTABLISHED,ESTABLISHED,0,0,1,0,1,0
2024,30689,2024-08-12,team_0019,team_0013,2,7.6369205223777499,0.34193857094979957,0.25411348858298272,0.40394794046721771,2,0.40394794046721771,0.40394794046721771,0.90646926955383877,0.53677370905627619,7.6369205223777499,26,新潟,京都,middle,26,26,0,0,0,0,ESTABLISHED,ESTABLISHED,0,0,1,1,0,0
2024,30690,2024-08-16,team_0023,team_0029,2,-22.941144914141887,0.36764217776764085,0.25603920904664912,0.37631861318571014,2,0.37631861318571014,0.37631861318571014,0.97731911891825729,0.58969531970156308,22.941144914141887,27,札幌,鳥栖,middle,27,27,0,0,0,0,ESTABLISHED,ESTABLISHED,0,0,1,1,0,1
2024,30691,2024-08-17,team_0008,team_0030,1,75.715709153783791,0.28701408073257129,0.24646980657133605,0.46651611269609267,2,0.46651611269609267,0.24646980657133605,1.4005157815561455,0.86782211835247614,75.715709153783791,27,鹿島,浦和,middle,27,26,0,0,0,0,ESTABLISHED,ESTABLISHED,0,0,1,1,0,0
2024,30692,2024-08-17,team_0014,team_0007,2,165.84386906891018,0.22125048084565827,0.23006954153225415,0.54867997762208764,2,0.54867997762208764,0.54867997762208764,0.600239926156929,0.30557353181449587,165.84386906891018,27,町田,磐田,middle,27,27,0,0,0,0,FIRST_TIME_IN_SCOPE,RETURNING,1,1,0,1,0,0
2024,30693,2024-08-17,team_0003,team_0028,1,-14.104641646979417,0.36016383343830966,0.25558189934793263,0.38425426721375777,2,0.38425426721375777,0.25558189934793263,1.3642123753089939,0.83152763736739188,14.104641646979417,27,FC東京,東京Ｖ,middle,27,27,0,0,0,0,ESTABLISHED,FIRST_TIME_IN_SCOPE,1,0,0,1,0,1
2024,30694,2024-08-17,team_0010,team_0033,0,15.373863451379293,0.33552091530215938,0.25347438482222057,0.41100469987562011,2,0.41100469987562011,0.33552091530215938,1.0920709838215206,0.67470658108173176,15.373863451379293,27,川崎Ｆ,横浜FM,middle,27,27,0,0,0,0,ESTABLISHED,ESTABLISHED,0,0,1,1,0,0
2024,30695,2024-08-17,team_0026,team_0009,0,27.724302008113,0.32535971980816775,0.25232924728670547,0.42231103290512673,2,0.42231103290512673,0.32535971980816775,1.1228238785583367,0.69715616520698431,27.724302008113,27,湘南,柏,middle,27,26,0,0,0,0,ESTABLISHED,ESTABLISHED,0,0,1,1,0,0
2024,30696,2024-08-17,team_0018,team_0006,0,-129.95699035201778,0.45983041638745553,0.25514729815032056,0.28502228546222402,0,0.45983041638745553,0.45983041638745553,0.776897517498081,0.4381210260236677,129.95699035201778,27,名古屋,広島,middle,27,27,0,0,0,0,ESTABLISHED,ESTABLISHED,0,0,1,0,1,0
2024,30697,2024-08-17,team_0002,team_0013,0,74.45962904278872,0.2879918434213336,0.24665071378145853,0.46535744279720787,2,0.46535744279720787,0.2879918434213336,1.2448231207009539,0.78434973921021034,74.45962904278872,27,Ｃ大阪,京都,middle,27,27,0,0,0,0,ESTABLISHED,ESTABLISHED,0,0,1,1,0,0
2024,30698,2024-08-17,team_0011,team_0005,1,118.4503982800145,0.25469878226403003,0.23949500681672189,0.50580621091924804,2,0.50580621091924804,0.23949500681672189,1.4292227107129152,0.89907923734796458,118.4503982800145,27,神戸,Ｇ大阪,middle,27,27,0,0,0,0,ESTABLISHED,ESTABLISHED,0,0,1,1,0,0
2024,30699,2024-08-17,team_0004,team_0019,0,57.114121964808874,0.30164341542961787,0.24900058037857484,0.44935600419180732,2,0.44935600419180732,0.30164341542961787,1.1985097028447409,0.75162402674490392,57.114121964808874,27,福岡,新潟,middle,27,27,0,0,0,0,ESTABLISHED,ESTABLISHED,0,0,1,1,0,0
2024,30701,2024-08-24,team_0033,team_0002,2,73.805390191997958,0.28850171255947449,0.24674437358157336,0.46475391385895221,2,0.46475391385895221,0.46475391385895221,0.76624723098742142,0.4306043967732226,73.805390191997958,28,横浜FM,Ｃ大阪,middle,28,28,0,0,0,0,ESTABLISHED,ESTABLISHED,0,0,1,1,0,0
2024,30702,2024-08-24,team_0026,team_0018,0,-34.131095791401776,0.37716230460959216,0.25650171853855142,0.36633597685185637,0,0.37716230460959216,0.37716230460959216,0.97507966797382395,0.58792197434846849,34.131095791401776,28,湘南,名古屋,middle,28,28,0,0,0,0,ESTABLISHED,ESTABLISHED,0,0,1,0,1,1
2024,30703,2024-08-24,team_0013,team_0003,2,-1.0862877326874241,0.34921881934486904,0.25476097244605839,0.39602020820907258,2,0.39602020820907258,0.39602020820907258,0.92629003819869371,0.55164852575809764,1.0862877326874241,28,京都,FC東京,middle,28,28,0,0,0,0,ESTABLISHED,ESTABLISHED,0,0,1,1,0,1
2024,30704,2024-08-24,team_0005,team_0004,1,33.872712272030867,0.32034196096442197,0.25170252790672604,0.42795551112885194,2,0.42795551112885194,0.25170252790672604,1.379507333559056,0.84571399820127247,33.872712272030867,28,Ｇ大阪,福岡,middle,28,28,0,0,0,0,ESTABLISHED,ESTABLISHED,0,0,1,1,0,0
2024,30705,2024-08-25,team_0028,team_0008,2,-76.070880141967336,0.4132083213502975,0.25707214932781947,0.32971952932188314,0,0.4132083213502975,0.32971952932188314,1.1095128970466723,0.68610311616563346,76.070880141967336,28,東京Ｖ,鹿島,middle,28,28,0,0,0,0,FIRST_TIME_IN_SCOPE,ESTABLISHED,1,0,0,0,1,0
2024,30706,2024-08-25,team_0006,team_0009,2,179.92420299490641,0.21184123510643796,0.22697080892303934,0.56118795597052273,2,0.56118795597052273,0.56118795597052273,0.57769939219132016,0.28894846697992782,179.92420299490641,28,広島,柏,middle,28,27,0,0,0,0,ESTABLISHED,ESTABLISHED,0,0,1,1,0,0
2024,30707,2024-08-25,team_0019,team_0014,1,-81.512801376552261,0.41791301072797615,0.25701201766586912,0.32507497160615467,0,0.41791301072797615,0.25701201766586912,1.3586324338344007,0.83235616359340658,81.512801376552261,28,新潟,町田,middle,28,28,0,0,0,0,ESTABLISHED,FIRST_TIME_IN_SCOPE,1,0,0,0,1,0
2024,30708,2024-08-25,team_0007,team_0023,0,31.309166972059984,0.32243066654161739,0.25196837694228769,0.42560095651609486,2,0.42560095651609486,0.32243066654161739,1.1318671533272813,0.70372443880958246,31.309166972059984,28,磐田,札幌,middle,28,28,0,0,0,0,RETURNING,ESTABLISHED,1,1,0,1,0,0
2024,30709,2024-08-25,team_0011,team_0029,2,259.02105902133553,0.16378848174220051,0.20757946985966058,0.62863204839813902,2,0.62863204839813902,0.62863204839813902,0.46420917214779378,0.20783005853559502,259.02105902133553,28,神戸,鳥栖,middle,28,28,0,0,0,0,ESTABLISHED,ESTABLISHED,0,0,1,1,0,0
2024,30710,2024-08-31,team_0014,team_0030,1,61.088426909150712,0.29849145475285332,0.24848686495028605,0.45302168029686068,2,0.45302168029686068,0.24848686495028605,1.3923652921853655,0.85909778353171529,61.088426909150712,29,町田,浦和,middle,29,27,0,0,0,0,FIRST_TIME_IN_SCOPE,ESTABLISHED,1,0,0,1,0,0
2024,30711,2024-08-31,team_0009,team_0028,0,-51.265578708406338,0.39183100141104638,0.25695656366335273,0.35121243492560089,0,0.39183100141104638,0.39183100141104638,0.93692465099949551,0.55924638090073864,51.265578708406338,29,柏,東京Ｖ,middle,28,29,0,0,0,0,ESTABLISHED,FIRST_TIME_IN_SCOPE,1,0,0,0,1,1
2024,30716,2024-08-31,team_0006,team_0003,2,181.52866676921599,0.21078499573667347,0.2266098604360017,0.56260514382732474,2,0.56260514382732474,0.56260514382732474,0.57517724001168102,0.28709660348084892,181.52866676921599,29,広島,FC東京,middle,29,29,0,0,0,0,ESTABLISHED,ESTABLISHED,0,0,1,1,0,0
2024,30717,2024-08-31,team_0029,team_0026,0,-49.712111001291532,0.39049717214099594,0.25692797359359004,0.35257485426541391,0,0.39049717214099594,0.39049717214099594,0.94033455136499122,0.56181470864330907,49.712111001291532,29,鳥栖,湘南,middle,29,29,0,0,0,0,ESTABLISHED,ESTABLISHED,0,0,1,0,1,1
2024,30718,2024-09-01,team_0023,team_0010,2,-147.54942549479551,0.47499006115421727,0.25389515291124937,0.27111478593453348,0,0.47499006115421727,0.27111478593453348,1.3052129834464148,0.82135196215037465,147.54942549479551,29,札幌,川崎Ｆ,middle,29,28,0,0,0,0,ESTABLISHED,ESTABLISHED,0,0,1,0,1,0
2024,30719,2024-09-01,team_0004,team_0011,0,-125.88637352472119,0.4563143128749374,0.25539430636714683,0.28829138075791583,0,0.4563143128749374,0.4563143128749374,0.78457342429343424,0.44393229832871306,125.88637352472119,29,福岡,神戸,middle,29,29,0,0,0,0,ESTABLISHED,ESTABLISHED,0,0,1,0,1,0
2024,30727,2024-09-13,team_0010,team_0029,2,173.89455419296155,0.2158399252623697,0.22831311861261702,0.55584695612501334,2,0.55584695612501334,0.55584695612501334,0.58726228139016423,0.29598567985130009,173.89455419296155,30,川崎Ｆ,鳥栖,closing,29,30,0,0,0,0,ESTABLISHED,ESTABLISHED,0,0,1,1,0,0
2024,30728,2024-09-13,team_0033,team_0013,0,97.515814146541743,0.27029155947071759,0.24310653017360259,0.48660191035567985,2,0.48660191035567985,0.27029155947071759,1.3082540527107205,0.82835661235452307,97.515814146541743,30,横浜FM,京都,closing,29,29,0,0,0,0,ESTABLISHED,ESTABLISHED,0,0,1,1,0,0
2024,30729,2024-09-13,team_0011,team_0002,2,163.15244109673358,0.22307737652927304,0.23064734048557228,0.54627528298515471,2,0.54627528298515471,0.54627528298515471,0.60463224900242263,0.30882783042245199,163.15244109673358,30,神戸,Ｃ大阪,closing,30,29,0,0,0,0,ESTABLISHED,ESTABLISHED,0,0,1,1,0,0
2024,30720,2024-09-14,team_0023,team_0028,0,-122.66936912198366,0.45353384188242385,0.25557800500184324,0.29088815311573307,0,0.45353384188242385,0.45353384188242385,0.79068538843514391,0.44856129623158814,122.66936912198366,30,札幌,東京Ｖ,closing,30,30,0,0,0,0,ESTABLISHED,FIRST_TIME_IN_SCOPE,1,0,0,0,1,0
2024,30721,2024-09-14,team_0008,team_0006,1,-84.568639419416058,0.42055636092548626,0.25696484515470031,0.32247879391981343,0,0.42055636092548626,0.25696484515470031,1.3588159927247461,0.83296146657884385,84.568639419416058,30,鹿島,広島,closing,29,30,0,0,0,0,ESTABLISHED,ESTABLISHED,0,0,1,0,1,0
2024,30722,2024-09-14,team_0009,team_0007,0,59.636570982317608,0.29964128440545529,0.24867625120306022,0.45168246439148457,2,0.45168246439148457,0.29964128440545529,1.2051692384163299,0.75635925706041274,59.636570982317608,30,柏,磐田,closing,29,29,0,0,0,0,ESTABLISHED,RETURNING,1,1,0,1,0,0
2024,30723,2024-09-14,team_0003,team_0018,2,-38.445028036984468,0.38084587228650679,0.25664513107432568,0.36250899663916747,0,0.38084587228650679,0.36250899663916747,1.0147059866804322,0.61730508110782911,38.445028036984468,30,FC東京,名古屋,closing,30,29,0,0,0,0,ESTABLISHED,ESTABLISHED,0,0,1,0,1,1
2024,30724,2024-09-14,team_0019,team_0026,2,46.181889815311933,0.31038376759016212,0.25033641290797204,0.43927981950186595,2,0.43927981950186595,0.43927981950186595,0.82261866690701047,0.47341352362895456,46.181889815311933,30,新潟,湘南,closing,29,30,0,0,0,0,ESTABLISHED,ESTABLISHED,0,0,1,1,0,0
2024,30725,2024-09-14,team_0005,team_0030,0,2.1730803922735049,0.34649329670872608,0.25452814907736387,0.39897855421391004,2,0.39897855421391004,0.34649329670872608,1.0598918062572722,0.65103947664199979,2.1730803922735049,30,Ｇ大阪,浦和,closing,29,28,0,0,0,0,ESTABLISHED,ESTABLISHED,0,0,1,1,0,0
2024,30726,2024-09-14,team_0004,team_0014,0,-76.021545213174932,0.41316568780614488,0.25707255434036391,0.32976175785349116,0,0.41316568780614488,0.41316568780614488,0.88390658534405686,0.51920362510573892,76.021545213174932,30,福岡,町田,closing,30,30,0,0,0,0,ESTABLISHED,FIRST_TIME_IN_SCOPE,1,0,0,0,1,0
2024,30713,2024-09-18,team_0018,team_0019,2,-6.6504100349077362,0.35388559212526305,0.25513322428915763,0.39098118358557937,2,0.39098118358557937,0.39098118358557937,0.93909584397680723,0.56123189319685141,6.6504100349077362,29,名古屋,新潟,middle,30,30,0,0,0,0,ESTABLISHED,ESTABLISHED,0,0,1,1,0,1
2024,30730,2024-09-21,team_0030,team_0003,0,78.977514191836917,0.28448207249653112,0.24599336606205549,0.46952456144141341,2,0.46952456144141341,0.28448207249653112,1.2570850414731682,0.79293195452215137,78.977514191836917,31,浦和,FC東京,closing,29,31,0,0,0,0,ESTABLISHED,ESTABLISHED,0,0,1,1,0,0
2024,30731,2024-09-21,team_0008,team_0009,1,145.79098067066866,0.23507622797475075,0.23425628162358969,0.5306674904016595,2,0.5306674904016595,0.23425628162358969,1.4513395423273514,0.92323226056096352,145.79098067066866,31,鹿島,柏,closing,30,30,0,0,0,0,ESTABLISHED,ESTABLISHED,0,0,1,1,0,0
2024,30733,2024-09-21,team_0014,team_0023,1,199.21805035533316,0.19935950377665021,0.22253014403470156,0.57811035218864815,2,0.57811035218864815,0.22253014403470156,1.5026927077446195,0.97841516798845696,199.21805035533316,31,町田,札幌,closing,31,31,0,0,0,0,FIRST_TIME_IN_SCOPE,ESTABLISHED,1,0,0,1,0,0
2024,30736,2024-09-21,team_0007,team_0004,1,-72.291354716815022,0.40994324125590131,0.25709587160374536,0.33296088714035338,0,0.40994324125590131,0.25709587160374536,1.358306222389799,0.83082295740488399,72.291354716815022,31,磐田,福岡,closing,30,31,0,0,0,0,RETURNING,ESTABLISHED,1,1,0,0,1,0
2024,30732,2024-09-22,team_0028,team_0029,2,197.44122656044192,0.20048882004517735,0.22294796551773619,0.57656321443708647,2,0.57656321443708647,0.57656321443708647,0.55067029318188399,0.26920027365945803,197.44122656044192,31,東京Ｖ,鳥栖,closing,31,31,0,0,0,0,FIRST_TIME_IN_SCOPE,ESTABLISHED,1,0,0,1,0,0
2024,30734,2024-09-22,team_0026,team_0002,0,-50.44808768053008,0.39112900424223784,0.25694183286516609,0.35192916289259607,0,0.39112900424223784,0.39112900424223784,0.93871783928969488,0.56059713064544314,50.44808768053008,31,湘南,Ｃ大阪,closing,31,30,0,0,0,0,ESTABLISHED,ESTABLISHED,0,0,1,0,1,1
2024,30735,2024-09-22,team_0019,team_0011,0,-170.04383370646519,0.4942523475368148,0.25186901034400988,0.25387864211917532,0,0.4942523475368148,0.4942523475368148,0.70470906724756699,0.38367305126797002,170.04383370646519,31,新潟,神戸,closing,31,31,0,0,0,0,ESTABLISHED,ESTABLISHED,0,0,1,0,1,0
2024,30737,2024-09-22,team_0018,team_0010,2,-33.015232389112498,0.3762106482257867,0.25646145915757335,0.36732789261664001,0,0.3762106482257867,0.36732789261664001,1.0015003894355339,0.60758092733260005,33.015232389112498,31,名古屋,川崎Ｆ,closing,31,30,0,0,0,0,ESTABLISHED,ESTABLISHED,0,0,1,0,1,1
2024,30738,2024-09-22,team_0013,team_0005,1,-3.1644610576124705,0.35095980855912795,0.2549037314097225,0.39413646003114949,2,0.39413646003114949,0.2549037314097225,1.3668693289872338,0.83368478581690064,3.1644610576124705,31,京都,Ｇ大阪,closing,30,30,0,0,0,0,ESTABLISHED,ESTABLISHED,0,0,1,1,0,1
2024,30739,2024-09-22,team_0006,team_0033,2,101.03688516634702,0.26763604283020725,0.24252460271724788,0.48983935445254473,2,0.48983935445254473,0.48983935445254473,0.71367778968741891,0.39071111861036767,101.03688516634702,31,広島,横浜FM,closing,31,30,0,0,0,0,ESTABLISHED,ESTABLISHED,0,0,1,1,0,0
2024,30747,2024-09-27,team_0010,team_0019,2,48.892479177339965,0.30820726165160911,0.25001585023335288,0.44177688811503812,2,0.44177688811503812,0.44177688811503812,0.81695030236802835,0.46911268414522045,48.892479177339965,32,川崎Ｆ,新潟,closing,31,32,0,0,0,0,ESTABLISHED,ESTABLISHED,0,0,1,1,0,0
2024,30740,2024-09-28,team_0023,team_0013,2,-94.915165139361534,0.42951172215777622,0.25673387076063431,0.31375440708158936,0,0.42951172215777622,0.31375440708158936,1.1591447421596091,0.72132561366661774,94.915165139361534,32,札幌,京都,closing,32,31,0,0,0,0,ESTABLISHED,ESTABLISHED,0,0,1,0,1,0
2024,30741,2024-09-28,team_0026,team_0008,2,-132.8160799155587,0.46229841064372557,0.25496412912943245,0.28273746022684193,0,0.46229841064372557,0.28273746022684193,1.2632365142997235,0.79319207858828578,132.8160799155587,32,湘南,鹿島,closing,32,31,0,0,0,0,ESTABLISHED,ESTABLISHED,0,0,1,0,1,0
2024,30742,2024-09-28,team_0018,team_0007,2,108.60842519071025,0.26197032648985502,0.24123794805019783,0.49679172545994715,2,0.49679172545994715,0.49679172545994715,0.69958440417801027,0.38004276710624829,108.60842519071025,32,名古屋,磐田,closing,32,31,0,0,0,0,ESTABLISHED,RETURNING,1,1,0,1,0,0
2024,30743,2024-09-28,team_0005,team_0028,1,-36.604307924510294,0.37927327250910864,0.25658631562411272,0.3641404118667787,0,0.37927327250910864,0.25658631562411272,1.3602901578247297,0.82911036091160717,36.604307924510294,32,Ｇ大阪,東京Ｖ,closing,31,32,0,0,0,0,ESTABLISHED,FIRST_TIME_IN_SCOPE,1,0,0,0,1,1
2024,30744,2024-09-28,team_0002,team_0009,1,81.915671415421002,0.28221012034670018,0.24555602000789994,0.47223385964539999,2,0.47223385964539999,0.24555602000789994,1.4042301703734601,0.87183308916801072,81.915671415421002,32,Ｃ大阪,柏,closing,31,31,0,0,0,0,ESTABLISHED,ESTABLISHED,0,0,1,1,0,0
2024,30745,2024-09-28,team_0006,team_0014,2,80.310614519271667,0.28345019961417961,0.24579589051574874,0.47075390987007171,2,0.47075390987007171,0.47075390987007171,0.75341980586052082,0.42086105937356438,80.310614519271667,32,広島,町田,closing,32,32,0,0,0,0,ESTABLISHED,FIRST_TIME_IN_SCOPE,1,0,0,1,0,0
2024,30746,2024-09-28,team_0029,team_0004,1,-132.61752012038801,0.46212705834471146,0.25497710706160059,0.28289583459368783,0,0.46212705834471146,0.25497710706160059,1.366581514082855,0.84865058228709733,132.61752012038801,32,鳥栖,福岡,closing,32,32,0,0,0,0,ESTABLISHED,ESTABLISHED,0,0,1,0,1,0
2024,30748,2024-09-28,team_0033,team_0003,0,52.307787513225549,0.30547361955425756,0.24960191635824866,0.44492446408749381,2,0.44492446408749381,0.30547361955425756,1.185891855803568,0.74262578852831784,52.307787513225549,32,横浜FM,FC東京,closing,31,32,0,0,0,0,ESTABLISHED,ESTABLISHED,0,0,1,1,0,0
2024,30749,2024-09-28,team_0011,team_0030,2,148.69837402432063,0.23304130487041466,0.23366656551329179,0.53329212961629346,2,0.53329212961629346,0.53329212961629346,0.62868591937629725,0.32672454989257765,148.69837402432063,32,神戸,浦和,closing,32,30,0,0,0,0,ESTABLISHED,ESTABLISHED,0,0,1,1,0,0
2024,30715,2024-10-02,team_0002,team_0005,2,-10.058872162844636,0.35675272453957335,0.25534550622735053,0.38790176923307601,2,0.38790176923307601,0.38790176923307601,0.94700314349202575,0.56713807812490913,10.058872162844636,29,Ｃ大阪,Ｇ大阪,middle,32,32,0,0,0,0,ESTABLISHED,ESTABLISHED,0,0,1,1,0,1
2024,30750,2024-10-04,team_0004,team_0018,2,-30.781650098516366,0.37430723281030998,0.25637696926402787,0.3693157979256621,0,0.37430723281030998,0.3693157979256621,0.99610318001078524,0.60359761764926423,30.781650098516366,33,福岡,名古屋,closing,33,33,0,0,0,0,ESTABLISHED,ESTABLISHED,0,0,1,0,1,1
2024,30751,2024-10-05,team_0030,team_0002,0,14.03875610798741,0.33662559749713994,0.25358899810452323,0.40978540439833683,2,0.40978540439833683,0.33662559749713994,1.0887839528882957,0.67229705551359098,14.03875610798741,33,浦和,Ｃ大阪,closing,31,33,0,0,0,0,ESTABLISHED,ESTABLISHED,0,0,1,1,0,0
2024,30752,2024-10-05,team_0009,team_0033,2,-87.911758601580459,0.42344919939557352,0.25690222457434087,0.31964857603008573,0,0.42344919939557352,0.31964857603008573,1.1405330865577197,0.70818603755788723,87.911758601580459,33,柏,横浜FM,closing,32,32,0,0,0,0,ESTABLISHED,ESTABLISHED,0,0,1,0,1,0
2024,30753,2024-10-05,team_0003,team_0029,1,173.0034062746945,0.21643481755535529,0.22850957993238027,0.55505560251226449,2,0.55505560251226449,0.22850957993238027,1.4761771442208969,0.95012822038658507,173.0034062746945,33,FC東京,鳥栖,closing,33,33,0,0,0,0,ESTABLISHED,ESTABLISHED,0,0,1,1,0,0
2024,30755,2024-10-05,team_0014,team_0010,0,43.728126400182873,0.31235925060290831,0.25062049600275205,0.43702025339433959,2,0.43702025339433959,0.31235925060290831,1.1636013093360513,0.72664713512491219,43.728126400182873,33,町田,川崎Ｆ,closing,33,32,0,0,0,0,FIRST_TIME_IN_SCOPE,ESTABLISHED,1,0,0,1,0,0
2024,30756,2024-10-05,team_0019,team_0008,0,-70.113245679661759,0.40806264896929484,0.25710281119485573,0.33483453983584932,0,0.40806264896929484,0.40806264896929484,0.89633456497045372,0.5286058521366308,70.113245679661759,33,新潟,鹿島,closing,33,32,0,0,0,0,ESTABLISHED,ESTABLISHED,0,0,1,0,1,0
2024,30759,2024-10-05,team_0005,team_0023,2,86.165035270186763,0.2789392799498715,0.24490990814462221,0.47615081190550618,2,0.47615081190550618,0.47615081190550618,0.74202064319703542,0.41220595687362038,86.165035270186763,33,Ｇ大阪,札幌,closing,33,33,0,0,0,0,ESTABLISHED,ESTABLISHED,0,0,1,1,0,0
2024,30754,2024-10-06,team_0028,team_0026,0,126.1634666376433,0.24907565161750325,0.23807495285789826,0.51284939552459852,2,0.51284939552459852,0.24907565161750325,1.389998606904872,0.88358156266191401,126.1634666376433,33,東京Ｖ,湘南,closing,33,33,0,0,0,0,FIRST_TIME_IN_SCOPE,ESTABLISHED,1,0,0,1,0,0
2024,30757,2024-10-06,team_0007,team_0006,0,-269.88782135844872,0.57672642162974286,0.2377506530472617,0.18552292532299547,0,0.57672642162974286,0.57672642162974286,0.55038726420348705,0.27010465099116338,269.88782135844872,33,磐田,広島,closing,32,33,0,0,0,0,RETURNING,ESTABLISHED,1,1,0,0,1,0
2024,30758,2024-10-06,team_0013,team_0011,0,-191.93109479925806,0.5128122266119759,0.24945968670724566,0.23772808668077844,0,0.5128122266119759,0.5128122266119759,0.66784553081284603,0.35609670502776158,191.93109479925806,33,京都,神戸,closing,32,33,0,0,0,0,ESTABLISHED,ESTABLISHED,0,0,1,0,1,0
2024,30767,2024-10-18,team_0010,team_0005,1,46.257784653979115,0.31032274431212542,0.2503275335609626,0.43934972212691187,2,0.43934972212691187,0.2503275335609626,1.3849850843530505,0.85133719090719306,46.257784653979115,34,川崎Ｆ,Ｇ大阪,closing,33,34,0,0,0,0,ESTABLISHED,ESTABLISHED,0,0,1,1,0,0
2024,30768,2024-10-18,team_0033,team_0019,1,64.756478626204853,0.29559485159316046,0.24799961329105291,0.45640553511578663,2,0.45640553511578663,0.24799961329105291,1.3943280921286412,0.86118691038311612,64.756478626204853,34,横浜FM,新潟,closing,33,34,0,0,0,0,ESTABLISHED,ESTABLISHED,0,0,1,1,0,0
2024,30769,2024-10-18,team_0011,team_0003,0,185.08083381989331,0.20845827626368049,0.22580522629774349,0.56573649743857601,2,0.56573649743857601,0.20845827626368049,1.5680163716119866,0.99758408517290698,185.08083381989331,34,神戸,FC東京,closing,34,34,0,0,0,0,ESTABLISHED,ESTABLISHED,0,0,1,1,0,0
2024,30760,2024-10-19,team_0008,team_0004,1,65.539394546666699,0.29497816787814601,0.24789399198567436,0.45712784013617952,2,0.45712784013617952,0.24789399198567436,1.3947540758713304,0.861641429043561,65.539394546666699,34,鹿島,福岡,closing,33,34,0,0,0,0,ESTABLISHED,ESTABLISHED,0,0,1,1,0,0
2024,30761,2024-10-19,team_0009,team_0014,1,-102.13458609228383,0.43576289354511033,0.25650792553236412,0.30772918092252555,0,0.43576289354511033,0.25650792553236412,1.3605957160870161,0.83736701297824423,102.13458609228383,34,柏,町田,closing,33,34,0,0,0,0,ESTABLISHED,FIRST_TIME_IN_SCOPE,1,0,0,0,1,0
2024,30762,2024-10-19,team_0028,team_0030,2,32.555363738261576,0.32141468216150976,0.25183995116768976,0.42674536667080054,2,0.42674536667080054,0.42674536667080054,0.85156777461128297,0.49535163354652362,32.555363738261576,34,東京Ｖ,浦和,closing,34,32,0,0,0,0,FIRST_TIME_IN_SCOPE,ESTABLISHED,1,0,0,1,0,0
2024,30763,2024-10-19,team_0026,team_0006,2,-218.94716056242191,0.53539730446912237,0.24592603466224844,0.21867666086862911,0,0.53539730446912237,0.21867666086862911,1.5201610745587069,0.95759604842889479,218.94716056242191,34,湘南,広島,closing,34,34,0,0,0,0,ESTABLISHED,ESTABLISHED,0,0,1,0,1,0
2024,30764,2024-10-19,team_0018,team_0023,0,94.651166299478291,0.27246156579012076,0.24357217153106489,0.48396626267881432,2,0.48396626267881432,0.27246156579012076,1.3002577177983676,0.82286291940822043,94.651166299478291,34,名古屋,札幌,closing,34,34,0,0,0,0,ESTABLISHED,ESTABLISHED,0,0,1,1,0,0
2024,30765,2024-10-19,team_0013,team_0029,2,114.74554714328792,0.25742350159575844,0.24016031734302085,0.50241618106122066,2,0.50241618106122066,0.50241618106122066,0.68832645682048432,0.37153349406982189,114.74554714328792,34,京都,鳥栖,closing,33,34,0,0,0,0,ESTABLISHED,ESTABLISHED,0,0,1,1,0,0
2024,30766,2024-10-19,team_0002,team_0007,0,146.40442167545098,0.23464602630303022,0.23413235791757558,0.5312216157793942,2,0.5312216157793942,0.23464602630303022,1.4496771714556103,0.92278107114905594,146.40442167545098,34,Ｃ大阪,磐田,closing,34,33,0,0,0,0,ESTABLISHED,RETURNING,1,1,0,1,0,0
2024,30678,2024-10-23,team_0030,team_0009,2,47.829749044243272,0.30905987151135056,0.25014237378217896,0.44079775470647059,2,0.44079775470647059,0.44079775470647059,0.81916911483501087,0.47079636248132051,47.829749044243272,25,浦和,柏,middle,33,34,0,0,0,0,ESTABLISHED,ESTABLISHED,0,0,1,1,0,0
2024,30772,2024-10-23,team_0019,team_0028,0,-81.736941017835989,0.41810686216669091,0.2570088849085766,0.32488425292473233,0,0.41810686216669091,0.41810686216669091,0.87201822801407347,0.51020296857790592,81.736941017835989,35,新潟,東京Ｖ,closing,35,35,0,0,0,0,ESTABLISHED,FIRST_TIME_IN_SCOPE,1,0,0,0,1,0
2024,30773,2024-10-23,team_0005,team_0018,2,35.627292811692314,0.31891524841598129,0.25151684193608509,0.42956790964793368,2,0.42956790964793368,0.42956790964793368,0.84497543678997744,0.49036042715315664,35.627292811692314,35,Ｇ大阪,名古屋,closing,35,35,0,0,0,0,ESTABLISHED,ESTABLISHED,0,0,1,1,0,0
2024,30776,2024-10-30,team_0033,team_0030,1,5.0655880669814906,0.34407980799835347,0.25431242670404602,0.40160776529760045,2,0.40160776529760045,0.25431242670404602,1.3691917414324262,0.83572966838752505,5.0655880669814906,35,横浜FM,浦和,closing,34,34,0,0,0,0,ESTABLISHED,ESTABLISHED,0,0,1,1,0,0
2024,30777,2024-11-01,team_0010,team_0008,0,-3.7360973296051725,0.35143912488700474,0.2549422214613653,0.39361865365162996,2,0.39361865365162996,0.35143912488700474,1.0457187693956647,0.64056238951351185,3.7360973296051725,35,川崎Ｆ,鹿島,closing,34,34,0,0,0,0,ESTABLISHED,ESTABLISHED,0,0,1,1,0,1
2024,30778,2024-11-01,team_0011,team_0007,2,256.4573748901455,0.16521525790011479,0.20825096176951396,0.62653378033037121,2,0.62653378033037121,0.62653378033037121,0.46755258697689822,0.21014156175525245,256.4573748901455,35,神戸,磐田,closing,35,34,0,0,0,0,ESTABLISHED,RETURNING,1,1,0,1,0,0
2024,30770,2024-11-03,team_0023,team_0002,1,-70.062986672722673,0.40801926472957833,0.25710291316664141,0.3348778221037802,0,0.40801926472957833,0.25710291316664141,1.3582788339046254,0.83051895775292772,70.062986672722673,35,札幌,Ｃ大阪,closing,35,35,0,0,0,0,ESTABLISHED,ESTABLISHED,0,0,1,0,1,0
2024,30771,2024-11-03,team_0003,team_0026,0,60.762224570508806,0.29874963499471557,0.24852958823643803,0.45272077676884631,2,0.45272077676884631,0.29874963499471557,1.2081493975121735,0.75847513236720554,60.762224570508806,35,FC東京,湘南,closing,35,35,0,0,0,0,ESTABLISHED,ESTABLISHED,0,0,1,1,0,0
2024,30774,2024-11-03,team_0004,team_0009,2,62.491828381747837,0.29738178341122495,0.24830192386772409,0.45431629272105106,2,0.45431629272105106,0.45431629272105106,0.78896164350733133,0.44786047889095132,62.491828381747837,35,福岡,柏,closing,35,35,0,0,0,0,ESTABLISHED,ESTABLISHED,0,0,1,1,0,0
2024,30775,2024-11-03,team_0029,team_0014,2,-200.04275074393695,0.51963458683068242,0.24846181006904286,0.23190360310027472,0,0.51963458683068242,0.23190360310027472,1.4614334975396084,0.92172544982381943,200.04275074393695,35,鳥栖,町田,closing,35,35,0,0,0,0,ESTABLISHED,FIRST_TIME_IN_SCOPE,1,0,0,0,1,0
2024,30779,2024-11-03,team_0006,team_0013,0,181.68563133489329,0.21068184052546346,0.22657446504081138,0.56274369443372518,2,0.56274369443372518,0.21068184052546346,1.5574061482865234,0.99103961070971747,181.68563133489329,35,広島,京都,closing,35,34,0,0,0,0,ESTABLISHED,ESTABLISHED,0,0,1,1,0,0
2024,30780,2024-11-09,team_0008,team_0018,1,97.465140401907547,0.27032987134080583,0.24311482807353116,0.48655530058566299,2,0.48655530058566299,0.24311482807353116,1.4142214037426402,0.88268946334930187,97.465140401907547,36,鹿島,名古屋,closing,35,36,0,0,0,0,ESTABLISHED,ESTABLISHED,0,0,1,1,0,0
2024,30781,2024-11-09,team_0009,team_0019,1,-6.2652151930947184,0.35356196646468918,0.25510848041277306,0.39132955312253781,2,0.39132955312253781,0.25510848041277306,1.3660664109029055,0.83300825923043131,6.2652151930947184,36,柏,新潟,closing,36,36,0,0,0,0,ESTABLISHED,ESTABLISHED,0,0,1,1,0,1
2024,30782,2024-11-09,team_0014,team_0003,2,26.279329392997624,0.32654300899421823,0.25247110004037476,0.42098589096540689,2,0.42098589096540689,0.42098589096540689,0.86515595900763553,0.50562933153971867,26.279329392997624,36,町田,FC東京,closing,36,36,0,0,0,0,FIRST_TIME_IN_SCOPE,ESTABLISHED,1,0,0,1,0,0
2024,30783,2024-11-09,team_0026,team_0023,1,67.671903048659715,0.29330127979248888,0.24760342166299243,0.4590952985445188,2,0.4590952985445188,0.24760342166299243,1.3959269189497649,0.86289474496682939,67.671903048659715,36,湘南,札幌,closing,36,36,0,0,0,0,ESTABLISHED,ESTABLISHED,0,0,1,1,0,0
2024,30784,2024-11-09,team_0007,team_0005,0,-114.44526922774503,0.44642025902262561,0.25600106506446602,0.29757867591290826,0,0.44642025902262561,0.44642025902262561,0.80649448582961758,0.46054014329279763,114.44526922774503,36,磐田,Ｇ大阪,closing,35,36,0,0,0,0,RETURNING,ESTABLISHED,1,1,0,0,1,0
2024,30785,2024-11-09,team_0002,team_0004,2,2.0470890931794656,0.34659853651477057,0.2545373510706459,0.39886411241458353,2,0.39886411241458353,0.39886411241458353,0.91913449048905438,0.54628416394734847,2.0470890931794656,36,Ｃ大阪,福岡,closing,36,36,0,0,0,0,ESTABLISHED,ESTABLISHED,0,0,1,1,0,0
2024,30788,2024-11-09,team_0013,team_0010,1,-18.801136558819508,0.36413385674534571,0.25583504826687986,0.38003109498777449,2,0.38003109498777449,0.25583504826687986,1.3632223848880527,0.83079857417380387,18.801136558819508,36,京都,川崎Ｆ,closing,35,35,0,0,0,0,ESTABLISHED,ESTABLISHED,0,0,1,1,0,1
2024,30789,2024-11-09,team_0029,team_0033,0,-127.89034450153122,0.45804561601995697,0.2552747319715013,0.2866796520085419,0,0.45804561601995697,0.45804561601995697,0.78078650153068385,0.44106496597404843,127.89034450153122,36,鳥栖,横浜FM,closing,36,35,0,0,0,0,ESTABLISHED,ESTABLISHED,0,0,1,0,1,0
2024,30786,2024-11-10,team_0030,team_0006,2,-126.17011312033901,0.45655948179283645,0.25537761548267823,0.28806290272448537,0,0.45655948179283645,0.28806290272448537,1.2445764104568751,0.78051871738164746,126.17011312033901,36,浦和,広島,closing,35,36,0,0,0,0,ESTABLISHED,ESTABLISHED,0,0,1,0,1,0
2024,30787,2024-11-10,team_0028,team_0011,1,-110.67139506812987,0.44315399815828849,0.25617263770052423,0.30067336414118734,0,0.44315399815828849,0.25617263770052423,1.3619036957674893,0.84006908289305093,110.67139506812987,36,東京Ｖ,神戸,closing,36,36,0,0,0,0,FIRST_TIME_IN_SCOPE,ESTABLISHED,1,0,0,0,1,0
2024,30712,2024-11-16,team_0007,team_0033,0,-124.01705211778221,0.45469881878929186,0.25550228982331019,0.28979889138739801,0,0.45469881878929186,0.45469881878929186,0.78812001593485903,0.44661819578411327,124.01705211778221,29,磐田,横浜FM,middle,36,36,0,0,0,0,RETURNING,ESTABLISHED,1,1,0,0,1,0
2024,30714,2024-11-17,team_0013,team_0008,1,-62.730016987147792,0.40169453557059964,0.25708963650591088,0.34121582792348953,0,0.40169453557059964,0.25708963650591088,1.3583304747179432,0.82970254931971188,62.730016987147792,29,京都,鹿島,middle,36,36,0,0,0,0,ESTABLISHED,ESTABLISHED,0,0,1,0,1,0
2024,30700,2024-11-22,team_0030,team_0010,1,-9.8797855759244158,0.35660192685829623,0.25533465107255127,0.38806342206915245,2,0.38806342206915245,0.25533465107255127,1.3651802370644168,0.83228463568030975,9.8797855759244158,28,浦和,川崎Ｆ,middle,36,36,0,0,0,0,ESTABLISHED,ESTABLISHED,0,0,1,1,0,1
2024,30790,2024-11-30,team_0014,team_0013,2,51.283183751256956,0.30629268937692899,0.24972726831421763,0.44398004230885341,2,0.44398004230885341,0.44398004230885341,0.81197566731501747,0.46533711345629769,51.283183751256956,37,町田,京都,closing,37,37,0,0,0,0,FIRST_TIME_IN_SCOPE,ESTABLISHED,1,0,0,1,0,0
2024,30791,2024-11-30,team_0019,team_0005,0,-94.467296443110399,0.42912395408177001,0.25674613888836639,0.31412990702986365,0,0.42912395408177001,0.42912395408177001,0.84600946453490633,0.4904956381279082,94.467296443110399,37,新潟,Ｇ大阪,closing,37,37,0,0,0,0,ESTABLISHED,ESTABLISHED,0,0,1,0,1,0
2024,30792,2024-11-30,team_0007,team_0003,2,-130.72809200381016,0.46049617776782553,0.25509868151099591,0.28440514072117867,0,0.46049617776782553,0.28440514072117867,1.2573555055441967,0.78920806967370138,130.72809200381016,37,磐田,FC東京,closing,37,37,0,0,0,0,RETURNING,ESTABLISHED,1,1,0,0,1,0
2024,30793,2024-11-30,team_0018,team_0029,0,130.39343543280597,0.24602061001136361,0.23727649329528441,0.51670289669335201,2,0.51670289669335201,0.24602061001136361,1.4023399660251687,0.89176693824944431,130.39343543280597,37,名古屋,鳥栖,closing,37,37,0,0,0,0,ESTABLISHED,ESTABLISHED,0,0,1,1,0,0
2024,30794,2024-11-30,team_0002,team_0008,0,-48.166227518335518,0.38917056501231478,0.25689701975022555,0.35393241523745955,0,0.38917056501231478,0.38917056501231478,0.94373756099510087,0.56437683195974409,48.166227518335518,37,Ｃ大阪,鹿島,closing,37,37,0,0,0,0,ESTABLISHED,ESTABLISHED,0,0,1,0,1,1
2024,30795,2024-11-30,team_0004,team_0030,2,-13.640921006097642,0.35977243325638247,0.25555566376123034,0.38467190298238713,2,0.38467190298238713,0.38467190298238713,0.95536450806899342,0.57337356799097805,13.640921006097642,37,福岡,浦和,closing,37,37,0,0,0,0,ESTABLISHED,ESTABLISHED,0,0,1,1,0,1
2024,30796,2024-11-30,team_0009,team_0011,1,-246.04595659683105,0.55761039752519359,0.24180719738154652,0.20058240509325997,0,0.55761039752519359,0.24180719738154652,1.4196145753985061,0.92601898260362614,246.04595659683105,37,柏,神戸,closing,37,37,0,0,0,0,ESTABLISHED,ESTABLISHED,0,0,1,0,1,0
2024,30797,2024-11-30,team_0028,team_0010,0,19.606070082402312,0.33202701619639696,0.25309919191044183,0.41487379189316115,2,0.41487379189316115,0.33202701619639696,1.1025389392908067,0.68236737123701718,19.606070082402312,37,東京Ｖ,川崎Ｆ,closing,37,37,0,0,0,0,FIRST_TIME_IN_SCOPE,ESTABLISHED,1,0,0,1,0,0
2024,30798,2024-11-30,team_0026,team_0033,0,-42.58780347227912,0.38438964071795712,0.25676455235374468,0.35884580692829821,0,0.38438964071795712,0.38438964071795712,0.9560985514740139,0.57367446295080637,42.58780347227912,37,湘南,横浜FM,closing,37,37,0,0,0,0,ESTABLISHED,ESTABLISHED,0,0,1,0,1,1
2024,30799,2024-12-01,team_0006,team_0023,2,180.44078210810244,0.21150080559891751,0.22685476738695523,0.56164442701412731,2,0.56164442701412731,0.56164442701412731,0.57688632146826468,0.28835128462295345,180.44078210810244,37,広島,札幌,closing,37,37,0,0,0,0,ESTABLISHED,ESTABLISHED,0,0,1,1,0,0
2024,30800,2024-12-08,team_0023,team_0009,2,7.2196010174175171,0.34228581025282756,0.25414623357012706,0.40356795617704538,2,0.40356795617704538,0.40356795617704538,0.90741038865699841,0.53748106683714325,7.2196010174175171,38,札幌,柏,closing,38,38,0,0,0,0,ESTABLISHED,ESTABLISHED,0,0,1,1,0,0
2024,30801,2024-12-08,team_0008,team_0014,2,34.650134704942275,0.31970952082222781,0.25162062716089706,0.42866985201687524,2,0.42866985201687524,0.42866985201687524,0.8470682320477666,0.49194525571164088,34.650134704942275,38,鹿島,町田,closing,38,38,0,0,0,0,ESTABLISHED,FIRST_TIME_IN_SCOPE,1,0,0,1,0,0
2024,30802,2024-12-08,team_0030,team_0019,1,77.25680676255547,0.285816513132923,0.24624589918670317,0.46793758768037375,2,0.46793758768037375,0.24624589918670317,1.4014246521175235,0.86880190963645143,77.25680676255547,38,浦和,新潟,closing,38,38,0,0,0,0,ESTABLISHED,ESTABLISHED,0,0,1,1,0,0
2024,30803,2024-12-08,team_0003,team_0002,2,-6.1188914648741957,0.35343905217361593,0.25509904090073948,0.39146190692564464,2,0.39146190692564464,0.39146190692564464,0.93786706860290048,0.56031329499243387,6.1188914648741957,38,FC東京,Ｃ大阪,closing,38,38,0,0,0,0,ESTABLISHED,ESTABLISHED,0,0,1,1,0,1
2024,30804,2024-12-08,team_0010,team_0004,2,50.920065386169654,0.30658317982948047,0.24977145243416984,0.44364536773634966,2,0.44364536773634966,0.44364536773634966,0.81272975701226069,0.46590950144665189,50.920065386169654,38,川崎Ｆ,福岡,closing,38,38,0,0,0,0,ESTABLISHED,ESTABLISHED,0,0,1,1,0,0
2024,30805,2024-12-08,team_0033,team_0018,0,94.769204529912258,0.27237198240173016,0.2435531237885418,0.48407489380972796,2,0.48407489380972796,0.27237198240173016,1.3005865646158778,0.82308915891804435,94.769204529912258,38,横浜FM,名古屋,closing,38,38,0,0,0,0,ESTABLISHED,ESTABLISHED,0,0,1,1,0,0
2024,30806,2024-12-08,team_0013,team_0028,1,-46.16625782667893,0.38745536805720804,0.25685326781878531,0.35569136412400659,0,0.38745536805720804,0.25685326781878531,1.3592502994759157,0.8289050743003612,46.16625782667893,38,京都,東京Ｖ,closing,38,38,0,0,0,0,ESTABLISHED,FIRST_TIME_IN_SCOPE,1,0,0,0,1,1
2024,30807,2024-12-08,team_0005,team_0006,2,-64.881241207668836,0.40354885409124169,0.25709933239635335,0.33935181351240484,0,0.40354885409124169,0.33935181351240484,1.0807179117700179,0.66540777066635326,64.881241207668836,38,Ｇ大阪,広島,closing,38,38,0,0,0,0,ESTABLISHED,ESTABLISHED,0,0,1,0,1,0
2024,30808,2024-12-08,team_0011,team_0026,2,200.22738082036517,0.19871982738261734,0.22229202934822792,0.57898814326915482,2,0.57898814326915482,0.57898814326915482,0.5464732795650098,0.2661542996146844,200.22738082036517,38,神戸,湘南,closing,38,38,0,0,0,0,ESTABLISHED,ESTABLISHED,0,0,1,1,0,0
2024,30809,2024-12-08,team_0029,team_0007,2,-8.2410623007697268,0.35522284613701416,0.25523378336517427,0.38954337049781151,2,0.38954337049781151,0.38954337049781151,0.94278007071021341,0.56398485109175378,8.2410623007697268,38,鳥栖,磐田,closing,38,38,0,0,0,0,ESTABLISHED,RETURNING,1,1,0,1,0,1
